school,sex,age,address,famsize,Pstatus,Medu,Fedu,Mjob,Fjob,reason,guardian,traveltime,studytime,failures,schoolsup,famsup,paid,activities,nursery,higher,internet,romantic,famrel,freetime,goout,Dalc,Walc,health,absences,G1,G2,grade_trend,avg_grade,study_efficiency,social_risk,support_score,parent_edu
-0.5935752742640285,-0.8754984077249564,-0.5858197112353846,0.612775710310261,-0.6439209162167846,0.36206941027214823,1.2420774405755364,-0.35285346012580227,1.5851095863924067,0.8733910799271684,-0.13899803247281048,0.30985805319435167,0.6522102445907456,0.03560568590174467,-0.403105743590996,-0.35867624489035876,0.7945124291035353,1.9353176859251158,1.0115610777177464,0.5002993116101648,0.30527646040513345,0.5122442736515016,-0.7424708758502816,1.1406528759263421,-0.19509888245848667,-0.13552709632247995,-0.5423735976260254,-0.9999949952580068,-1.7858610174536578,-0.7144894637714961,-0.07163113904095586,-0.37952476817198505,-0.6108712617933298,-0.24165676628942578,1.1172323834000635,-0.7317326859582729,1.3664154678038525,0.5005533681682226
-0.5935752742640285,-0.8754984077249564,0.22103487785398448,0.612775710310261,-0.6439209162167846,0.36206941027214823,-0.5367001286437503,-1.262431268450093,0.7813920496300597,-0.2852115724793929,-0.972986227309673,0.30985805319435167,0.6522102445907456,0.03560568590174467,-0.403105743590996,-0.35867624489035876,0.7945124291035353,-0.5167110326499096,1.0115610777177464,0.5002993116101648,0.30527646040513345,0.5122442736515016,1.3468541764076536,0.06878824724308273,-0.19509888245848667,0.7325114838043248,0.5549869371057006,-0.22147540163432355,-1.7858610174536578,0.8965839707370178,0.2637182293839663,1.1432417882136896,1.755546538994189,0.7516096274356154,-0.8096765179088081,0.4028152211809899,0.08008747106154226,-0.9882720345885417
-0.5935752742640285,1.142206531932559,-1.3926743003247537,0.612775710310261,-0.6439209162167846,0.36206941027214823,1.2420774405755364,1.466302156522779,1.5851095863924067,-1.443814224885954,1.5289783572009146,0.30985805319435167,-0.7150738826235884,0.03560568590174467,-0.403105743590996,-0.35867624489035876,0.7945124291035353,-0.5167110326499096,1.0115610777177464,0.5002993116101648,0.30527646040513345,-1.9521936143308383,-0.7424708758502816,-1.0030763814401766,-1.1650190409663912,-1.0035656764492848,-0.5423735976260254,-0.9999949952580068,1.0230864811853158,0.574369283835315,1.2697663346587327,1.1432417882136896,-0.019266811596450106,1.248242824298136,-0.7668563201019444,-1.1099153216713604,0.08008747106154226,1.4931036366727322
1.6847062931317278,1.142206531932559,1.0278894669433536,0.612775710310261,1.5529857391110689,0.36206941027214823,1.2420774405755364,1.466302156522779,1.5851095863924067,0.8733910799271684,0.6949901623640521,0.30985805319435167,0.6522102445907456,1.2347133014314717,-0.403105743590996,-0.35867624489035876,-1.2586335510551052,-0.5167110326499096,-0.9885710532241613,0.5002993116101648,0.30527646040513345,0.5122442736515016,1.3468541764076536,0.06878824724308273,-1.1650190409663912,-1.0035656764492848,0.5549869371057006,-0.22147540163432355,1.0230864811853158,-0.7144894637714961,1.2697663346587327,1.4477950994908246,0.5723376386004296,1.4137872232523094,2.177032279119943,-0.3535500502451853,-1.206240525680768,1.4931036366727322
1.6847062931317278,1.142206531932559,0.22103487785398448,0.612775710310261,-0.6439209162167846,0.36206941027214823,0.35268865596589305,-0.35285346012580227,-0.02232548713228734,-0.2852115724793929,0.6949901623640521,-1.593034932305078,0.6522102445907456,0.03560568590174467,-0.403105743590996,-0.35867624489035876,0.7945124291035353,1.9353176859251158,-0.9885710532241613,0.5002993116101648,0.30527646040513345,0.5122442736515016,-0.7424708758502816,0.06878824724308273,-2.1349391994742954,-1.0035656764492848,0.5549869371057006,-0.22147540163432355,-1.7858610174536578,-0.7144894637714961,0.5990675978088884,0.8386884769365547,0.5723376386004296,0.7516096274356154,1.1172323834000635,-0.3535500502451853,1.3664154678038525,0.004278233915967804
-0.5935752742640285,-0.8754984077249564,1.0278894669433536,0.612775710310261,-0.6439209162167846,0.36206941027214823,-0.5367001286437503,0.5567243481984884,-0.02232548713228734,0.8733910799271684,1.5289783572009146,-1.593034932305078,-0.7150738826235884,2.4338209169611993,-0.403105743590996,-0.35867624489035876,0.7945124291035353,-0.5167110326499096,1.0115610777177464,0.5002993116101648,0.30527646040513345,0.5122442736515016,1.3468541764076536,0.06878824724308273,1.7447414345573222,1.6005500639311296,-0.5423735976260254,0.5570441919893597,-1.0836241427939144,0.8965839707370178,1.6051157030836547,1.4477950994908246,-0.019266811596450106,1.579331622206483,-0.616985627777921,0.7809978568940775,0.08008747106154226,0.004278233915967804
-0.5935752742640285,1.142206531932559,0.22103487785398448,-1.6319184706157481,-0.6439209162167846,0.36206941027214823,0.35268865596589305,1.466302156522779,-1.6297605606569814,-0.2852115724793929,-0.972986227309673,0.30985805319435167,2.0194943718050795,0.03560568590174467,-0.403105743590996,-0.35867624489035876,-1.2586335510551052,-0.5167110326499096,-0.9885710532241613,0.5002993116101648,0.30527646040513345,-1.9521936143308383,-0.7424708758502816,1.1406528759263421,0.7748212760494178,1.6005500639311296,0.5549869371057006,1.335563785613043,1.0230864811853158,-0.39227477686979334,-0.406980507465878,-0.68407807944912,-0.6108712617933298,-0.5727455641977729,-0.29583414422644244,1.5373631283202527,-1.206240525680768,0.9968285024204774
-0.5935752742640285,1.142206531932559,-0.5858197112353846,0.612775710310261,-0.6439209162167846,0.36206941027214823,0.35268865596589305,0.5567243481984884,0.7813920496300597,-0.2852115724793929,-0.13899803247281048,0.30985805319435167,-0.7150738826235884,0.03560568590174467,-0.403105743590996,-0.35867624489035876,-1.2586335510551052,1.9353176859251158,1.0115610777177464,0.5002993116101648,0.30527646040513345,0.5122442736515016,1.3468541764076536,0.06878824724308273,-1.1650190409663912,-0.13552709632247995,-0.5423735976260254,-0.22147540163432355,-0.381387268134171,-0.39227477686979334,0.2637182293839663,0.5341351656594198,0.5723376386004296,0.4205208295272683,-0.29583414422644244,-0.3535500502451853,0.08008747106154226,0.5005533681682226
1.6847062931317278,-0.8754984077249564,-0.5858197112353846,-1.6319184706157481,1.5529857391110689,0.36206941027214823,-1.4260889132533936,-0.35285346012580227,-0.02232548713228734,-0.2852115724793929,1.5289783572009146,0.30985805319435167,0.6522102445907456,-1.1635019296279825,-0.403105743590996,-0.35867624489035876,-1.2586335510551052,-0.5167110326499096,1.0115610777177464,0.5002993116101648,0.30527646040513345,0.5122442736515016,-0.7424708758502816,1.1406528759263421,0.7748212760494178,1.6005500639311296,-0.5423735976260254,1.335563785613043,-1.0836241427939144,-0.7144894637714961,0.9344169662338104,0.8386884769365547,-0.019266811596450106,0.9171540263897889,0.05743248768018408,1.1591804926071652,-1.206240525680768,-0.9882720345885417
-0.5935752742640285,1.142206531932559,-1.3926743003247537,0.612775710310261,-0.6439209162167846,0.36206941027214823,0.35268865596589305,1.466302156522779,-0.02232548713228734,-0.2852115724793929,1.5289783572009146,-1.593034932305078,-0.7150738826235884,-1.1635019296279825,-0.403105743590996,-0.35867624489035876,-1.2586335510551052,-0.5167110326499096,-0.9885710532241613,0.5002993116101648,0.30527646040513345,0.5122442736515016,-0.7424708758502816,-1.0030763814401766,0.7748212760494178,-0.13552709632247995,-0.5423735976260254,-0.22147540163432355,0.3208496065255724,0.25215459693361225,0.9344169662338104,0.5341351656594198,-0.6108712617933298,0.7516096274356154,-0.8509674229368555,-0.3535500502451853,-1.206240525680768,0.9968285024204774
-0.5935752742640285,-0.8754984077249564,-1.3926743003247537,0.612775710310261,-0.6439209162167846,0.36206941027214823,1.2420774405755364,0.5567243481984884,0.7813920496300597,-0.2852115724793929,1.5289783572009146,0.30985805319435167,-0.7150738826235884,-1.1635019296279825,-0.403105743590996,-0.35867624489035876,-1.2586335510551052,1.9353176859251158,1.0115610777177464,0.5002993116101648,0.30527646040513345,0.5122442736515016,-0.7424708758502816,0.06878824724308273,1.7447414345573222,1.6005500639311296,-0.5423735976260254,0.5570441919893597,-1.7858610174536578,-0.07006008996809053,1.6051157030836547,1.7523484107679594,0.5723376386004296,1.7448760211606567,-0.7904074288957195,0.7809978568940775,0.08008747106154226,0.9968285024204774
-0.5935752742640285,-0.8754984077249564,-0.5858197112353846,0.612775710310261,1.5529857391110689,-2.7619013692660572,0.35268865596589305,0.5567243481984884,-0.02232548713228734,0.8733910799271684,-0.13899803247281048,0.30985805319435167,-0.7150738826235884,0.03560568590174467,-0.403105743590996,-0.35867624489035876,0.7945124291035353,-0.5167110326499096,-0.9885710532241613,0.5002993116101648,0.30527646040513345,0.5122442736515016,-0.7424708758502816,-2.0749410101234362,-0.19509888245848667,1.6005500639311296,-0.5423735976260254,1.335563785613043,-0.381387268134171,0.25215459693361225,0.5990675978088884,0.22958185438228482,-0.6108712617933298,0.4205208295272683,-0.6995674378340155,1.1591804926071652,0.08008747106154226,0.5005533681682226
1.6847062931317278,-0.8754984077249564,0.22103487785398448,0.612775710310261,-0.6439209162167846,0.36206941027214823,-2.3154776978630367,-1.262431268450093,-0.02232548713228734,-2.6024168772925154,-0.972986227309673,-1.593034932305078,0.6522102445907456,-1.1635019296279825,-0.403105743590996,-0.35867624489035876,-1.2586335510551052,-0.5167110326499096,1.0115610777177464,-1.9988034698300843,0.30527646040513345,-1.9521936143308383,-0.7424708758502816,-2.0749410101234362,0.7748212760494178,0.7325114838043248,1.6523474718374265,2.1140833792367264,1.0230864811853158,0.09104725348276087,-0.7423298758908001,-0.68407807944912,-0.019266811596450106,-0.7382899631519464,-0.8257340920863822,1.9155457640333402,-1.206240525680768,-1.9808223030930514
-0.5935752742640285,-0.8754984077249564,-0.5858197112353846,0.612775710310261,-0.6439209162167846,-2.7619013692660572,-0.5367001286437503,-0.35285346012580227,-0.02232548713228734,-0.2852115724793929,-0.13899803247281048,0.30985805319435167,-0.7150738826235884,-1.1635019296279825,1.121685547383641,-0.35867624489035876,-1.2586335510551052,-0.5167110326499096,-0.9885710532241613,0.5002993116101648,0.30527646040513345,-1.9521936143308383,-0.7424708758502816,1.1406528759263421,-0.19509888245848667,0.7325114838043248,-0.5423735976260254,-0.9999949952580068,1.0230864811853158,1.2187986576387206,0.5990675978088884,-0.07497145689485012,-1.2024757119902096,0.2549764305730948,-0.9208443391381662,-0.3535500502451853,-1.206240525680768,-0.49199690033628696
-0.5935752742640285,1.142206531932559,-1.3926743003247537,0.612775710310261,-0.6439209162167846,0.36206941027214823,-0.5367001286437503,-0.35285346012580227,-0.02232548713228734,-0.2852115724793929,-0.13899803247281048,0.30985805319435167,-0.7150738826235884,-1.1635019296279825,-0.403105743590996,-0.35867624489035876,0.7945124291035353,1.9353176859251158,-0.9885710532241613,0.5002993116101648,0.30527646040513345,0.5122442736515016,-0.7424708758502816,0.06878824724308273,-1.1650190409663912,-1.0035656764492848,-0.5423735976260254,-0.22147540163432355,1.0230864811853158,-0.39227477686979334,0.2637182293839663,0.22958185438228482,-0.019266811596450106,0.2549764305730948,-0.6491007761330689,-0.7317326859582729,1.3664154678038525,-0.49199690033628696
1.6847062931317278,-0.8754984077249564,1.0278894669433536,-1.6319184706157481,-0.6439209162167846,0.36206941027214823,-1.4260889132533936,-1.262431268450093,-1.6297605606569814,-2.6024168772925154,-0.972986227309673,0.30985805319435167,0.6522102445907456,-1.1635019296279825,1.121685547383641,-0.35867624489035876,-1.2586335510551052,-0.5167110326499096,-0.9885710532241613,-1.9988034698300843,-3.2757193223247443,0.5122442736515016,1.3468541764076536,-1.0030763814401766,-1.1650190409663912,-0.13552709632247995,-0.5423735976260254,-0.9999949952580068,-1.0836241427939144,-0.07006008996809053,-0.7423298758908001,-0.07497145689485012,1.1639420887973093,-0.4072011652435993,-0.7904074288957195,-0.7317326859582729,-1.206240525680768,-1.4845471688407965
-0.5935752742640285,1.142206531932559,0.22103487785398448,-1.6319184706157481,-0.6439209162167846,0.36206941027214823,-0.5367001286437503,-0.35285346012580227,-0.02232548713228734,-0.2852115724793929,-0.972986227309673,-1.593034932305078,0.6522102445907456,0.03560568590174467,-0.403105743590996,-0.35867624489035876,0.7945124291035353,1.9353176859251158,1.0115610777177464,0.5002993116101648,0.30527646040513345,0.5122442736515016,-0.7424708758502816,0.06878824724308273,1.7447414345573222,-1.0035656764492848,-0.5423735976260254,-0.9999949952580068,-1.7858610174536578,-0.07006008996809053,-0.07163113904095586,-0.07497145689485012,-0.019266811596450106,-0.07611236733525226,-0.5784474497517436,-1.1099153216713604,1.3664154678038525,-0.49199690033628696
-0.5935752742640285,-0.8754984077249564,-1.3926743003247537,0.612775710310261,-0.6439209162167846,0.36206941027214823,-1.4260889132533936,-1.262431268450093,-1.6297605606569814,-0.2852115724793929,-0.972986227309673,0.30985805319435167,2.0194943718050795,-1.1635019296279825,-0.403105743590996,-0.35867624489035876,0.7945124291035353,-0.5167110326499096,1.0115610777177464,-1.9988034698300843,0.30527646040513345,0.5122442736515016,1.3468541764076536,0.06878824724308273,-0.19509888245848667,-0.13552709632247995,-0.5423735976260254,-0.22147540163432355,0.3208496065255724,-0.7144894637714961,-1.0776792443157222,-3.4250578809433345,-4.752102413171489,-2.393733952693682,0.05743248768018408,-0.3535500502451853,0.08008747106154226,-1.4845471688407965
-0.5935752742640285,-0.8754984077249564,-1.3926743003247537,0.612775710310261,-0.6439209162167846,0.36206941027214823,1.2420774405755364,0.5567243481984884,0.7813920496300597,-0.2852115724793929,1.5289783572009146,0.30985805319435167,-0.7150738826235884,-1.1635019296279825,-0.403105743590996,-0.35867624489035876,-1.2586335510551052,-0.5167110326499096,1.0115610777177464,0.5002993116101648,0.30527646040513345,0.5122442736515016,-0.7424708758502816,0.06878824724308273,1.7447414345573222,1.6005500639311296,-0.5423735976260254,0.5570441919893597,-1.7858610174536578,0.25215459693361225,0.9344169662338104,0.5341351656594198,-0.6108712617933298,0.7516096274356154,-0.8509674229368555,0.7809978568940775,-1.206240525680768,0.9968285024204774
1.6847062931317278,-0.8754984077249564,-0.5858197112353846,0.612775710310261,-0.6439209162167846,0.36206941027214823,-1.4260889132533936,0.5567243481984884,-1.6297605606569814,-0.2852115724793929,0.6949901623640521,-1.593034932305078,0.6522102445907456,-1.1635019296279825,-0.403105743590996,-0.35867624489035876,0.7945124291035353,-0.5167110326499096,-0.9885710532241613,0.5002993116101648,-3.2757193223247443,0.5122442736515016,1.3468541764076536,0.06878824724308273,-0.19509888245848667,-0.13552709632247995,-0.5423735976260254,0.5570441919893597,1.0230864811853158,1.0576913141878692,-0.406980507465878,-0.07497145689485012,0.5723376386004296,-0.24165676628942578,-0.9140507500630386,0.0246325854679023,0.08008747106154226,-0.49199690033628696
-0.5935752742640285,1.142206531932559,1.0278894669433536,0.612775710310261,-0.6439209162167846,0.36206941027214823,1.2420774405755364,-0.35285346012580227,1.5851095863924067,-0.2852115724793929,-0.13899803247281048,0.30985805319435167,-0.7150738826235884,0.03560568590174467,-0.403105743590996,-0.35867624489035876,0.7945124291035353,-0.5167110326499096,1.0115610777177464,0.5002993116101648,0.30527646040513345,0.5122442736515016,1.3468541764076536,0.06878824724308273,-0.19509888245848667,-1.0035656764492848,-0.5423735976260254,1.335563785613043,1.0230864811853158,-0.39227477686979334,1.2697663346587327,1.4477950994908246,0.5723376386004296,1.4137872232523094,-0.29583414422644244,0.0246325854679023,0.08008747106154226,0.5005533681682226
-0.5935752742640285,-0.8754984077249564,1.8347440560327226,0.612775710310261,1.5529857391110689,0.36206941027214823,0.35268865596589305,-0.35285346012580227,0.7813920496300597,-0.2852115724793929,1.5289783572009146,2.2127510386937814,0.6522102445907456,0.03560568590174467,1.121685547383641,-0.35867624489035876,0.7945124291035353,1.9353176859251158,-0.9885710532241613,-1.9988034698300843,0.30527646040513345,0.5122442736515016,1.3468541764076536,0.06878824724308273,-1.1650190409663912,-1.0035656764492848,-0.5423735976260254,-0.22147540163432355,-1.7858610174536578,2.8298720921472347,0.5990675978088884,-0.37952476817198505,-1.7940801621870894,0.08943203161892128,-0.9102108953684015,-0.7317326859582729,1.3664154678038525,0.004278233915967804
-0.5935752742640285,1.142206531932559,1.0278894669433536,0.612775710310261,-0.6439209162167846,0.36206941027214823,-0.5367001286437503,-0.35285346012580227,-0.02232548713228734,-0.2852115724793929,-0.13899803247281048,0.30985805319435167,0.6522102445907456,0.03560568590174467,4.171268129332915,-0.35867624489035876,0.7945124291035353,1.9353176859251158,-0.9885710532241613,0.5002993116101648,0.30527646040513345,0.5122442736515016,-0.7424708758502816,-1.0030763814401766,-0.19509888245848667,-0.13552709632247995,3.847068541300878,2.1140833792367264,0.3208496065255724,0.7354766272861665,-0.406980507465878,-0.68407807944912,-0.6108712617933298,-0.5727455641977729,-0.7904074288957195,2.2937283997464277,1.3664154678038525,-0.49199690033628696
1.6847062931317278,1.142206531932559,-0.5858197112353846,0.612775710310261,-0.6439209162167846,0.36206941027214823,-1.4260889132533936,-1.262431268450093,-1.6297605606569814,0.8733910799271684,-0.13899803247281048,0.30985805319435167,0.6522102445907456,0.03560568590174467,-0.403105743590996,-0.35867624489035876,0.7945124291035353,-0.5167110326499096,1.0115610777177464,0.5002993116101648,0.30527646040513345,-1.9521936143308383,1.3468541764076536,1.1406528759263421,0.7748212760494178,1.6005500639311296,2.7497080065691524,2.1140833792367264,-0.381387268134171,-0.7144894637714961,-1.4130286127406444,-3.4250578809433345,-4.160497962974608,-2.559278351647855,1.1172323834000635,2.6719110354595155,0.08008747106154226,-1.4845471688407965
-0.5935752742640285,-0.8754984077249564,1.0278894669433536,0.612775710310261,-0.6439209162167846,0.36206941027214823,1.2420774405755364,0.5567243481984884,-0.02232548713228734,-0.2852115724793929,-0.972986227309673,0.30985805319435167,-0.7150738826235884,1.2347133014314717,-0.403105743590996,-0.35867624489035876,0.7945124291035353,1.9353176859251158,1.0115610777177464,0.5002993116101648,0.30527646040513345,0.5122442736515016,1.3468541764076536,0.06878824724308273,-0.19509888245848667,0.7325114838043248,-0.5423735976260254,-0.9999949952580068,1.0230864811853158,0.7354766272861665,-0.7423298758908001,-0.37952476817198505,0.5723376386004296,-0.5727455641977729,-0.6844274393237314,-0.3535500502451853,1.3664154678038525,0.9968285024204774
-0.5935752742640285,1.142206531932559,-1.3926743003247537,0.612775710310261,1.5529857391110689,-2.7619013692660572,1.2420774405755364,-0.35285346012580227,-0.8260430238946344,-1.443814224885954,0.6949901623640521,-1.593034932305078,0.6522102445907456,-1.1635019296279825,-0.403105743590996,-0.35867624489035876,-1.2586335510551052,-0.5167110326499096,-0.9885710532241613,0.5002993116101648,0.30527646040513345,-1.9521936143308383,-0.7424708758502816,1.1406528759263421,1.7447414345573222,1.6005500639311296,1.6523474718374265,1.335563785613043,1.0230864811853158,-0.07006008996809053,-0.406980507465878,-0.68407807944912,-0.6108712617933298,-0.5727455641977729,-0.7904074288957195,1.9155457640333402,-1.206240525680768,0.5005533681682226
-0.5935752742640285,-0.8754984077249564,0.22103487785398448,0.612775710310261,-0.6439209162167846,0.36206941027214823,-1.4260889132533936,-1.262431268450093,-1.6297605606569814,-0.2852115724793929,-0.972986227309673,-1.593034932305078,-0.7150738826235884,0.03560568590174467,-0.403105743590996,-0.35867624489035876,0.7945124291035353,-0.5167110326499096,-0.9885710532241613,-1.9988034698300843,0.30527646040513345,0.5122442736515016,-0.7424708758502816,1.1406528759263421,-0.19509888245848667,-0.13552709632247995,-0.5423735976260254,-0.9999949952580068,-0.381387268134171,-0.39227477686979334,-0.7423298758908001,-0.07497145689485012,1.1639420887973093,-0.4072011652435993,-0.29583414422644244,-0.7317326859582729,0.08008747106154226,-1.4845471688407965
1.6847062931317278,-0.8754984077249564,-0.5858197112353846,-1.6319184706157481,-0.6439209162167846,0.36206941027214823,-1.4260889132533936,-1.262431268450093,-0.02232548713228734,-0.2852115724793929,-0.13899803247281048,-1.593034932305078,3.3867784990194134,2.4338209169611993,-0.403105743590996,-0.35867624489035876,0.7945124291035353,-0.5167110326499096,-0.9885710532241613,-1.9988034698300843,0.30527646040513345,0.5122442736515016,-0.7424708758502816,0.06878824724308273,-0.19509888245848667,-1.0035656764492848,-0.5423735976260254,-0.9999949952580068,-1.7858610174536578,-0.7144894637714961,0.5990675978088884,-0.37952476817198505,-1.7940801621870894,0.08943203161892128,3.236832174839822,-1.1099153216713604,0.08008747106154226,-1.4845471688407965
-0.5935752742640285,-0.8754984077249564,-1.3926743003247537,-1.6319184706157481,-0.6439209162167846,0.36206941027214823,-0.5367001286437503,-0.35285346012580227,-1.6297605606569814,-0.2852115724793929,1.5289783572009146,0.30985805319435167,-0.7150738826235884,-1.1635019296279825,-0.403105743590996,2.788029634651948,0.7945124291035353,-0.5167110326499096,1.0115610777177464,0.5002993116101648,0.30527646040513345,-1.9521936143308383,-0.7424708758502816,0.06878824724308273,-0.19509888245848667,-1.8716042565760895,-0.5423735976260254,-0.9999949952580068,-1.0836241427939144,0.574369283835315,0.9344169662338104,0.5341351656594198,-0.6108712617933298,0.7516096274356154,-0.8846118640708197,-1.4880979573844482,1.3664154678038525,-0.49199690033628696
-0.5935752742640285,1.142206531932559,1.0278894669433536,0.612775710310261,1.5529857391110689,0.36206941027214823,0.35268865596589305,1.466302156522779,0.7813920496300597,-0.2852115724793929,-0.13899803247281048,0.30985805319435167,-0.7150738826235884,0.03560568590174467,-0.403105743590996,-0.35867624489035876,-1.2586335510551052,-0.5167110326499096,1.0115610777177464,0.5002993116101648,0.30527646040513345,0.5122442736515016,1.3468541764076536,0.06878824724308273,-0.19509888245848667,-0.13552709632247995,-0.5423735976260254,0.5570441919893597,1.0230864811853158,0.25215459693361225,1.6051157030836547,1.4477950994908246,-0.019266811596450106,1.579331622206483,-0.6995674378340155,0.0246325854679023,-1.206240525680768,0.9968285024204774
-0.5935752742640285,-0.8754984077249564,-0.5858197112353846,0.612775710310261,1.5529857391110689,0.36206941027214823,1.2420774405755364,1.466302156522779,-0.8260430238946344,-1.443814224885954,0.6949901623640521,0.30985805319435167,-0.7150738826235884,1.2347133014314717,-0.403105743590996,-0.35867624489035876,0.7945124291035353,1.9353176859251158,1.0115610777177464,0.5002993116101648,0.30527646040513345,0.5122442736515016,1.3468541764076536,1.1406528759263421,0.7748212760494178,1.6005500639311296,-0.5423735976260254,-0.9999949952580068,0.3208496065255724,-0.07006008996809053,0.9344169662338104,1.1432417882136896,0.5723376386004296,1.0826984253439624,-0.3664874706077677,0.0246325854679023,1.3664154678038525,1.4931036366727322
-0.5935752742640285,-0.8754984077249564,0.22103487785398448,-1.6319184706157481,-0.6439209162167846,-2.7619013692660572,0.35268865596589305,-0.35285346012580227,-0.02232548713228734,-0.2852115724793929,-0.13899803247281048,0.30985805319435167,-0.7150738826235884,0.03560568590174467,-0.403105743590996,-0.35867624489035876,0.7945124291035353,-0.5167110326499096,-0.9885710532241613,0.5002993116101648,0.30527646040513345,0.5122442736515016,-0.7424708758502816,0.06878824724308273,-0.19509888245848667,-0.13552709632247995,0.5549869371057006,0.5570441919893597,-1.0836241427939144,-0.7144894637714961,0.9344169662338104,0.8386884769365547,-0.019266811596450106,0.9171540263897889,1.1172323834000635,0.4028152211809899,0.08008747106154226,0.004278233915967804
-0.5935752742640285,1.142206531932559,1.0278894669433536,0.612775710310261,1.5529857391110689,0.36206941027214823,-0.5367001286437503,-1.262431268450093,0.7813920496300597,-0.2852115724793929,-0.972986227309673,0.30985805319435167,2.0194943718050795,0.03560568590174467,1.121685547383641,-0.35867624489035876,-1.2586335510551052,-0.5167110326499096,1.0115610777177464,-1.9988034698300843,-3.2757193223247443,0.5122442736515016,-0.7424708758502816,0.06878824724308273,0.7748212760494178,1.6005500639311296,2.7497080065691524,1.335563785613043,1.0230864811853158,-0.07006008996809053,-0.07163113904095586,-0.37952476817198505,-0.6108712617933298,-0.24165676628942578,-0.5784474497517436,2.2937283997464277,-1.206240525680768,-0.9882720345885417
-0.5935752742640285,-0.8754984077249564,-0.5858197112353846,0.612775710310261,-0.6439209162167846,0.36206941027214823,1.2420774405755364,0.5567243481984884,-0.02232548713228734,-2.6024168772925154,-0.972986227309673,0.30985805319435167,-0.7150738826235884,1.2347133014314717,-0.403105743590996,2.788029634651948,0.7945124291035353,-0.5167110326499096,-0.9885710532241613,0.5002993116101648,0.30527646040513345,0.5122442736515016,-0.7424708758502816,1.1406528759263421,-0.19509888245848667,1.6005500639311296,-0.5423735976260254,-0.9999949952580068,-0.381387268134171,-0.39227477686979334,0.2637182293839663,0.5341351656594198,0.5723376386004296,0.4205208295272683,0.05743248768018408,0.0246325854679023,1.3664154678038525,0.9968285024204774
-0.5935752742640285,-0.8754984077249564,1.0278894669433536,-1.6319184706157481,-0.6439209162167846,0.36206941027214823,-1.4260889132533936,-1.262431268450093,-1.6297605606569814,-0.2852115724793929,-0.972986227309673,0.30985805319435167,2.0194943718050795,-1.1635019296279825,4.171268129332915,-0.35867624489035876,0.7945124291035353,-0.5167110326499096,1.0115610777177464,-1.9988034698300843,0.30527646040513345,-1.9521936143308383,-0.7424708758502816,1.1406528759263421,-1.1650190409663912,1.6005500639311296,-0.5423735976260254,2.1140833792367264,0.3208496065255724,0.25215459693361225,-0.07163113904095586,-0.37952476817198505,-0.6108712617933298,-0.24165676628942578,-0.8509674229368555,1.5373631283202527,0.08008747106154226,-1.4845471688407965
-0.5935752742640285,1.142206531932559,1.8347440560327226,-1.6319184706157481,-0.6439209162167846,0.36206941027214823,0.35268865596589305,0.5567243481984884,-0.02232548713228734,0.8733910799271684,1.5289783572009146,-1.593034932305078,-0.7150738826235884,0.03560568590174467,1.121685547383641,-0.35867624489035876,-1.2586335510551052,-0.5167110326499096,1.0115610777177464,0.5002993116101648,0.30527646040513345,-1.9521936143308383,1.3468541764076536,0.06878824724308273,1.7447414345573222,-0.13552709632247995,-0.5423735976260254,-0.22147540163432355,1.0230864811853158,-0.7144894637714961,1.2697663346587327,0.22958185438228482,-1.7940801621870894,0.7516096274356154,1.1172323834000635,-0.3535500502451853,-1.206240525680768,0.5005533681682226
1.6847062931317278,1.142206531932559,0.22103487785398448,-1.6319184706157481,-0.6439209162167846,0.36206941027214823,-1.4260889132533936,-1.262431268450093,-0.02232548713228734,0.8733910799271684,0.6949901623640521,-1.593034932305078,2.0194943718050795,-1.1635019296279825,-0.403105743590996,-0.35867624489035876,-1.2586335510551052,-0.5167110326499096,-0.9885710532241613,-1.9988034698300843,-3.2757193223247443,-1.9521936143308383,-0.7424708758502816,0.06878824724308273,-1.1650190409663912,-0.13552709632247995,1.6523474718374265,1.335563785613043,0.3208496065255724,-0.07006008996809053,0.2637182293839663,0.5341351656594198,0.5723376386004296,0.4205208295272683,-0.7904074288957195,1.1591804926071652,-1.206240525680768,-1.4845471688407965
-0.5935752742640285,-0.8754984077249564,-1.3926743003247537,0.612775710310261,-0.6439209162167846,0.36206941027214823,0.35268865596589305,-0.35285346012580227,-0.8260430238946344,0.8733910799271684,-0.13899803247281048,-1.593034932305078,-0.7150738826235884,0.03560568590174467,4.171268129332915,-0.35867624489035876,0.7945124291035353,-0.5167110326499096,-0.9885710532241613,0.5002993116101648,0.30527646040513345,0.5122442736515016,-0.7424708758502816,-1.0030763814401766,-0.19509888245848667,-1.0035656764492848,-0.5423735976260254,-0.9999949952580068,-0.381387268134171,-0.7144894637714961,-1.7483779811655664,-1.29318470200339,0.5723376386004296,-1.566011957922814,1.1172323834000635,-1.1099153216713604,0.08008747106154226,0.004278233915967804
-0.5935752742640285,-0.8754984077249564,0.22103487785398448,0.612775710310261,-0.6439209162167846,0.36206941027214823,0.35268865596589305,-0.35285346012580227,-0.02232548713228734,-0.2852115724793929,-0.13899803247281048,0.30985805319435167,-0.7150738826235884,0.03560568590174467,-0.403105743590996,-0.35867624489035876,0.7945124291035353,-0.5167110326499096,-0.9885710532241613,0.5002993116101648,0.30527646040513345,0.5122442736515016,1.3468541764076536,0.06878824724308273,-0.19509888245848667,-1.0035656764492848,0.5549869371057006,0.5570441919893597,-1.0836241427939144,-0.7144894637714961,0.2637182293839663,0.5341351656594198,0.5723376386004296,0.4205208295272683,1.1172323834000635,0.0246325854679023,0.08008747106154226,0.004278233915967804
-0.5935752742640285,-0.8754984077249564,0.22103487785398448,0.612775710310261,-0.6439209162167846,0.36206941027214823,1.2420774405755364,1.466302156522779,-0.02232548713228734,2.0319937323337296,-0.972986227309673,0.30985805319435167,-0.7150738826235884,-1.1635019296279825,-0.403105743590996,2.788029634651948,0.7945124291035353,-0.5167110326499096,-0.9885710532241613,0.5002993116101648,0.30527646040513345,-1.9521936143308383,1.3468541764076536,0.06878824724308273,-1.1650190409663912,-1.8716042565760895,-0.5423735976260254,-0.9999949952580068,0.3208496065255724,-0.7144894637714961,0.5990675978088884,0.5341351656594198,-0.019266811596450106,0.5860652284814418,0.05743248768018408,-1.4880979573844482,1.3664154678038525,1.4931036366727322
-0.5935752742640285,1.142206531932559,-1.3926743003247537,-1.6319184706157481,-0.6439209162167846,0.36206941027214823,-0.5367001286437503,-1.262431268450093,-0.8260430238946344,0.8733910799271684,1.5289783572009146,0.30985805319435167,-0.7150738826235884,0.03560568590174467,-0.403105743590996,-0.35867624489035876,-1.2586335510551052,-0.5167110326499096,1.0115610777177464,0.5002993116101648,0.30527646040513345,0.5122442736515016,1.3468541764076536,1.1406528759263421,0.7748212760494178,-1.0035656764492848,-0.5423735976260254,-0.9999949952580068,1.0230864811853158,0.574369283835315,-0.7423298758908001,-0.68407807944912,-0.019266811596450106,-0.7382899631519464,-0.7668563201019444,-1.1099153216713604,-1.206240525680768,-0.9882720345885417
1.6847062931317278,1.142206531932559,1.0278894669433536,0.612775710310261,1.5529857391110689,0.36206941027214823,-1.4260889132533936,-0.35285346012580227,-1.6297605606569814,0.8733910799271684,-0.13899803247281048,0.30985805319435167,0.6522102445907456,-1.1635019296279825,-0.403105743590996,-0.35867624489035876,0.7945124291035353,-0.5167110326499096,-0.9885710532241613,-1.9988034698300843,0.30527646040513345,-1.9521936143308383,-0.7424708758502816,0.06878824724308273,-2.1349391994742954,0.7325114838043248,3.847068541300878,2.1140833792367264,-1.7858610174536578,0.574369283835315,-0.406980507465878,-0.07497145689485012,0.5723376386004296,-0.24165676628942578,-0.8846118640708197,2.6719110354595155,0.08008747106154226,-0.9882720345885417
1.6847062931317278,1.142206531932559,-0.5858197112353846,-1.6319184706157481,-0.6439209162167846,0.36206941027214823,0.35268865596589305,1.466302156522779,-0.02232548713228734,-1.443814224885954,0.6949901623640521,0.30985805319435167,2.0194943718050795,0.03560568590174467,-0.403105743590996,-0.35867624489035876,-1.2586335510551052,-0.5167110326499096,-0.9885710532241613,-1.9988034698300843,0.30527646040513345,-1.9521936143308383,-0.7424708758502816,-1.0030763814401766,0.7748212760494178,1.6005500639311296,-0.5423735976260254,-0.22147540163432355,1.0230864811853158,-0.07006008996809053,-0.7423298758908001,-0.37952476817198505,0.5723376386004296,-0.5727455641977729,-0.5784474497517436,0.4028152211809899,-1.206240525680768,0.9968285024204774
-0.5935752742640285,1.142206531932559,0.22103487785398448,0.612775710310261,-0.6439209162167846,0.36206941027214823,1.2420774405755364,1.466302156522779,1.5851095863924067,2.0319937323337296,1.5289783572009146,0.30985805319435167,-0.7150738826235884,0.03560568590174467,-0.403105743590996,2.788029634651948,0.7945124291035353,-0.5167110326499096,1.0115610777177464,0.5002993116101648,0.30527646040513345,0.5122442736515016,1.3468541764076536,0.06878824724308273,1.7447414345573222,1.6005500639311296,-0.5423735976260254,0.5570441919893597,-1.0836241427939144,1.5410133445404235,-0.07163113904095586,-0.68407807944912,-1.2024757119902096,-0.4072011652435993,-0.8610607552770447,0.7809978568940775,1.3664154678038525,1.4931036366727322
-0.5935752742640285,1.142206531932559,-0.5858197112353846,-1.6319184706157481,-0.6439209162167846,0.36206941027214823,-0.5367001286437503,-1.262431268450093,-0.02232548713228734,-0.2852115724793929,-0.972986227309673,0.30985805319435167,0.6522102445907456,-1.1635019296279825,-0.403105743590996,-0.35867624489035876,-1.2586335510551052,-0.5167110326499096,1.0115610777177464,-1.9988034698300843,0.30527646040513345,-1.9521936143308383,-0.7424708758502816,-1.0030763814401766,-0.19509888245848667,-1.0035656764492848,-0.5423735976260254,0.5570441919893597,-0.381387268134171,-0.7144894637714961,-1.0776792443157222,-0.68407807944912,0.5723376386004296,-0.9038343621061199,0.05743248768018408,-0.3535500502451853,-1.206240525680768,-0.9882720345885417
-0.5935752742640285,-0.8754984077249564,-0.5858197112353846,0.612775710310261,-0.6439209162167846,0.36206941027214823,-0.5367001286437503,0.5567243481984884,0.7813920496300597,2.0319937323337296,0.6949901623640521,0.30985805319435167,-0.7150738826235884,0.03560568590174467,-0.403105743590996,2.788029634651948,-1.2586335510551052,-0.5167110326499096,-0.9885710532241613,0.5002993116101648,0.30527646040513345,0.5122442736515016,-0.7424708758502816,-2.0749410101234362,-0.19509888245848667,-1.8716042565760895,-0.5423735976260254,-0.9999949952580068,-0.381387268134171,-0.7144894637714961,0.5990675978088884,0.5341351656594198,-0.019266811596450106,0.5860652284814418,1.1172323834000635,-1.4880979573844482,0.08008747106154226,0.004278233915967804
-0.5935752742640285,-0.8754984077249564,-0.5858197112353846,0.612775710310261,-0.6439209162167846,0.36206941027214823,1.2420774405755364,1.466302156522779,-0.02232548713228734,-0.2852115724793929,1.5289783572009146,0.30985805319435167,-0.7150738826235884,-1.1635019296279825,-0.403105743590996,-0.35867624489035876,-1.2586335510551052,-0.5167110326499096,1.0115610777177464,-1.9988034698300843,0.30527646040513345,0.5122442736515016,-0.7424708758502816,1.1406528759263421,-0.19509888245848667,0.7325114838043248,-0.5423735976260254,-0.22147540163432355,-1.7858610174536578,-0.07006008996809053,0.2637182293839663,0.5341351656594198,0.5723376386004296,0.4205208295272683,-0.7904074288957195,0.0246325854679023,-1.206240525680768,1.4931036366727322
1.6847062931317278,-0.8754984077249564,-1.3926743003247537,-1.6319184706157481,1.5529857391110689,0.36206941027214823,-1.4260889132533936,-1.262431268450093,-1.6297605606569814,0.8733910799271684,1.5289783572009146,-1.593034932305078,0.6522102445907456,0.03560568590174467,-0.403105743590996,-0.35867624489035876,0.7945124291035353,-0.5167110326499096,-0.9885710532241613,0.5002993116101648,0.30527646040513345,0.5122442736515016,-0.7424708758502816,1.1406528759263421,0.7748212760494178,-0.13552709632247995,-0.5423735976260254,-0.22147540163432355,0.3208496065255724,-0.7144894637714961,-0.406980507465878,-0.37952476817198505,-0.019266811596450106,-0.4072011652435993,1.1172323834000635,-0.3535500502451853,0.08008747106154226,-1.4845471688407965
-0.5935752742640285,1.142206531932559,0.22103487785398448,0.612775710310261,-0.6439209162167846,0.36206941027214823,-0.5367001286437503,-1.262431268450093,-0.02232548713228734,-0.2852115724793929,-0.13899803247281048,0.30985805319435167,-0.7150738826235884,-1.1635019296279825,4.171268129332915,-0.35867624489035876,0.7945124291035353,-0.5167110326499096,-0.9885710532241613,0.5002993116101648,0.30527646040513345,0.5122442736515016,-0.7424708758502816,1.1406528759263421,0.7748212760494178,1.6005500639311296,-0.5423735976260254,-0.22147540163432355,1.0230864811853158,-0.7144894637714961,-2.0837273495904887,-3.4250578809433345,-2.977289062580849,-2.8903671495562024,0.05743248768018408,0.4028152211809899,0.08008747106154226,-0.9882720345885417
-0.5935752742640285,1.142206531932559,-1.3926743003247537,0.612775710310261,-0.6439209162167846,0.36206941027214823,1.2420774405755364,1.466302156522779,-0.8260430238946344,0.8733910799271684,-0.13899803247281048,0.30985805319435167,-0.7150738826235884,0.03560568590174467,-0.403105743590996,-0.35867624489035876,0.7945124291035353,1.9353176859251158,-0.9885710532241613,-1.9988034698300843,0.30527646040513345,0.5122442736515016,-0.7424708758502816,1.1406528759263421,0.7748212760494178,-1.0035656764492848,1.6523474718374265,1.335563785613043,1.0230864811853158,-0.7144894637714961,-0.7423298758908001,-0.07497145689485012,1.1639420887973093,-0.4072011652435993,1.1172323834000635,0.7809978568940775,1.3664154678038525,1.4931036366727322
-0.5935752742640285,1.142206531932559,1.0278894669433536,0.612775710310261,-0.6439209162167846,0.36206941027214823,1.2420774405755364,0.5567243481984884,1.5851095863924067,-0.2852115724793929,-0.972986227309673,0.30985805319435167,-0.7150738826235884,1.2347133014314717,-0.403105743590996,-0.35867624489035876,0.7945124291035353,-0.5167110326499096,-0.9885710532241613,0.5002993116101648,0.30527646040513345,0.5122442736515016,1.3468541764076536,1.1406528759263421,0.7748212760494178,1.6005500639311296,0.5549869371057006,0.5570441919893597,1.0230864811853158,-0.7144894637714961,0.9344169662338104,0.5341351656594198,-0.6108712617933298,0.7516096274356154,2.177032279119943,1.1591804926071652,0.08008747106154226,0.9968285024204774
1.6847062931317278,1.142206531932559,0.22103487785398448,0.612775710310261,-0.6439209162167846,0.36206941027214823,-1.4260889132533936,-1.262431268450093,-0.02232548713228734,-0.2852115724793929,-0.13899803247281048,0.30985805319435167,-0.7150738826235884,0.03560568590174467,-0.403105743590996,-0.35867624489035876,-1.2586335510551052,1.9353176859251158,-0.9885710532241613,-1.9988034698300843,0.30527646040513345,0.5122442736515016,-0.7424708758502816,0.06878824724308273,0.7748212760494178,-0.13552709632247995,0.5549869371057006,1.335563785613043,1.0230864811853158,-0.07006008996809053,-1.0776792443157222,-0.68407807944912,0.5723376386004296,-0.9038343621061199,-0.5784474497517436,0.7809978568940775,0.08008747106154226,-1.4845471688407965
1.6847062931317278,-0.8754984077249564,0.22103487785398448,0.612775710310261,-0.6439209162167846,0.36206941027214823,1.2420774405755364,1.466302156522779,-0.8260430238946344,-1.443814224885954,-0.972986227309673,-1.593034932305078,-0.7150738826235884,0.03560568590174467,-0.403105743590996,-0.35867624489035876,0.7945124291035353,-0.5167110326499096,-0.9885710532241613,0.5002993116101648,0.30527646040513345,0.5122442736515016,-0.7424708758502816,1.1406528759263421,-1.1650190409663912,1.6005500639311296,-0.5423735976260254,-0.9999949952580068,1.0230864811853158,-0.7144894637714961,0.5990675978088884,1.1432417882136896,1.1639420887973093,0.9171540263897889,1.1172323834000635,0.0246325854679023,0.08008747106154226,1.4931036366727322
1.6847062931317278,1.142206531932559,-0.5858197112353846,-1.6319184706157481,-0.6439209162167846,0.36206941027214823,-0.5367001286437503,-1.262431268450093,-0.02232548713228734,0.8733910799271684,1.5289783572009146,0.30985805319435167,0.6522102445907456,0.03560568590174467,-0.403105743590996,-0.35867624489035876,-1.2586335510551052,-0.5167110326499096,1.0115610777177464,0.5002993116101648,0.30527646040513345,0.5122442736515016,-0.7424708758502816,1.1406528759263421,-1.1650190409663912,-1.8716042565760895,-0.5423735976260254,-0.9999949952580068,-1.0836241427939144,-0.7144894637714961,-1.0776792443157222,-1.29318470200339,-0.6108712617933298,-1.234923160014467,1.1172323834000635,-1.4880979573844482,-1.206240525680768,-0.9882720345885417
-0.5935752742640285,-0.8754984077249564,-0.5858197112353846,0.612775710310261,-0.6439209162167846,-2.7619013692660572,-0.5367001286437503,-1.262431268450093,-0.02232548713228734,-0.2852115724793929,0.6949901623640521,0.30985805319435167,-0.7150738826235884,0.03560568590174467,-0.403105743590996,-0.35867624489035876,-1.2586335510551052,1.9353176859251158,1.0115610777177464,0.5002993116101648,0.30527646040513345,0.5122442736515016,1.3468541764076536,1.1406528759263421,-0.19509888245848667,0.7325114838043248,-0.5423735976260254,-0.9999949952580068,-1.0836241427939144,0.574369283835315,-1.0776792443157222,-0.68407807944912,0.5723376386004296,-0.9038343621061199,-0.7668563201019444,-0.3535500502451853,0.08008747106154226,-0.9882720345885417
-0.5935752742640285,1.142206531932559,-0.5858197112353846,0.612775710310261,1.5529857391110689,0.36206941027214823,-0.5367001286437503,-1.262431268450093,-0.02232548713228734,-0.2852115724793929,-0.972986227309673,0.30985805319435167,-0.7150738826235884,0.03560568590174467,-0.403105743590996,-0.35867624489035876,-1.2586335510551052,1.9353176859251158,1.0115610777177464,0.5002993116101648,0.30527646040513345,0.5122442736515016,1.3468541764076536,0.06878824724308273,-1.1650190409663912,-0.13552709632247995,-0.5423735976260254,-0.22147540163432355,1.0230864811853158,-0.7144894637714961,1.2697663346587327,1.1432417882136896,-0.019266811596450106,1.248242824298136,1.1172323834000635,-0.3535500502451853,0.08008747106154226,-0.9882720345885417
1.6847062931317278,1.142206531932559,1.0278894669433536,-1.6319184706157481,1.5529857391110689,0.36206941027214823,0.35268865596589305,-0.35285346012580227,0.7813920496300597,-0.2852115724793929,-0.972986227309673,0.30985805319435167,2.0194943718050795,-1.1635019296279825,-0.403105743590996,-0.35867624489035876,-1.2586335510551052,-0.5167110326499096,-0.9885710532241613,-1.9988034698300843,0.30527646040513345,0.5122442736515016,-0.7424708758502816,0.06878824724308273,0.7748212760494178,-1.8716042565760895,1.6523474718374265,1.335563785613043,1.0230864811853158,-0.07006008996809053,-0.406980507465878,-0.07497145689485012,0.5723376386004296,-0.24165676628942578,-0.7904074288957195,0.4028152211809899,-1.206240525680768,0.004278233915967804
1.6847062931317278,-0.8754984077249564,-0.5858197112353846,0.612775710310261,-0.6439209162167846,0.36206941027214823,1.2420774405755364,1.466302156522779,1.5851095863924067,0.8733910799271684,-0.972986227309673,0.30985805319435167,0.6522102445907456,1.2347133014314717,-0.403105743590996,-0.35867624489035876,0.7945124291035353,-0.5167110326499096,-0.9885710532241613,0.5002993116101648,0.30527646040513345,0.5122442736515016,1.3468541764076536,1.1406528759263421,-0.19509888245848667,1.6005500639311296,-0.5423735976260254,1.335563785613043,1.0230864811853158,-0.5533821203206447,-0.406980507465878,-0.07497145689485012,0.5723376386004296,-0.24165676628942578,0.5873324355401238,1.1591804926071652,0.08008747106154226,1.4931036366727322
-0.5935752742640285,1.142206531932559,-0.5858197112353846,0.612775710310261,-0.6439209162167846,0.36206941027214823,1.2420774405755364,1.466302156522779,0.7813920496300597,0.8733910799271684,0.6949901623640521,0.30985805319435167,-0.7150738826235884,-1.1635019296279825,-0.403105743590996,2.788029634651948,0.7945124291035353,-0.5167110326499096,1.0115610777177464,0.5002993116101648,0.30527646040513345,0.5122442736515016,-0.7424708758502816,0.06878824724308273,1.7447414345573222,1.6005500639311296,3.847068541300878,2.1140833792367264,0.3208496065255724,1.2187986576387206,-0.7423298758908001,-0.68407807944912,-0.019266811596450106,-0.7382899631519464,-0.9208443391381662,3.0500936711726037,1.3664154678038525,1.4931036366727322
1.6847062931317278,1.142206531932559,0.22103487785398448,0.612775710310261,-0.6439209162167846,0.36206941027214823,0.35268865596589305,0.5567243481984884,0.7813920496300597,-2.6024168772925154,-0.972986227309673,0.30985805319435167,0.6522102445907456,2.4338209169611993,1.121685547383641,-0.35867624489035876,0.7945124291035353,1.9353176859251158,1.0115610777177464,0.5002993116101648,0.30527646040513345,-1.9521936143308383,-0.7424708758502816,1.1406528759263421,0.7748212760494178,1.6005500639311296,1.6523474718374265,1.335563785613043,1.0230864811853158,-0.7144894637714961,-0.406980507465878,-0.07497145689485012,0.5723376386004296,-0.24165676628942578,3.236832174839822,1.9155457640333402,1.3664154678038525,0.5005533681682226
-0.5935752742640285,1.142206531932559,-0.5858197112353846,0.612775710310261,1.5529857391110689,0.36206941027214823,1.2420774405755364,0.5567243481984884,0.7813920496300597,-0.2852115724793929,1.5289783572009146,0.30985805319435167,-0.7150738826235884,0.03560568590174467,-0.403105743590996,-0.35867624489035876,0.7945124291035353,1.9353176859251158,1.0115610777177464,0.5002993116101648,0.30527646040513345,0.5122442736515016,-0.7424708758502816,1.1406528759263421,0.7748212760494178,-1.0035656764492848,-0.5423735976260254,-0.22147540163432355,1.0230864811853158,0.8965839707370178,1.2697663346587327,1.1432417882136896,-0.019266811596450106,1.248242824298136,-0.8096765179088081,-0.7317326859582729,1.3664154678038525,0.9968285024204774
-0.5935752742640285,-0.8754984077249564,-0.5858197112353846,0.612775710310261,1.5529857391110689,0.36206941027214823,-0.5367001286437503,-0.35285346012580227,-1.6297605606569814,-0.2852115724793929,-0.972986227309673,0.30985805319435167,-0.7150738826235884,0.03560568590174467,-0.403105743590996,-0.35867624489035876,0.7945124291035353,-0.5167110326499096,-0.9885710532241613,0.5002993116101648,0.30527646040513345,-1.9521936143308383,-0.7424708758502816,0.06878824724308273,-0.19509888245848667,0.7325114838043248,-0.5423735976260254,-0.22147540163432355,-1.0836241427939144,0.25215459693361225,0.5990675978088884,-0.07497145689485012,-1.2024757119902096,0.2549764305730948,-0.6995674378340155,0.0246325854679023,0.08008747106154226,-0.49199690033628696
-0.5935752742640285,-0.8754984077249564,1.0278894669433536,0.612775710310261,-0.6439209162167846,0.36206941027214823,-0.5367001286437503,-1.262431268450093,-0.02232548713228734,-0.2852115724793929,-0.13899803247281048,0.30985805319435167,-0.7150738826235884,0.03560568590174467,-0.403105743590996,-0.35867624489035876,0.7945124291035353,-0.5167110326499096,-0.9885710532241613,0.5002993116101648,0.30527646040513345,0.5122442736515016,1.3468541764076536,0.06878824724308273,-1.1650190409663912,1.6005500639311296,-0.5423735976260254,-0.22147540163432355,-1.7858610174536578,0.574369283835315,0.9344169662338104,0.8386884769365547,-0.019266811596450106,0.9171540263897889,-0.7668563201019444,0.4028152211809899,0.08008747106154226,-0.9882720345885417
1.6847062931317278,-0.8754984077249564,1.0278894669433536,0.612775710310261,-0.6439209162167846,0.36206941027214823,-1.4260889132533936,-0.35285346012580227,-1.6297605606569814,-2.6024168772925154,-0.972986227309673,-1.593034932305078,0.6522102445907456,0.03560568590174467,-0.403105743590996,-0.35867624489035876,0.7945124291035353,-0.5167110326499096,-0.9885710532241613,0.5002993116101648,-3.2757193223247443,-1.9521936143308383,-0.7424708758502816,0.06878824724308273,-2.1349391994742954,-1.8716042565760895,-0.5423735976260254,-0.9999949952580068,0.3208496065255724,-0.7144894637714961,-0.07163113904095586,-0.07497145689485012,-0.019266811596450106,-0.07611236733525226,1.1172323834000635,-1.4880979573844482,0.08008747106154226,-0.9882720345885417
-0.5935752742640285,-0.8754984077249564,1.0278894669433536,0.612775710310261,-0.6439209162167846,0.36206941027214823,-0.5367001286437503,-0.35285346012580227,-1.6297605606569814,0.8733910799271684,-0.13899803247281048,0.30985805319435167,-0.7150738826235884,1.2347133014314717,-0.403105743590996,-0.35867624489035876,0.7945124291035353,1.9353176859251158,1.0115610777177464,0.5002993116101648,0.30527646040513345,0.5122442736515016,1.3468541764076536,0.06878824724308273,-0.19509888245848667,-0.13552709632247995,-0.5423735976260254,-0.9999949952580068,-0.381387268134171,-0.7144894637714961,-0.7423298758908001,-0.37952476817198505,0.5723376386004296,-0.5727455641977729,2.177032279119943,-0.7317326859582729,1.3664154678038525,-0.49199690033628696
-0.5935752742640285,-0.8754984077249564,-1.3926743003247537,0.612775710310261,-0.6439209162167846,0.36206941027214823,-1.4260889132533936,-1.262431268450093,-0.02232548713228734,0.8733910799271684,-0.972986227309673,-1.593034932305078,-0.7150738826235884,0.03560568590174467,-0.403105743590996,-0.35867624489035876,0.7945124291035353,1.9353176859251158,-0.9885710532241613,0.5002993116101648,0.30527646040513345,0.5122442736515016,-0.7424708758502816,0.06878824724308273,0.7748212760494178,-1.0035656764492848,-0.5423735976260254,-0.22147540163432355,1.0230864811853158,-0.7144894637714961,-1.0776792443157222,-0.07497145689485012,1.755546538994189,-0.5727455641977729,1.1172323834000635,-0.7317326859582729,1.3664154678038525,-1.4845471688407965
-0.5935752742640285,1.142206531932559,-0.5858197112353846,0.612775710310261,-0.6439209162167846,0.36206941027214823,1.2420774405755364,1.466302156522779,1.5851095863924067,2.0319937323337296,-0.13899803247281048,0.30985805319435167,-0.7150738826235884,0.03560568590174467,-0.403105743590996,-0.35867624489035876,0.7945124291035353,1.9353176859251158,1.0115610777177464,0.5002993116101648,0.30527646040513345,0.5122442736515016,1.3468541764076536,0.06878824724308273,0.7748212760494178,1.6005500639311296,3.847068541300878,2.1140833792367264,1.0230864811853158,1.8632280314421263,-0.406980507465878,0.22958185438228482,1.1639420887973093,-0.07611236733525226,-0.8776850673667683,3.0500936711726037,1.3664154678038525,1.4931036366727322
-0.5935752742640285,-0.8754984077249564,0.22103487785398448,0.612775710310261,1.5529857391110689,0.36206941027214823,1.2420774405755364,0.5567243481984884,-0.8260430238946344,-0.2852115724793929,1.5289783572009146,-1.593034932305078,-0.7150738826235884,0.03560568590174467,-0.403105743590996,-0.35867624489035876,-1.2586335510551052,-0.5167110326499096,1.0115610777177464,0.5002993116101648,0.30527646040513345,0.5122442736515016,1.3468541764076536,-1.0030763814401766,-1.1650190409663912,-0.13552709632247995,-0.5423735976260254,-0.22147540163432355,-0.381387268134171,1.5410133445404235,0.5990675978088884,0.5341351656594198,-0.019266811596450106,0.5860652284814418,-0.8610607552770447,-0.3535500502451853,-1.206240525680768,0.9968285024204774
-0.5935752742640285,1.142206531932559,-1.3926743003247537,0.612775710310261,1.5529857391110689,-2.7619013692660572,-0.5367001286437503,-1.262431268450093,0.7813920496300597,-0.2852115724793929,-0.972986227309673,0.30985805319435167,3.3867784990194134,-1.1635019296279825,-0.403105743590996,-0.35867624489035876,-1.2586335510551052,-0.5167110326499096,-0.9885710532241613,0.5002993116101648,0.30527646040513345,0.5122442736515016,-0.7424708758502816,0.06878824724308273,1.7447414345573222,1.6005500639311296,0.5549869371057006,2.1140833792367264,1.0230864811853158,-0.7144894637714961,0.2637182293839663,-0.07497145689485012,-0.6108712617933298,0.08943203161892128,0.05743248768018408,1.9155457640333402,-1.206240525680768,-0.9882720345885417
-0.5935752742640285,-0.8754984077249564,1.0278894669433536,-1.6319184706157481,-0.6439209162167846,0.36206941027214823,1.2420774405755364,1.466302156522779,1.5851095863924067,-0.2852115724793929,1.5289783572009146,0.30985805319435167,0.6522102445907456,0.03560568590174467,-0.403105743590996,-0.35867624489035876,-1.2586335510551052,1.9353176859251158,1.0115610777177464,0.5002993116101648,0.30527646040513345,0.5122442736515016,-0.7424708758502816,0.06878824724308273,-0.19509888245848667,0.7325114838043248,0.5549869371057006,-0.22147540163432355,0.3208496065255724,0.574369283835315,0.2637182293839663,-0.37952476817198505,-1.2024757119902096,-0.07611236733525226,-0.7668563201019444,0.4028152211809899,0.08008747106154226,1.4931036366727322
1.6847062931317278,-0.8754984077249564,1.0278894669433536,0.612775710310261,-0.6439209162167846,0.36206941027214823,0.35268865596589305,0.5567243481984884,-0.02232548713228734,-0.2852115724793929,-0.13899803247281048,0.30985805319435167,-0.7150738826235884,0.03560568590174467,-0.403105743590996,-0.35867624489035876,-1.2586335510551052,-0.5167110326499096,-0.9885710532241613,0.5002993116101648,0.30527646040513345,0.5122442736515016,1.3468541764076536,0.06878824724308273,-2.1349391994742954,-0.13552709632247995,-0.5423735976260254,-0.22147540163432355,-1.7858610174536578,-0.5533821203206447,1.6051157030836547,1.4477950994908246,-0.019266811596450106,1.579331622206483,0.05743248768018408,-0.3535500502451853,-1.206240525680768,0.5005533681682226
-0.5935752742640285,-0.8754984077249564,-1.3926743003247537,0.612775710310261,-0.6439209162167846,0.36206941027214823,-1.4260889132533936,-0.35285346012580227,-1.6297605606569814,-0.2852115724793929,-0.972986227309673,0.30985805319435167,-0.7150738826235884,0.03560568590174467,-0.403105743590996,-0.35867624489035876,0.7945124291035353,-0.5167110326499096,-0.9885710532241613,-1.9988034698300843,0.30527646040513345,0.5122442736515016,-0.7424708758502816,0.06878824724308273,-0.19509888245848667,-1.0035656764492848,-0.5423735976260254,-0.9999949952580068,1.0230864811853158,0.25215459693361225,0.5990675978088884,0.22958185438228482,-0.6108712617933298,0.4205208295272683,-0.6995674378340155,-1.1099153216713604,0.08008747106154226,-0.9882720345885417
-0.5935752742640285,-0.8754984077249564,0.22103487785398448,0.612775710310261,-0.6439209162167846,0.36206941027214823,0.35268865596589305,-1.262431268450093,-0.02232548713228734,-2.6024168772925154,-0.13899803247281048,0.30985805319435167,-0.7150738826235884,-1.1635019296279825,1.121685547383641,-0.35867624489035876,0.7945124291035353,1.9353176859251158,-0.9885710532241613,0.5002993116101648,0.30527646040513345,0.5122442736515016,1.3468541764076536,0.06878824724308273,-2.1349391994742954,-1.0035656764492848,-0.5423735976260254,-0.9999949952580068,-0.381387268134171,0.25215459693361225,-0.406980507465878,0.5341351656594198,1.755546538994189,0.08943203161892128,-0.8509674229368555,-1.1099153216713604,1.3664154678038525,-0.49199690033628696
-0.5935752742640285,1.142206531932559,0.22103487785398448,0.612775710310261,1.5529857391110689,0.36206941027214823,1.2420774405755364,0.5567243481984884,1.5851095863924067,-0.2852115724793929,-0.972986227309673,0.30985805319435167,0.6522102445907456,0.03560568590174467,-0.403105743590996,-0.35867624489035876,-1.2586335510551052,-0.5167110326499096,1.0115610777177464,0.5002993116101648,0.30527646040513345,0.5122442736515016,-0.7424708758502816,0.06878824724308273,0.7748212760494178,0.7325114838043248,2.7497080065691524,1.335563785613043,0.3208496065255724,-0.7144894637714961,-0.406980507465878,-0.07497145689485012,0.5723376386004296,-0.24165676628942578,1.1172323834000635,1.9155457640333402,-1.206240525680768,0.9968285024204774
1.6847062931317278,-0.8754984077249564,0.22103487785398448,0.612775710310261,-0.6439209162167846,0.36206941027214823,1.2420774405755364,0.5567243481984884,1.5851095863924067,-0.2852115724793929,0.6949901623640521,0.30985805319435167,0.6522102445907456,0.03560568590174467,-0.403105743590996,-0.35867624489035876,-1.2586335510551052,-0.5167110326499096,-0.9885710532241613,0.5002993116101648,0.30527646040513345,0.5122442736515016,-0.7424708758502816,1.1406528759263421,1.7447414345573222,0.7325114838043248,-0.5423735976260254,-0.9999949952580068,-1.7858610174536578,-0.7144894637714961,-1.7483779811655664,-0.68407807944912,1.755546538994189,-1.234923160014467,1.1172323834000635,-0.3535500502451853,-1.206240525680768,0.9968285024204774
-0.5935752742640285,1.142206531932559,1.0278894669433536,-1.6319184706157481,-0.6439209162167846,0.36206941027214823,1.2420774405755364,0.5567243481984884,1.5851095863924067,0.8733910799271684,-0.972986227309673,0.30985805319435167,-0.7150738826235884,1.2347133014314717,-0.403105743590996,-0.35867624489035876,-1.2586335510551052,-0.5167110326499096,-0.9885710532241613,0.5002993116101648,0.30527646040513345,0.5122442736515016,1.3468541764076536,1.1406528759263421,-0.19509888245848667,-1.0035656764492848,-0.5423735976260254,-0.22147540163432355,0.3208496065255724,-0.07006008996809053,1.2697663346587327,0.8386884769365547,-0.6108712617933298,1.0826984253439624,-0.3664874706077677,-0.7317326859582729,-1.206240525680768,0.9968285024204774
-0.5935752742640285,1.142206531932559,0.22103487785398448,0.612775710310261,1.5529857391110689,0.36206941027214823,-0.5367001286437503,-0.35285346012580227,-0.02232548713228734,-0.2852115724793929,-0.13899803247281048,-1.593034932305078,-0.7150738826235884,0.03560568590174467,-0.403105743590996,-0.35867624489035876,-1.2586335510551052,1.9353176859251158,1.0115610777177464,-1.9988034698300843,0.30527646040513345,0.5122442736515016,1.3468541764076536,0.06878824724308273,0.7748212760494178,-1.0035656764492848,3.847068541300878,2.1140833792367264,0.3208496065255724,-0.07006008996809053,0.9344169662338104,0.5341351656594198,-0.6108712617933298,0.7516096274356154,-0.5784474497517436,1.9155457640333402,0.08008747106154226,-0.49199690033628696
-0.5935752742640285,-0.8754984077249564,1.8347440560327226,0.612775710310261,-0.6439209162167846,0.36206941027214823,-0.5367001286437503,-0.35285346012580227,0.7813920496300597,0.8733910799271684,-0.13899803247281048,0.30985805319435167,-0.7150738826235884,0.03560568590174467,-0.403105743590996,-0.35867624489035876,0.7945124291035353,-0.5167110326499096,-0.9885710532241613,0.5002993116101648,0.30527646040513345,0.5122442736515016,-0.7424708758502816,0.06878824724308273,-0.19509888245848667,-0.13552709632247995,-0.5423735976260254,-0.9999949952580068,1.0230864811853158,-0.7144894637714961,-0.406980507465878,-0.37952476817198505,-0.019266811596450106,-0.4072011652435993,1.1172323834000635,-0.7317326859582729,0.08008747106154226,-0.49199690033628696
-0.5935752742640285,-0.8754984077249564,0.22103487785398448,-1.6319184706157481,1.5529857391110689,0.36206941027214823,1.2420774405755364,1.466302156522779,0.7813920496300597,-0.2852115724793929,0.6949901623640521,0.30985805319435167,-0.7150738826235884,-1.1635019296279825,-0.403105743590996,-0.35867624489035876,0.7945124291035353,1.9353176859251158,-0.9885710532241613,0.5002993116101648,0.30527646040513345,-1.9521936143308383,-0.7424708758502816,1.1406528759263421,-1.1650190409663912,-1.8716042565760895,-0.5423735976260254,-0.22147540163432355,-0.381387268134171,1.2187986576387206,-1.0776792443157222,-0.37952476817198505,1.1639420887973093,-0.7382899631519464,-0.9208443391381662,-1.1099153216713604,1.3664154678038525,1.4931036366727322
-0.5935752742640285,-0.8754984077249564,0.22103487785398448,0.612775710310261,-0.6439209162167846,0.36206941027214823,0.35268865596589305,-0.35285346012580227,-0.02232548713228734,-0.2852115724793929,-0.13899803247281048,0.30985805319435167,-0.7150738826235884,0.03560568590174467,-0.403105743590996,-0.35867624489035876,0.7945124291035353,1.9353176859251158,-0.9885710532241613,0.5002993116101648,0.30527646040513345,0.5122442736515016,1.3468541764076536,0.06878824724308273,-0.19509888245848667,-1.0035656764492848,0.5549869371057006,0.5570441919893597,-1.0836241427939144,-0.7144894637714961,-1.4130286127406444,-0.9886313907262549,0.5723376386004296,-1.234923160014467,1.1172323834000635,0.0246325854679023,1.3664154678038525,0.004278233915967804
1.6847062931317278,-0.8754984077249564,1.0278894669433536,-1.6319184706157481,-0.6439209162167846,0.36206941027214823,1.2420774405755364,1.466302156522779,1.5851095863924067,-2.6024168772925154,1.5289783572009146,0.30985805319435167,2.0194943718050795,-1.1635019296279825,-0.403105743590996,-0.35867624489035876,0.7945124291035353,1.9353176859251158,1.0115610777177464,0.5002993116101648,0.30527646040513345,0.5122442736515016,1.3468541764076536,0.06878824724308273,0.7748212760494178,-0.13552709632247995,0.5549869371057006,-0.22147540163432355,1.0230864811853158,0.4132619403844636,-1.7483779811655664,-1.9022913245576598,-0.6108712617933298,-1.897100755831161,-0.8698924210747104,0.0246325854679023,1.3664154678038525,1.4931036366727322
-0.5935752742640285,1.142206531932559,-1.3926743003247537,-1.6319184706157481,-0.6439209162167846,0.36206941027214823,1.2420774405755364,1.466302156522779,-0.02232548713228734,-0.2852115724793929,-0.13899803247281048,-1.593034932305078,3.3867784990194134,2.4338209169611993,-0.403105743590996,-0.35867624489035876,0.7945124291035353,-0.5167110326499096,1.0115610777177464,0.5002993116101648,0.30527646040513345,0.5122442736515016,1.3468541764076536,-3.1468056388066956,-0.19509888245848667,1.6005500639311296,1.6523474718374265,2.1140833792367264,-1.7858610174536578,0.574369283835315,0.2637182293839663,-0.37952476817198505,-1.2024757119902096,-0.07611236733525226,-0.5313452321641934,2.2937283997464277,0.08008747106154226,1.4931036366727322
-0.5935752742640285,-0.8754984077249564,-1.3926743003247537,0.612775710310261,1.5529857391110689,-2.7619013692660572,0.35268865596589305,0.5567243481984884,-0.02232548713228734,-0.2852115724793929,0.6949901623640521,0.30985805319435167,-0.7150738826235884,-1.1635019296279825,-0.403105743590996,-0.35867624489035876,-1.2586335510551052,-0.5167110326499096,-0.9885710532241613,0.5002993116101648,0.30527646040513345,0.5122442736515016,-0.7424708758502816,1.1406528759263421,-0.19509888245848667,0.7325114838043248,2.7497080065691524,1.335563785613043,-1.7858610174536578,-0.7144894637714961,0.5990675978088884,0.22958185438228482,-0.6108712617933298,0.4205208295272683,0.05743248768018408,1.9155457640333402,-1.206240525680768,0.5005533681682226
-0.5935752742640285,-0.8754984077249564,-0.5858197112353846,0.612775710310261,-0.6439209162167846,0.36206941027214823,1.2420774405755364,-0.35285346012580227,-0.8260430238946344,0.8733910799271684,-0.13899803247281048,-1.593034932305078,-0.7150738826235884,0.03560568590174467,-0.403105743590996,-0.35867624489035876,-1.2586335510551052,1.9353176859251158,-0.9885710532241613,0.5002993116101648,0.30527646040513345,0.5122442736515016,1.3468541764076536,0.06878824724308273,-1.1650190409663912,-0.13552709632247995,-0.5423735976260254,-0.9999949952580068,-0.381387268134171,-0.7144894637714961,0.9344169662338104,1.1432417882136896,0.5723376386004296,1.0826984253439624,1.1172323834000635,-0.7317326859582729,0.08008747106154226,0.5005533681682226
-0.5935752742640285,-0.8754984077249564,2.641598645122092,-1.6319184706157481,-0.6439209162167846,0.36206941027214823,-0.5367001286437503,-1.262431268450093,-0.02232548713228734,-0.2852115724793929,-0.972986227309673,2.2127510386937814,0.6522102445907456,0.03560568590174467,-0.403105743590996,-0.35867624489035876,0.7945124291035353,1.9353176859251158,1.0115610777177464,0.5002993116101648,-3.2757193223247443,0.5122442736515016,1.3468541764076536,-3.1468056388066956,-1.1650190409663912,-0.13552709632247995,-0.5423735976260254,-0.22147540163432355,-1.0836241427939144,0.574369283835315,-0.406980507465878,0.22958185438228482,1.1639420887973093,-0.07611236733525226,-0.7668563201019444,-0.3535500502451853,1.3664154678038525,-0.9882720345885417
-0.5935752742640285,1.142206531932559,-0.5858197112353846,0.612775710310261,1.5529857391110689,0.36206941027214823,1.2420774405755364,-0.35285346012580227,1.5851095863924067,-0.2852115724793929,-0.972986227309673,0.30985805319435167,-0.7150738826235884,0.03560568590174467,-0.403105743590996,-0.35867624489035876,-1.2586335510551052,-0.5167110326499096,1.0115610777177464,0.5002993116101648,0.30527646040513345,0.5122442736515016,-0.7424708758502816,0.06878824724308273,1.7447414345573222,-1.8716042565760895,-0.5423735976260254,0.5570441919893597,1.0230864811853158,-0.7144894637714961,0.2637182293839663,0.5341351656594198,0.5723376386004296,0.4205208295272683,1.1172323834000635,-0.7317326859582729,-1.206240525680768,0.5005533681682226
-0.5935752742640285,-0.8754984077249564,-0.5858197112353846,0.612775710310261,-0.6439209162167846,0.36206941027214823,-0.5367001286437503,-0.35285346012580227,-0.02232548713228734,-0.2852115724793929,1.5289783572009146,0.30985805319435167,-0.7150738826235884,2.4338209169611993,-0.403105743590996,-0.35867624489035876,-1.2586335510551052,-0.5167110326499096,-0.9885710532241613,0.5002993116101648,0.30527646040513345,0.5122442736515016,1.3468541764076536,1.1406528759263421,-1.1650190409663912,-0.13552709632247995,-0.5423735976260254,0.5570441919893597,-0.381387268134171,-0.5533821203206447,0.5990675978088884,0.5341351656594198,-0.019266811596450106,0.5860652284814418,1.1172323834000635,0.0246325854679023,-1.206240525680768,-0.49199690033628696
1.6847062931317278,-0.8754984077249564,1.0278894669433536,-1.6319184706157481,-0.6439209162167846,0.36206941027214823,-0.5367001286437503,-0.35285346012580227,0.7813920496300597,-0.2852115724793929,-0.13899803247281048,0.30985805319435167,0.6522102445907456,1.2347133014314717,-0.403105743590996,-0.35867624489035876,-1.2586335510551052,-0.5167110326499096,-0.9885710532241613,0.5002993116101648,0.30527646040513345,0.5122442736515016,1.3468541764076536,0.06878824724308273,-1.1650190409663912,-1.8716042565760895,-0.5423735976260254,-0.9999949952580068,0.3208496065255724,0.09104725348276087,0.9344169662338104,0.8386884769365547,-0.019266811596450106,0.9171540263897889,-0.4724674601797556,-1.4880979573844482,-1.206240525680768,-0.49199690033628696
-0.5935752742640285,-0.8754984077249564,-1.3926743003247537,-1.6319184706157481,-0.6439209162167846,0.36206941027214823,-1.4260889132533936,-1.262431268450093,-0.02232548713228734,-0.2852115724793929,-0.972986227309673,0.30985805319435167,2.0194943718050795,-1.1635019296279825,1.121685547383641,-0.35867624489035876,-1.2586335510551052,-0.5167110326499096,1.0115610777177464,0.5002993116101648,0.30527646040513345,0.5122442736515016,1.3468541764076536,1.1406528759263421,1.7447414345573222,1.6005500639311296,-0.5423735976260254,-0.9999949952580068,-1.7858610174536578,-0.39227477686979334,-1.0776792443157222,-0.68407807944912,0.5723376386004296,-0.9038343621061199,-0.6491007761330689,0.0246325854679023,-1.206240525680768,-1.4845471688407965
-0.5935752742640285,-0.8754984077249564,-0.5858197112353846,0.612775710310261,-0.6439209162167846,-2.7619013692660572,1.2420774405755364,-1.262431268450093,-0.02232548713228734,-0.2852115724793929,-0.13899803247281048,0.30985805319435167,-0.7150738826235884,0.03560568590174467,-0.403105743590996,-0.35867624489035876,-1.2586335510551052,-0.5167110326499096,1.0115610777177464,0.5002993116101648,0.30527646040513345,0.5122442736515016,1.3468541764076536,1.1406528759263421,-0.19509888245848667,-0.13552709632247995,-0.5423735976260254,-0.22147540163432355,1.0230864811853158,-0.7144894637714961,0.9344169662338104,0.5341351656594198,-0.6108712617933298,0.7516096274356154,1.1172323834000635,-0.3535500502451853,-1.206240525680768,0.004278233915967804
-0.5935752742640285,-0.8754984077249564,-1.3926743003247537,0.612775710310261,-0.6439209162167846,0.36206941027214823,1.2420774405755364,1.466302156522779,1.5851095863924067,0.8733910799271684,-0.972986227309673,0.30985805319435167,-0.7150738826235884,1.2347133014314717,-0.403105743590996,-0.35867624489035876,0.7945124291035353,-0.5167110326499096,1.0115610777177464,0.5002993116101648,0.30527646040513345,0.5122442736515016,-0.7424708758502816,0.06878824724308273,-1.1650190409663912,-1.0035656764492848,-0.5423735976260254,-0.9999949952580068,1.0230864811853158,-0.39227477686979334,0.5990675978088884,0.5341351656594198,-0.019266811596450106,0.5860652284814418,0.05743248768018408,-1.1099153216713604,0.08008747106154226,1.4931036366727322
-0.5935752742640285,-0.8754984077249564,-1.3926743003247537,0.612775710310261,-0.6439209162167846,0.36206941027214823,-0.5367001286437503,-0.35285346012580227,-0.02232548713228734,-0.2852115724793929,-0.972986227309673,0.30985805319435167,-0.7150738826235884,2.4338209169611993,-0.403105743590996,2.788029634651948,0.7945124291035353,-0.5167110326499096,-0.9885710532241613,0.5002993116101648,0.30527646040513345,0.5122442736515016,-0.7424708758502816,1.1406528759263421,-2.1349391994742954,-1.0035656764492848,-0.5423735976260254,-0.9999949952580068,-0.381387268134171,-0.07006008996809053,-0.406980507465878,-0.37952476817198505,-0.019266811596450106,-0.4072011652435993,-0.15452749146379174,-1.1099153216713604,1.3664154678038525,-0.49199690033628696
-0.5935752742640285,-0.8754984077249564,-0.5858197112353846,0.612775710310261,-0.6439209162167846,0.36206941027214823,-1.4260889132533936,0.5567243481984884,-1.6297605606569814,0.8733910799271684,-0.13899803247281048,0.30985805319435167,-0.7150738826235884,0.03560568590174467,-0.403105743590996,-0.35867624489035876,-1.2586335510551052,-0.5167110326499096,1.0115610777177464,-1.9988034698300843,0.30527646040513345,0.5122442736515016,1.3468541764076536,0.06878824724308273,-0.19509888245848667,1.6005500639311296,-0.5423735976260254,-0.9999949952580068,-0.381387268134171,-0.7144894637714961,0.9344169662338104,0.5341351656594198,-0.6108712617933298,0.7516096274356154,1.1172323834000635,0.0246325854679023,-1.206240525680768,-0.49199690033628696
-0.5935752742640285,-0.8754984077249564,1.0278894669433536,0.612775710310261,-0.6439209162167846,0.36206941027214823,-0.5367001286437503,0.5567243481984884,-0.02232548713228734,0.8733910799271684,1.5289783572009146,-1.593034932305078,-0.7150738826235884,2.4338209169611993,-0.403105743590996,-0.35867624489035876,0.7945124291035353,1.9353176859251158,1.0115610777177464,0.5002993116101648,0.30527646040513345,0.5122442736515016,1.3468541764076536,0.06878824724308273,1.7447414345573222,1.6005500639311296,-0.5423735976260254,0.5570441919893597,-1.0836241427939144,-0.07006008996809053,1.2697663346587327,0.8386884769365547,-0.6108712617933298,1.0826984253439624,-0.15452749146379174,0.7809978568940775,1.3664154678038525,0.004278233915967804
-0.5935752742640285,1.142206531932559,0.22103487785398448,-1.6319184706157481,-0.6439209162167846,0.36206941027214823,-0.5367001286437503,-1.262431268450093,-0.02232548713228734,-0.2852115724793929,-0.972986227309673,0.30985805319435167,-0.7150738826235884,-1.1635019296279825,-0.403105743590996,-0.35867624489035876,-1.2586335510551052,-0.5167110326499096,-0.9885710532241613,-1.9988034698300843,0.30527646040513345,0.5122442736515016,-0.7424708758502816,0.06878824724308273,0.7748212760494178,-1.0035656764492848,0.5549869371057006,1.335563785613043,1.0230864811853158,-0.7144894637714961,-1.0776792443157222,0.22958185438228482,2.3471509891910687,-0.4072011652435993,0.05743248768018408,0.4028152211809899,-1.206240525680768,-0.9882720345885417
-0.5935752742640285,1.142206531932559,-0.5858197112353846,0.612775710310261,-0.6439209162167846,0.36206941027214823,-2.3154776978630367,-0.35285346012580227,-0.02232548713228734,-0.2852115724793929,0.6949901623640521,0.30985805319435167,-0.7150738826235884,-1.1635019296279825,-0.403105743590996,-0.35867624489035876,-1.2586335510551052,-0.5167110326499096,-0.9885710532241613,-1.9988034698300843,0.30527646040513345,0.5122442736515016,-0.7424708758502816,0.06878824724308273,-0.19509888245848667,-1.0035656764492848,0.5549869371057006,1.335563785613043,1.0230864811853158,-0.7144894637714961,-0.07163113904095586,0.22958185438228482,0.5723376386004296,0.08943203161892128,0.05743248768018408,0.4028152211809899,-1.206240525680768,-1.4845471688407965
-0.5935752742640285,1.142206531932559,-1.3926743003247537,0.612775710310261,1.5529857391110689,0.36206941027214823,-0.5367001286437503,-0.35285346012580227,0.7813920496300597,-1.443814224885954,1.5289783572009146,0.30985805319435167,-0.7150738826235884,2.4338209169611993,-0.403105743590996,-0.35867624489035876,0.7945124291035353,-0.5167110326499096,1.0115610777177464,0.5002993116101648,0.30527646040513345,0.5122442736515016,-0.7424708758502816,0.06878824724308273,-0.19509888245848667,0.7325114838043248,-0.5423735976260254,-0.9999949952580068,0.3208496065255724,0.25215459693361225,-0.07163113904095586,0.5341351656594198,1.1639420887973093,0.2549764305730948,-0.3967674676283357,-0.3535500502451853,0.08008747106154226,-0.49199690033628696
-0.5935752742640285,-0.8754984077249564,1.8347440560327226,-1.6319184706157481,-0.6439209162167846,0.36206941027214823,0.35268865596589305,-0.35285346012580227,0.7813920496300597,0.8733910799271684,1.5289783572009146,-1.593034932305078,-0.7150738826235884,0.03560568590174467,1.121685547383641,2.788029634651948,0.7945124291035353,-0.5167110326499096,-0.9885710532241613,0.5002993116101648,-3.2757193223247443,0.5122442736515016,-0.7424708758502816,-1.0030763814401766,-0.19509888245848667,-0.13552709632247995,2.7497080065691524,0.5570441919893597,-0.381387268134171,-0.7144894637714961,-0.7423298758908001,-0.9886313907262549,-0.6108712617933298,-0.9038343621061199,1.1172323834000635,1.1591804926071652,1.3664154678038525,0.004278233915967804
1.6847062931317278,1.142206531932559,1.0278894669433536,-1.6319184706157481,-0.6439209162167846,0.36206941027214823,1.2420774405755364,-0.35285346012580227,-0.02232548713228734,-0.2852115724793929,-0.13899803247281048,-1.593034932305078,0.6522102445907456,-1.1635019296279825,1.121685547383641,-0.35867624489035876,-1.2586335510551052,1.9353176859251158,-0.9885710532241613,0.5002993116101648,0.30527646040513345,-1.9521936143308383,-0.7424708758502816,1.1406528759263421,0.7748212760494178,-0.13552709632247995,2.7497080065691524,0.5570441919893597,-0.381387268134171,1.5410133445404235,-1.7483779811655664,-1.9022913245576598,-0.6108712617933298,-1.897100755831161,-0.93171408165837,1.1591804926071652,0.08008747106154226,0.5005533681682226
-0.5935752742640285,-0.8754984077249564,-1.3926743003247537,0.612775710310261,-0.6439209162167846,-2.7619013692660572,0.35268865596589305,0.5567243481984884,-0.02232548713228734,-1.443814224885954,1.5289783572009146,-1.593034932305078,-0.7150738826235884,2.4338209169611993,-0.403105743590996,2.788029634651948,-1.2586335510551052,-0.5167110326499096,-0.9885710532241613,0.5002993116101648,0.30527646040513345,-1.9521936143308383,-0.7424708758502816,0.06878824724308273,-0.19509888245848667,-0.13552709632247995,-0.5423735976260254,-0.9999949952580068,0.3208496065255724,0.8965839707370178,-0.406980507465878,-0.07497145689485012,0.5723376386004296,-0.24165676628942578,-0.616985627777921,-0.7317326859582729,0.08008747106154226,0.5005533681682226
-0.5935752742640285,-0.8754984077249564,1.0278894669433536,0.612775710310261,1.5529857391110689,0.36206941027214823,-0.5367001286437503,-0.35285346012580227,-0.02232548713228734,-0.2852115724793929,-0.13899803247281048,2.2127510386937814,-0.7150738826235884,0.03560568590174467,-0.403105743590996,-0.35867624489035876,-1.2586335510551052,-0.5167110326499096,1.0115610777177464,-1.9988034698300843,0.30527646040513345,0.5122442736515016,1.3468541764076536,0.06878824724308273,-0.19509888245848667,-0.13552709632247995,-0.5423735976260254,-0.9999949952580068,-1.0836241427939144,-0.7144894637714961,-0.406980507465878,-0.68407807944912,-0.6108712617933298,-0.5727455641977729,1.1172323834000635,-0.7317326859582729,-1.206240525680768,-0.49199690033628696
-0.5935752742640285,-0.8754984077249564,1.0278894669433536,0.612775710310261,-0.6439209162167846,0.36206941027214823,-1.4260889132533936,-1.262431268450093,-0.02232548713228734,-0.2852115724793929,-0.13899803247281048,0.30985805319435167,0.6522102445907456,0.03560568590174467,-0.403105743590996,2.788029634651948,-1.2586335510551052,-0.5167110326499096,1.0115610777177464,0.5002993116101648,0.30527646040513345,0.5122442736515016,-0.7424708758502816,1.1406528759263421,0.7748212760494178,0.7325114838043248,-0.5423735976260254,-0.9999949952580068,0.3208496065255724,-0.07006008996809053,-1.0776792443157222,-0.68407807944912,0.5723376386004296,-0.9038343621061199,-0.5784474497517436,-0.3535500502451853,0.08008747106154226,-1.4845471688407965
-0.5935752742640285,1.142206531932559,-0.5858197112353846,0.612775710310261,1.5529857391110689,0.36206941027214823,1.2420774405755364,-0.35285346012580227,1.5851095863924067,-0.2852115724793929,-0.972986227309673,0.30985805319435167,-0.7150738826235884,0.03560568590174467,-0.403105743590996,-0.35867624489035876,-1.2586335510551052,-0.5167110326499096,1.0115610777177464,0.5002993116101648,0.30527646040513345,0.5122442736515016,-0.7424708758502816,0.06878824724308273,1.7447414345573222,-1.8716042565760895,-0.5423735976260254,0.5570441919893597,1.0230864811853158,-0.39227477686979334,1.2697663346587327,1.1432417882136896,-0.019266811596450106,1.248242824298136,-0.29583414422644244,-0.7317326859582729,-1.206240525680768,0.5005533681682226
-0.5935752742640285,-0.8754984077249564,0.22103487785398448,0.612775710310261,-0.6439209162167846,0.36206941027214823,-0.5367001286437503,0.5567243481984884,-0.02232548713228734,-0.2852115724793929,-0.972986227309673,-1.593034932305078,0.6522102445907456,0.03560568590174467,-0.403105743590996,-0.35867624489035876,-1.2586335510551052,-0.5167110326499096,1.0115610777177464,0.5002993116101648,0.30527646040513345,0.5122442736515016,1.3468541764076536,0.06878824724308273,-1.1650190409663912,-1.8716042565760895,-0.5423735976260254,-0.9999949952580068,-0.381387268134171,-0.39227477686979334,-0.07163113904095586,0.22958185438228482,0.5723376386004296,0.08943203161892128,-0.29583414422644244,-1.4880979573844482,-1.206240525680768,0.004278233915967804
-0.5935752742640285,-0.8754984077249564,-0.5858197112353846,0.612775710310261,-0.6439209162167846,0.36206941027214823,0.35268865596589305,-1.262431268450093,0.7813920496300597,-0.2852115724793929,-0.972986227309673,0.30985805319435167,-0.7150738826235884,2.4338209169611993,-0.403105743590996,2.788029634651948,0.7945124291035353,1.9353176859251158,-0.9885710532241613,0.5002993116101648,0.30527646040513345,0.5122442736515016,-0.7424708758502816,0.06878824724308273,-0.19509888245848667,-0.13552709632247995,-0.5423735976260254,-0.22147540163432355,1.0230864811853158,-0.07006008996809053,-1.4130286127406444,-1.29318470200339,-0.019266811596450106,-1.4004675589686404,-0.15452749146379174,-0.3535500502451853,2.6527434645461625,-0.49199690033628696
-0.5935752742640285,1.142206531932559,-1.3926743003247537,0.612775710310261,1.5529857391110689,-2.7619013692660572,0.35268865596589305,-0.35285346012580227,0.7813920496300597,-0.2852115724793929,-0.13899803247281048,0.30985805319435167,-0.7150738826235884,0.03560568590174467,-0.403105743590996,-0.35867624489035876,0.7945124291035353,1.9353176859251158,-0.9885710532241613,0.5002993116101648,0.30527646040513345,0.5122442736515016,-0.7424708758502816,0.06878824724308273,-1.1650190409663912,-1.0035656764492848,-0.5423735976260254,-0.9999949952580068,-1.7858610174536578,-0.7144894637714961,1.6051157030836547,2.0569017220450942,1.1639420887973093,1.91042042011483,1.1172323834000635,-1.1099153216713604,1.3664154678038525,0.004278233915967804
-0.5935752742640285,-0.8754984077249564,-0.5858197112353846,0.612775710310261,1.5529857391110689,0.36206941027214823,-0.5367001286437503,1.466302156522779,-0.02232548713228734,-1.443814224885954,-0.972986227309673,-1.593034932305078,0.6522102445907456,0.03560568590174467,-0.403105743590996,-0.35867624489035876,0.7945124291035353,1.9353176859251158,1.0115610777177464,0.5002993116101648,0.30527646040513345,0.5122442736515016,1.3468541764076536,0.06878824724308273,-1.1650190409663912,-1.0035656764492848,-0.5423735976260254,-0.22147540163432355,1.0230864811853158,-0.39227477686979334,0.5990675978088884,0.5341351656594198,-0.019266811596450106,0.5860652284814418,-0.29583414422644244,-0.7317326859582729,1.3664154678038525,0.5005533681682226
1.6847062931317278,-0.8754984077249564,1.8347440560327226,-1.6319184706157481,-0.6439209162167846,0.36206941027214823,-1.4260889132533936,-1.262431268450093,-1.6297605606569814,-0.2852115724793929,-0.972986227309673,2.2127510386937814,0.6522102445907456,0.03560568590174467,1.121685547383641,-0.35867624489035876,0.7945124291035353,-0.5167110326499096,-0.9885710532241613,0.5002993116101648,0.30527646040513345,0.5122442736515016,1.3468541764076536,0.06878824724308273,-0.19509888245848667,-0.13552709632247995,-0.5423735976260254,-0.9999949952580068,-0.381387268134171,-0.07006008996809053,-1.4130286127406444,-0.9886313907262549,0.5723376386004296,-1.234923160014467,-0.5784474497517436,-0.7317326859582729,0.08008747106154226,-1.4845471688407965
-0.5935752742640285,-0.8754984077249564,0.22103487785398448,-1.6319184706157481,-0.6439209162167846,0.36206941027214823,0.35268865596589305,1.466302156522779,-1.6297605606569814,0.8733910799271684,-0.972986227309673,-1.593034932305078,-0.7150738826235884,1.2347133014314717,-0.403105743590996,-0.35867624489035876,0.7945124291035353,1.9353176859251158,1.0115610777177464,-1.9988034698300843,0.30527646040513345,0.5122442736515016,-0.7424708758502816,0.06878824724308273,-0.19509888245848667,0.7325114838043248,0.5549869371057006,2.1140833792367264,1.0230864811853158,-0.7144894637714961,-0.07163113904095586,-0.07497145689485012,-0.019266811596450106,-0.07611236733525226,2.177032279119943,1.5373631283202527,1.3664154678038525,0.9968285024204774
-0.5935752742640285,-0.8754984077249564,0.22103487785398448,0.612775710310261,-0.6439209162167846,0.36206941027214823,1.2420774405755364,-0.35285346012580227,-0.02232548713228734,-0.2852115724793929,1.5289783572009146,0.30985805319435167,0.6522102445907456,1.2347133014314717,-0.403105743590996,-0.35867624489035876,0.7945124291035353,1.9353176859251158,-0.9885710532241613,0.5002993116101648,0.30527646040513345,0.5122442736515016,-0.7424708758502816,0.06878824724308273,-0.19509888245848667,-0.13552709632247995,-0.5423735976260254,-0.9999949952580068,-0.381387268134171,-0.7144894637714961,1.2697663346587327,0.22958185438228482,-1.7940801621870894,0.7516096274356154,2.177032279119943,-0.7317326859582729,1.3664154678038525,0.5005533681682226
-0.5935752742640285,-0.8754984077249564,-0.5858197112353846,0.612775710310261,-0.6439209162167846,0.36206941027214823,-0.5367001286437503,-0.35285346012580227,-0.02232548713228734,-0.2852115724793929,1.5289783572009146,0.30985805319435167,-0.7150738826235884,2.4338209169611993,-0.403105743590996,-0.35867624489035876,-1.2586335510551052,1.9353176859251158,-0.9885710532241613,0.5002993116101648,0.30527646040513345,0.5122442736515016,1.3468541764076536,1.1406528759263421,-1.1650190409663912,-0.13552709632247995,-0.5423735976260254,0.5570441919893597,-0.381387268134171,-0.7144894637714961,-0.07163113904095586,-0.07497145689485012,-0.019266811596450106,-0.07611236733525226,3.236832174839822,0.0246325854679023,0.08008747106154226,-0.49199690033628696
1.6847062931317278,-0.8754984077249564,-0.5858197112353846,-1.6319184706157481,1.5529857391110689,0.36206941027214823,-1.4260889132533936,-1.262431268450093,0.7813920496300597,0.8733910799271684,-0.13899803247281048,0.30985805319435167,-0.7150738826235884,-1.1635019296279825,-0.403105743590996,-0.35867624489035876,0.7945124291035353,-0.5167110326499096,1.0115610777177464,0.5002993116101648,0.30527646040513345,0.5122442736515016,1.3468541764076536,0.06878824724308273,0.7748212760494178,0.7325114838043248,0.5549869371057006,-0.22147540163432355,0.3208496065255724,-0.39227477686979334,0.9344169662338104,0.8386884769365547,-0.019266811596450106,0.9171540263897889,-0.6491007761330689,0.4028152211809899,0.08008747106154226,-1.4845471688407965
-0.5935752742640285,-0.8754984077249564,1.0278894669433536,-1.6319184706157481,1.5529857391110689,0.36206941027214823,-1.4260889132533936,-1.262431268450093,-1.6297605606569814,-0.2852115724793929,1.5289783572009146,0.30985805319435167,0.6522102445907456,2.4338209169611993,-0.403105743590996,-0.35867624489035876,0.7945124291035353,1.9353176859251158,1.0115610777177464,0.5002993116101648,0.30527646040513345,-1.9521936143308383,-0.7424708758502816,1.1406528759263421,-1.1650190409663912,-1.0035656764492848,-0.5423735976260254,-0.9999949952580068,-0.381387268134171,-0.5533821203206447,0.2637182293839663,0.22958185438228482,-0.019266811596450106,0.2549764305730948,1.1172323834000635,-1.1099153216713604,1.3664154678038525,-1.4845471688407965
-0.5935752742640285,1.142206531932559,-1.3926743003247537,0.612775710310261,-0.6439209162167846,0.36206941027214823,-0.5367001286437503,-0.35285346012580227,0.7813920496300597,0.8733910799271684,-0.13899803247281048,-1.593034932305078,-0.7150738826235884,2.4338209169611993,-0.403105743590996,-0.35867624489035876,0.7945124291035353,-0.5167110326499096,1.0115610777177464,0.5002993116101648,0.30527646040513345,0.5122442736515016,-0.7424708758502816,1.1406528759263421,1.7447414345573222,0.7325114838043248,-0.5423735976260254,-0.22147540163432355,1.0230864811853158,0.25215459693361225,0.9344169662338104,0.5341351656594198,-0.6108712617933298,0.7516096274356154,-0.3967674676283357,0.0246325854679023,0.08008747106154226,-0.49199690033628696
1.6847062931317278,1.142206531932559,1.0278894669433536,-1.6319184706157481,-0.6439209162167846,0.36206941027214823,-1.4260889132533936,-2.1720090767743834,-1.6297605606569814,-2.6024168772925154,-0.972986227309673,2.2127510386937814,2.0194943718050795,-1.1635019296279825,1.121685547383641,2.788029634651948,0.7945124291035353,-0.5167110326499096,-0.9885710532241613,0.5002993116101648,0.30527646040513345,-1.9521936143308383,-0.7424708758502816,0.06878824724308273,-0.19509888245848667,-1.0035656764492848,-0.5423735976260254,-0.9999949952580068,0.3208496065255724,-0.7144894637714961,0.2637182293839663,0.22958185438228482,-0.019266811596450106,0.2549764305730948,0.05743248768018408,-1.1099153216713604,1.3664154678038525,-1.9808223030930514
-0.5935752742640285,-0.8754984077249564,-0.5858197112353846,0.612775710310261,-0.6439209162167846,0.36206941027214823,0.35268865596589305,1.466302156522779,-1.6297605606569814,-0.2852115724793929,-0.972986227309673,0.30985805319435167,-0.7150738826235884,0.03560568590174467,-0.403105743590996,-0.35867624489035876,0.7945124291035353,-0.5167110326499096,-0.9885710532241613,0.5002993116101648,0.30527646040513345,0.5122442736515016,-0.7424708758502816,-2.0749410101234362,0.7748212760494178,-0.13552709632247995,-0.5423735976260254,-0.22147540163432355,-0.381387268134171,1.5410133445404235,0.2637182293839663,-0.07497145689485012,-0.6108712617933298,0.08943203161892128,-0.8610607552770447,-0.3535500502451853,0.08008747106154226,0.9968285024204774
1.6847062931317278,-0.8754984077249564,2.641598645122092,0.612775710310261,-0.6439209162167846,0.36206941027214823,0.35268865596589305,0.5567243481984884,-1.6297605606569814,0.8733910799271684,0.6949901623640521,0.30985805319435167,0.6522102445907456,0.03560568590174467,1.121685547383641,-0.35867624489035876,-1.2586335510551052,-0.5167110326499096,1.0115610777177464,0.5002993116101648,0.30527646040513345,0.5122442736515016,1.3468541764076536,-1.0030763814401766,-0.19509888245848667,0.7325114838043248,0.5549869371057006,1.335563785613043,-0.381387268134171,0.574369283835315,-0.07163113904095586,-0.68407807944912,-1.2024757119902096,-0.4072011652435993,-0.7668563201019444,1.1591804926071652,-1.206240525680768,0.5005533681682226
-0.5935752742640285,-0.8754984077249564,-1.3926743003247537,-1.6319184706157481,-0.6439209162167846,0.36206941027214823,-0.5367001286437503,-0.35285346012580227,-1.6297605606569814,-0.2852115724793929,1.5289783572009146,0.30985805319435167,-0.7150738826235884,-1.1635019296279825,-0.403105743590996,2.788029634651948,0.7945124291035353,1.9353176859251158,1.0115610777177464,0.5002993116101648,0.30527646040513345,-1.9521936143308383,-0.7424708758502816,0.06878824724308273,-0.19509888245848667,-1.8716042565760895,-0.5423735976260254,-0.9999949952580068,-1.0836241427939144,0.574369283835315,0.9344169662338104,0.5341351656594198,-0.6108712617933298,0.7516096274356154,-0.8846118640708197,-1.4880979573844482,2.6527434645461625,-0.49199690033628696
-0.5935752742640285,1.142206531932559,0.22103487785398448,-1.6319184706157481,1.5529857391110689,-2.7619013692660572,1.2420774405755364,1.466302156522779,1.5851095863924067,-0.2852115724793929,-0.972986227309673,0.30985805319435167,0.6522102445907456,0.03560568590174467,-0.403105743590996,-0.35867624489035876,0.7945124291035353,1.9353176859251158,-0.9885710532241613,0.5002993116101648,0.30527646040513345,0.5122442736515016,-0.7424708758502816,-1.0030763814401766,-0.19509888245848667,-0.13552709632247995,0.5549869371057006,0.5570441919893597,0.3208496065255724,-0.39227477686979334,-0.406980507465878,-0.07497145689485012,0.5723376386004296,-0.24165676628942578,-0.29583414422644244,0.4028152211809899,1.3664154678038525,1.4931036366727322
-0.5935752742640285,1.142206531932559,4.2553078233008295,0.612775710310261,-0.6439209162167846,0.36206941027214823,0.35268865596589305,-1.262431268450093,0.7813920496300597,0.8733910799271684,0.6949901623640521,0.30985805319435167,-0.7150738826235884,-1.1635019296279825,4.171268129332915,-0.35867624489035876,-1.2586335510551052,-0.5167110326499096,-0.9885710532241613,-1.9988034698300843,-3.2757193223247443,0.5122442736515016,1.3468541764076536,1.1406528759263421,0.7748212760494178,1.6005500639311296,3.847068541300878,2.1140833792367264,-1.7858610174536578,1.2187986576387206,-1.4130286127406444,-0.9886313907262549,0.5723376386004296,-1.234923160014467,-0.9208443391381662,3.0500936711726037,-1.206240525680768,-0.49199690033628696
-0.5935752742640285,-0.8754984077249564,1.0278894669433536,0.612775710310261,-0.6439209162167846,0.36206941027214823,0.35268865596589305,1.466302156522779,-0.02232548713228734,-0.2852115724793929,-0.972986227309673,0.30985805319435167,-0.7150738826235884,-1.1635019296279825,-0.403105743590996,-0.35867624489035876,0.7945124291035353,-0.5167110326499096,1.0115610777177464,0.5002993116101648,0.30527646040513345,0.5122442736515016,1.3468541764076536,1.1406528759263421,0.7748212760494178,0.7325114838043248,-0.5423735976260254,-0.9999949952580068,-1.7858610174536578,-0.07006008996809053,-0.07163113904095586,0.22958185438228482,0.5723376386004296,0.08943203161892128,-0.7904074288957195,-0.3535500502451853,0.08008747106154226,0.9968285024204774
-0.5935752742640285,1.142206531932559,-0.5858197112353846,-1.6319184706157481,-0.6439209162167846,0.36206941027214823,1.2420774405755364,-0.35285346012580227,1.5851095863924067,0.8733910799271684,0.6949901623640521,0.30985805319435167,-0.7150738826235884,-1.1635019296279825,-0.403105743590996,-0.35867624489035876,0.7945124291035353,-0.5167110326499096,1.0115610777177464,0.5002993116101648,0.30527646040513345,0.5122442736515016,1.3468541764076536,0.06878824724308273,-0.19509888245848667,-0.13552709632247995,1.6523474718374265,1.335563785613043,-0.381387268134171,0.8965839707370178,-0.406980507465878,-0.9886313907262549,-1.2024757119902096,-0.7382899631519464,-0.9060219629742516,1.1591804926071652,0.08008747106154226,0.5005533681682226
-0.5935752742640285,1.142206531932559,1.0278894669433536,0.612775710310261,-0.6439209162167846,0.36206941027214823,1.2420774405755364,-0.35285346012580227,-0.8260430238946344,-0.2852115724793929,1.5289783572009146,-1.593034932305078,-0.7150738826235884,0.03560568590174467,-0.403105743590996,-0.35867624489035876,0.7945124291035353,-0.5167110326499096,1.0115610777177464,0.5002993116101648,0.30527646040513345,0.5122442736515016,1.3468541764076536,1.1406528759263421,0.7748212760494178,1.6005500639311296,-0.5423735976260254,0.5570441919893597,1.0230864811853158,-0.07006008996809053,-0.406980507465878,0.22958185438228482,1.1639420887973093,-0.07611236733525226,-0.5784474497517436,0.7809978568940775,0.08008747106154226,0.5005533681682226
1.6847062931317278,-0.8754984077249564,-0.5858197112353846,0.612775710310261,-0.6439209162167846,0.36206941027214823,-1.4260889132533936,-1.262431268450093,-1.6297605606569814,-0.2852115724793929,-0.972986227309673,-1.593034932305078,-0.7150738826235884,0.03560568590174467,-0.403105743590996,-0.35867624489035876,0.7945124291035353,-0.5167110326499096,-0.9885710532241613,-1.9988034698300843,0.30527646040513345,-1.9521936143308383,1.3468541764076536,1.1406528759263421,0.7748212760494178,-0.13552709632247995,0.5549869371057006,-0.9999949952580068,-1.0836241427939144,-0.7144894637714961,0.5990675978088884,0.8386884769365547,0.5723376386004296,0.7516096274356154,1.1172323834000635,-0.3535500502451853,0.08008747106154226,-1.4845471688407965
-0.5935752742640285,1.142206531932559,1.0278894669433536,-1.6319184706157481,-0.6439209162167846,0.36206941027214823,0.35268865596589305,-0.35285346012580227,-0.02232548713228734,-0.2852115724793929,-0.972986227309673,0.30985805319435167,-0.7150738826235884,1.2347133014314717,-0.403105743590996,-0.35867624489035876,-1.2586335510551052,-0.5167110326499096,1.0115610777177464,-1.9988034698300843,0.30527646040513345,-1.9521936143308383,-0.7424708758502816,1.1406528759263421,-0.19509888245848667,-1.0035656764492848,-0.5423735976260254,-0.9999949952580068,-0.381387268134171,-0.5533821203206447,0.5990675978088884,0.22958185438228482,-0.6108712617933298,0.4205208295272683,0.5873324355401238,-1.1099153216713604,-1.206240525680768,0.004278233915967804
-0.5935752742640285,1.142206531932559,1.8347440560327226,0.612775710310261,-0.6439209162167846,0.36206941027214823,1.2420774405755364,-0.35285346012580227,-0.8260430238946344,-0.2852115724793929,-0.972986227309673,0.30985805319435167,0.6522102445907456,0.03560568590174467,-0.403105743590996,-0.35867624489035876,0.7945124291035353,-0.5167110326499096,1.0115610777177464,0.5002993116101648,0.30527646040513345,0.5122442736515016,1.3468541764076536,1.1406528759263421,0.7748212760494178,0.7325114838043248,-0.5423735976260254,-0.9999949952580068,-1.7858610174536578,0.7354766272861665,-0.07163113904095586,-0.37952476817198505,-0.6108712617933298,-0.24165676628942578,-0.7904074288957195,-0.3535500502451853,0.08008747106154226,0.5005533681682226
1.6847062931317278,-0.8754984077249564,0.22103487785398448,0.612775710310261,1.5529857391110689,0.36206941027214823,1.2420774405755364,1.466302156522779,-1.6297605606569814,-2.6024168772925154,-0.972986227309673,0.30985805319435167,-0.7150738826235884,0.03560568590174467,-0.403105743590996,-0.35867624489035876,0.7945124291035353,1.9353176859251158,1.0115610777177464,0.5002993116101648,0.30527646040513345,0.5122442736515016,1.3468541764076536,-2.0749410101234362,-0.19509888245848667,0.7325114838043248,-0.5423735976260254,-0.9999949952580068,-1.7858610174536578,-0.7144894637714961,1.6051157030836547,1.1432417882136896,-0.6108712617933298,1.4137872232523094,1.1172323834000635,-0.3535500502451853,1.3664154678038525,1.4931036366727322
-0.5935752742640285,-0.8754984077249564,3.4484532342114607,0.612775710310261,1.5529857391110689,0.36206941027214823,1.2420774405755364,1.466302156522779,-0.02232548713228734,-0.2852115724793929,1.5289783572009146,2.2127510386937814,-0.7150738826235884,1.2347133014314717,2.6464768383582777,-0.35867624489035876,-1.2586335510551052,1.9353176859251158,1.0115610777177464,0.5002993116101648,0.30527646040513345,0.5122442736515016,-0.7424708758502816,-1.0030763814401766,-0.19509888245848667,-1.0035656764492848,-0.5423735976260254,-0.9999949952580068,1.0230864811853158,-0.7144894637714961,-0.7423298758908001,0.22958185438228482,1.755546538994189,-0.24165676628942578,2.177032279119943,-1.1099153216713604,0.08008747106154226,1.4931036366727322
-0.5935752742640285,1.142206531932559,-0.5858197112353846,0.612775710310261,-0.6439209162167846,0.36206941027214823,-0.5367001286437503,-1.262431268450093,-0.02232548713228734,-0.2852115724793929,-0.972986227309673,0.30985805319435167,2.0194943718050795,-1.1635019296279825,-0.403105743590996,-0.35867624489035876,-1.2586335510551052,-0.5167110326499096,-0.9885710532241613,0.5002993116101648,0.30527646040513345,0.5122442736515016,-0.7424708758502816,0.06878824724308273,-0.19509888245848667,-0.13552709632247995,-0.5423735976260254,-0.9999949952580068,0.3208496065255724,0.25215459693361225,2.275814439933499,2.0569017220450942,-0.019266811596450106,2.241509218023177,-0.8509674229368555,-0.7317326859582729,-1.206240525680768,-0.9882720345885417
-0.5935752742640285,1.142206531932559,-0.5858197112353846,0.612775710310261,-0.6439209162167846,0.36206941027214823,1.2420774405755364,0.5567243481984884,1.5851095863924067,-0.2852115724793929,-0.13899803247281048,0.30985805319435167,-0.7150738826235884,0.03560568590174467,-0.403105743590996,-0.35867624489035876,0.7945124291035353,1.9353176859251158,1.0115610777177464,0.5002993116101648,0.30527646040513345,0.5122442736515016,-0.7424708758502816,-1.0030763814401766,0.7748212760494178,-0.13552709632247995,0.5549869371057006,0.5570441919893597,-0.381387268134171,0.8965839707370178,-0.7423298758908001,-0.9886313907262549,-0.6108712617933298,-0.9038343621061199,-0.8096765179088081,0.4028152211809899,1.3664154678038525,0.9968285024204774
-0.5935752742640285,1.142206531932559,-1.3926743003247537,0.612775710310261,-0.6439209162167846,0.36206941027214823,1.2420774405755364,0.5567243481984884,1.5851095863924067,-0.2852115724793929,-0.972986227309673,0.30985805319435167,0.6522102445907456,0.03560568590174467,-0.403105743590996,-0.35867624489035876,0.7945124291035353,-0.5167110326499096,-0.9885710532241613,0.5002993116101648,0.30527646040513345,0.5122442736515016,-0.7424708758502816,1.1406528759263421,0.7748212760494178,-0.13552709632247995,-0.5423735976260254,-0.22147540163432355,-0.381387268134171,-0.7144894637714961,0.2637182293839663,0.22958185438228482,-0.019266811596450106,0.2549764305730948,1.1172323834000635,-0.3535500502451853,0.08008747106154226,0.9968285024204774
-0.5935752742640285,-0.8754984077249564,-0.5858197112353846,0.612775710310261,-0.6439209162167846,0.36206941027214823,1.2420774405755364,-0.35285346012580227,0.7813920496300597,-0.2852115724793929,-0.972986227309673,0.30985805319435167,-0.7150738826235884,0.03560568590174467,-0.403105743590996,-0.35867624489035876,0.7945124291035353,1.9353176859251158,-0.9885710532241613,0.5002993116101648,0.30527646040513345,0.5122442736515016,-0.7424708758502816,0.06878824724308273,-1.1650190409663912,-0.13552709632247995,-0.5423735976260254,-0.9999949952580068,1.0230864811853158,-0.39227477686979334,1.6051157030836547,1.1432417882136896,-0.6108712617933298,1.4137872232523094,-0.29583414422644244,-0.7317326859582729,1.3664154678038525,0.5005533681682226
-0.5935752742640285,-0.8754984077249564,1.8347440560327226,0.612775710310261,1.5529857391110689,0.36206941027214823,-1.4260889132533936,-0.35285346012580227,0.7813920496300597,0.8733910799271684,-0.13899803247281048,2.2127510386937814,-0.7150738826235884,0.03560568590174467,1.121685547383641,-0.35867624489035876,-1.2586335510551052,-0.5167110326499096,1.0115610777177464,-1.9988034698300843,0.30527646040513345,-1.9521936143308383,1.3468541764076536,0.06878824724308273,-1.1650190409663912,0.7325114838043248,0.5549869371057006,-0.22147540163432355,-0.381387268134171,-0.7144894637714961,-0.7423298758908001,-0.68407807944912,-0.019266811596450106,-0.7382899631519464,1.1172323834000635,0.4028152211809899,-1.206240525680768,-0.9882720345885417
-0.5935752742640285,-0.8754984077249564,0.22103487785398448,0.612775710310261,-0.6439209162167846,0.36206941027214823,0.35268865596589305,-0.35285346012580227,-0.8260430238946344,-1.443814224885954,1.5289783572009146,-1.593034932305078,-0.7150738826235884,2.4338209169611993,-0.403105743590996,-0.35867624489035876,0.7945124291035353,1.9353176859251158,1.0115610777177464,-1.9988034698300843,0.30527646040513345,0.5122442736515016,-0.7424708758502816,1.1406528759263421,-1.1650190409663912,-1.0035656764492848,-0.5423735976260254,-0.22147540163432355,1.0230864811853158,-0.7144894637714961,1.9404650715085767,1.7523484107679594,-0.019266811596450106,1.91042042011483,3.236832174839822,-0.7317326859582729,1.3664154678038525,0.004278233915967804
-0.5935752742640285,1.142206531932559,0.22103487785398448,0.612775710310261,-0.6439209162167846,0.36206941027214823,-0.5367001286437503,-1.262431268450093,-0.02232548713228734,-0.2852115724793929,-0.13899803247281048,0.30985805319435167,0.6522102445907456,-1.1635019296279825,4.171268129332915,2.788029634651948,0.7945124291035353,-0.5167110326499096,1.0115610777177464,0.5002993116101648,-3.2757193223247443,0.5122442736515016,-0.7424708758502816,0.06878824724308273,1.7447414345573222,-1.8716042565760895,-0.5423735976260254,-0.9999949952580068,-0.381387268134171,-0.39227477686979334,-1.0776792443157222,-0.9886313907262549,-0.019266811596450106,-1.0693787610602934,-0.6491007761330689,-1.4880979573844482,1.3664154678038525,-0.9882720345885417
-0.5935752742640285,-0.8754984077249564,-0.5858197112353846,0.612775710310261,-0.6439209162167846,-2.7619013692660572,-0.5367001286437503,-0.35285346012580227,-0.02232548713228734,-0.2852115724793929,1.5289783572009146,0.30985805319435167,-0.7150738826235884,0.03560568590174467,-0.403105743590996,2.788029634651948,0.7945124291035353,1.9353176859251158,-0.9885710532241613,0.5002993116101648,0.30527646040513345,0.5122442736515016,-0.7424708758502816,-1.0030763814401766,-0.19509888245848667,0.7325114838043248,-0.5423735976260254,-0.9999949952580068,0.3208496065255724,-0.7144894637714961,0.2637182293839663,0.5341351656594198,0.5723376386004296,0.4205208295272683,1.1172323834000635,-0.3535500502451853,2.6527434645461625,-0.49199690033628696
-0.5935752742640285,-0.8754984077249564,1.0278894669433536,0.612775710310261,-0.6439209162167846,0.36206941027214823,-0.5367001286437503,-0.35285346012580227,-0.02232548713228734,-0.2852115724793929,-0.972986227309673,0.30985805319435167,-0.7150738826235884,-1.1635019296279825,-0.403105743590996,-0.35867624489035876,0.7945124291035353,-0.5167110326499096,1.0115610777177464,0.5002993116101648,0.30527646040513345,0.5122442736515016,1.3468541764076536,0.06878824724308273,-0.19509888245848667,1.6005500639311296,0.5549869371057006,1.335563785613043,1.0230864811853158,-0.39227477686979334,-0.406980507465878,-0.37952476817198505,-0.019266811596450106,-0.4072011652435993,-0.6491007761330689,1.5373631283202527,0.08008747106154226,-0.49199690033628696
-0.5935752742640285,-0.8754984077249564,-0.5858197112353846,0.612775710310261,1.5529857391110689,0.36206941027214823,-0.5367001286437503,1.466302156522779,-0.02232548713228734,-1.443814224885954,-0.972986227309673,-1.593034932305078,0.6522102445907456,0.03560568590174467,-0.403105743590996,-0.35867624489035876,0.7945124291035353,-0.5167110326499096,1.0115610777177464,0.5002993116101648,0.30527646040513345,0.5122442736515016,1.3468541764076536,0.06878824724308273,-1.1650190409663912,-1.0035656764492848,-0.5423735976260254,-0.22147540163432355,1.0230864811853158,-0.39227477686979334,0.9344169662338104,0.22958185438228482,-1.2024757119902096,0.5860652284814418,-0.29583414422644244,-0.7317326859582729,0.08008747106154226,0.5005533681682226
-0.5935752742640285,1.142206531932559,-1.3926743003247537,0.612775710310261,1.5529857391110689,-2.7619013692660572,1.2420774405755364,1.466302156522779,1.5851095863924067,2.0319937323337296,-0.972986227309673,0.30985805319435167,-0.7150738826235884,-1.1635019296279825,-0.403105743590996,-0.35867624489035876,-1.2586335510551052,-0.5167110326499096,1.0115610777177464,0.5002993116101648,0.30527646040513345,0.5122442736515016,-0.7424708758502816,1.1406528759263421,1.7447414345573222,-0.13552709632247995,-0.5423735976260254,-0.9999949952580068,0.3208496065255724,-0.07006008996809053,0.5990675978088884,0.8386884769365547,0.5723376386004296,0.7516096274356154,-0.7904074288957195,-0.7317326859582729,-1.206240525680768,1.4931036366727322
-0.5935752742640285,1.142206531932559,-1.3926743003247537,-1.6319184706157481,-0.6439209162167846,0.36206941027214823,-0.5367001286437503,-1.262431268450093,-0.8260430238946344,0.8733910799271684,1.5289783572009146,0.30985805319435167,-0.7150738826235884,0.03560568590174467,-0.403105743590996,-0.35867624489035876,-1.2586335510551052,-0.5167110326499096,1.0115610777177464,0.5002993116101648,0.30527646040513345,0.5122442736515016,1.3468541764076536,1.1406528759263421,0.7748212760494178,-1.0035656764492848,-0.5423735976260254,-0.9999949952580068,1.0230864811853158,-0.07006008996809053,-0.406980507465878,-0.68407807944912,-0.6108712617933298,-0.5727455641977729,-0.5784474497517436,-1.1099153216713604,-1.206240525680768,-0.9882720345885417
1.6847062931317278,-0.8754984077249564,-0.5858197112353846,-1.6319184706157481,-0.6439209162167846,0.36206941027214823,-2.3154776978630367,-0.35285346012580227,-0.02232548713228734,-0.2852115724793929,0.6949901623640521,0.30985805319435167,0.6522102445907456,-1.1635019296279825,-0.403105743590996,-0.35867624489035876,0.7945124291035353,-0.5167110326499096,1.0115610777177464,0.5002993116101648,0.30527646040513345,-1.9521936143308383,-0.7424708758502816,-1.0030763814401766,-1.1650190409663912,-0.13552709632247995,-0.5423735976260254,-0.22147540163432355,-1.0836241427939144,-0.7144894637714961,0.2637182293839663,-0.07497145689485012,-0.6108712617933298,0.08943203161892128,0.05743248768018408,-0.3535500502451853,0.08008747106154226,-1.4845471688407965
-0.5935752742640285,-0.8754984077249564,-0.5858197112353846,0.612775710310261,-0.6439209162167846,0.36206941027214823,1.2420774405755364,1.466302156522779,-0.02232548713228734,-0.2852115724793929,1.5289783572009146,0.30985805319435167,-0.7150738826235884,-1.1635019296279825,-0.403105743590996,-0.35867624489035876,-1.2586335510551052,-0.5167110326499096,1.0115610777177464,-1.9988034698300843,0.30527646040513345,0.5122442736515016,-0.7424708758502816,1.1406528759263421,-0.19509888245848667,0.7325114838043248,-0.5423735976260254,-0.22147540163432355,-1.7858610174536578,0.25215459693361225,-0.07163113904095586,0.8386884769365547,1.755546538994189,0.4205208295272683,-0.8509674229368555,0.0246325854679023,-1.206240525680768,1.4931036366727322
-0.5935752742640285,-0.8754984077249564,-0.5858197112353846,0.612775710310261,-0.6439209162167846,0.36206941027214823,1.2420774405755364,0.5567243481984884,1.5851095863924067,-1.443814224885954,-0.13899803247281048,0.30985805319435167,-0.7150738826235884,1.2347133014314717,-0.403105743590996,2.788029634651948,0.7945124291035353,1.9353176859251158,1.0115610777177464,0.5002993116101648,0.30527646040513345,0.5122442736515016,-0.7424708758502816,-1.0030763814401766,0.7748212760494178,0.7325114838043248,0.5549869371057006,1.335563785613043,0.3208496065255724,-0.39227477686979334,-0.406980507465878,-0.68407807944912,-0.6108712617933298,-0.5727455641977729,0.05743248768018408,1.1591804926071652,2.6527434645461625,0.9968285024204774
-0.5935752742640285,1.142206531932559,-0.5858197112353846,0.612775710310261,1.5529857391110689,0.36206941027214823,-1.4260889132533936,-0.35285346012580227,-0.8260430238946344,0.8733910799271684,-0.972986227309673,0.30985805319435167,0.6522102445907456,-1.1635019296279825,2.6464768383582777,-0.35867624489035876,-1.2586335510551052,-0.5167110326499096,-0.9885710532241613,-1.9988034698300843,0.30527646040513345,0.5122442736515016,-0.7424708758502816,0.06878824724308273,0.7748212760494178,1.6005500639311296,1.6523474718374265,2.1140833792367264,1.0230864811853158,-0.7144894637714961,-0.7423298758908001,-0.9886313907262549,-0.6108712617933298,-0.9038343621061199,0.05743248768018408,2.2937283997464277,-1.206240525680768,-0.9882720345885417
-0.5935752742640285,1.142206531932559,-0.5858197112353846,0.612775710310261,-0.6439209162167846,0.36206941027214823,0.35268865596589305,0.5567243481984884,-0.02232548713228734,0.8733910799271684,-0.972986227309673,-1.593034932305078,-0.7150738826235884,0.03560568590174467,1.121685547383641,-0.35867624489035876,0.7945124291035353,1.9353176859251158,-0.9885710532241613,0.5002993116101648,0.30527646040513345,0.5122442736515016,1.3468541764076536,0.06878824724308273,1.7447414345573222,1.6005500639311296,2.7497080065691524,1.335563785613043,1.0230864811853158,-0.07006008996809053,-0.406980507465878,0.22958185438228482,1.1639420887973093,-0.07611236733525226,-0.5784474497517436,2.2937283997464277,1.3664154678038525,0.5005533681682226
-0.5935752742640285,1.142206531932559,-0.5858197112353846,0.612775710310261,-0.6439209162167846,0.36206941027214823,0.35268865596589305,0.5567243481984884,-0.02232548713228734,0.8733910799271684,-0.13899803247281048,-1.593034932305078,0.6522102445907456,-1.1635019296279825,-0.403105743590996,-0.35867624489035876,-1.2586335510551052,-0.5167110326499096,1.0115610777177464,0.5002993116101648,0.30527646040513345,0.5122442736515016,-0.7424708758502816,1.1406528759263421,0.7748212760494178,-1.0035656764492848,-0.5423735976260254,-0.9999949952580068,1.0230864811853158,-0.7144894637714961,0.5990675978088884,0.8386884769365547,0.5723376386004296,0.7516096274356154,0.05743248768018408,-1.1099153216713604,-1.206240525680768,0.5005533681682226
-0.5935752742640285,1.142206531932559,-0.5858197112353846,0.612775710310261,1.5529857391110689,0.36206941027214823,1.2420774405755364,0.5567243481984884,1.5851095863924067,-0.2852115724793929,-0.972986227309673,0.30985805319435167,-0.7150738826235884,-1.1635019296279825,-0.403105743590996,-0.35867624489035876,-1.2586335510551052,-0.5167110326499096,1.0115610777177464,-1.9988034698300843,0.30527646040513345,0.5122442736515016,-0.7424708758502816,1.1406528759263421,0.7748212760494178,1.6005500639311296,-0.5423735976260254,-0.9999949952580068,-0.381387268134171,-0.7144894637714961,-1.7483779811655664,-3.4250578809433345,-3.5688935127777284,-2.7248227506020286,0.05743248768018408,0.0246325854679023,-1.206240525680768,0.9968285024204774
1.6847062931317278,1.142206531932559,0.22103487785398448,0.612775710310261,1.5529857391110689,0.36206941027214823,0.35268865596589305,-1.262431268450093,0.7813920496300597,0.8733910799271684,-0.972986227309673,0.30985805319435167,0.6522102445907456,-1.1635019296279825,-0.403105743590996,-0.35867624489035876,-1.2586335510551052,-0.5167110326499096,-0.9885710532241613,-1.9988034698300843,0.30527646040513345,0.5122442736515016,-0.7424708758502816,-2.0749410101234362,0.7748212760494178,1.6005500639311296,1.6523474718374265,1.335563785613043,-1.0836241427939144,0.25215459693361225,-0.406980507465878,-0.37952476817198505,-0.019266811596450106,-0.4072011652435993,-0.8509674229368555,1.9155457640333402,-1.206240525680768,-0.49199690033628696
-0.5935752742640285,1.142206531932559,-1.3926743003247537,0.612775710310261,-0.6439209162167846,0.36206941027214823,0.35268865596589305,1.466302156522779,-0.02232548713228734,-0.2852115724793929,-0.13899803247281048,0.30985805319435167,-0.7150738826235884,0.03560568590174467,-0.403105743590996,-0.35867624489035876,0.7945124291035353,1.9353176859251158,1.0115610777177464,0.5002993116101648,0.30527646040513345,0.5122442736515016,-0.7424708758502816,1.1406528759263421,1.7447414345573222,-1.8716042565760895,-0.5423735976260254,-0.9999949952580068,1.0230864811853158,-0.7144894637714961,0.9344169662338104,1.1432417882136896,0.5723376386004296,1.0826984253439624,1.1172323834000635,-1.4880979573844482,1.3664154678038525,0.9968285024204774
-0.5935752742640285,-0.8754984077249564,-0.5858197112353846,0.612775710310261,-0.6439209162167846,0.36206941027214823,-0.5367001286437503,-0.35285346012580227,0.7813920496300597,0.8733910799271684,-0.13899803247281048,0.30985805319435167,-0.7150738826235884,-1.1635019296279825,2.6464768383582777,-0.35867624489035876,0.7945124291035353,1.9353176859251158,-0.9885710532241613,-1.9988034698300843,0.30527646040513345,0.5122442736515016,-0.7424708758502816,-3.1468056388066956,-1.1650190409663912,-1.0035656764492848,-0.5423735976260254,0.5570441919893597,1.0230864811853158,1.5410133445404235,-1.7483779811655664,-0.68407807944912,1.755546538994189,-1.234923160014467,-0.93171408165837,-0.3535500502451853,1.3664154678038525,-0.49199690033628696
1.6847062931317278,1.142206531932559,1.0278894669433536,-1.6319184706157481,-0.6439209162167846,0.36206941027214823,-1.4260889132533936,-1.262431268450093,-0.02232548713228734,-0.2852115724793929,-0.13899803247281048,0.30985805319435167,0.6522102445907456,-1.1635019296279825,1.121685547383641,-0.35867624489035876,-1.2586335510551052,-0.5167110326499096,1.0115610777177464,0.5002993116101648,-3.2757193223247443,0.5122442736515016,-0.7424708758502816,0.06878824724308273,0.7748212760494178,-0.13552709632247995,1.6523474718374265,1.335563785613043,0.3208496065255724,-0.7144894637714961,-1.0776792443157222,-0.68407807944912,0.5723376386004296,-0.9038343621061199,0.05743248768018408,1.1591804926071652,-1.206240525680768,-1.4845471688407965
-0.5935752742640285,-0.8754984077249564,-0.5858197112353846,0.612775710310261,-0.6439209162167846,-2.7619013692660572,-0.5367001286437503,-1.262431268450093,-0.02232548713228734,-0.2852115724793929,0.6949901623640521,0.30985805319435167,-0.7150738826235884,0.03560568590174467,-0.403105743590996,-0.35867624489035876,-1.2586335510551052,-0.5167110326499096,1.0115610777177464,0.5002993116101648,0.30527646040513345,0.5122442736515016,1.3468541764076536,1.1406528759263421,-0.19509888245848667,0.7325114838043248,-0.5423735976260254,-0.9999949952580068,-1.0836241427939144,-0.39227477686979334,0.2637182293839663,0.5341351656594198,0.5723376386004296,0.4205208295272683,-0.29583414422644244,-0.3535500502451853,-1.206240525680768,-0.9882720345885417
-0.5935752742640285,1.142206531932559,-1.3926743003247537,0.612775710310261,1.5529857391110689,-2.7619013692660572,1.2420774405755364,-0.35285346012580227,-0.8260430238946344,-1.443814224885954,0.6949901623640521,-1.593034932305078,0.6522102445907456,-1.1635019296279825,1.121685547383641,-0.35867624489035876,-1.2586335510551052,-0.5167110326499096,-0.9885710532241613,0.5002993116101648,0.30527646040513345,-1.9521936143308383,-0.7424708758502816,1.1406528759263421,1.7447414345573222,1.6005500639311296,1.6523474718374265,1.335563785613043,1.0230864811853158,0.25215459693361225,-0.07163113904095586,-0.07497145689485012,-0.019266811596450106,-0.07611236733525226,-0.8509674229368555,1.9155457640333402,-1.206240525680768,0.5005533681682226
-0.5935752742640285,1.142206531932559,1.0278894669433536,0.612775710310261,-0.6439209162167846,0.36206941027214823,-0.5367001286437503,-0.35285346012580227,-0.02232548713228734,-0.2852115724793929,1.5289783572009146,0.30985805319435167,-0.7150738826235884,-1.1635019296279825,-0.403105743590996,-0.35867624489035876,-1.2586335510551052,-0.5167110326499096,-0.9885710532241613,-1.9988034698300843,0.30527646040513345,0.5122442736515016,-0.7424708758502816,1.1406528759263421,0.7748212760494178,-1.0035656764492848,-0.5423735976260254,-0.22147540163432355,1.0230864811853158,0.25215459693361225,1.2697663346587327,0.8386884769365547,-0.6108712617933298,1.0826984253439624,-0.8509674229368555,-0.7317326859582729,-1.206240525680768,-0.49199690033628696
-0.5935752742640285,-0.8754984077249564,0.22103487785398448,0.612775710310261,-0.6439209162167846,0.36206941027214823,0.35268865596589305,-0.35285346012580227,-0.02232548713228734,-0.2852115724793929,-0.972986227309673,0.30985805319435167,-0.7150738826235884,0.03560568590174467,-0.403105743590996,-0.35867624489035876,-1.2586335510551052,-0.5167110326499096,1.0115610777177464,-1.9988034698300843,0.30527646040513345,0.5122442736515016,-0.7424708758502816,1.1406528759263421,-0.19509888245848667,0.7325114838043248,-0.5423735976260254,0.5570441919893597,-0.381387268134171,-0.39227477686979334,1.9404650715085767,2.0569017220450942,0.5723376386004296,2.0759648190690037,-0.29583414422644244,0.4028152211809899,-1.206240525680768,0.004278233915967804
-0.5935752742640285,-0.8754984077249564,0.22103487785398448,0.612775710310261,-0.6439209162167846,0.36206941027214823,1.2420774405755364,1.466302156522779,-0.8260430238946344,-1.443814224885954,-0.972986227309673,0.30985805319435167,-0.7150738826235884,-1.1635019296279825,-0.403105743590996,-0.35867624489035876,-1.2586335510551052,-0.5167110326499096,1.0115610777177464,0.5002993116101648,0.30527646040513345,0.5122442736515016,-0.7424708758502816,1.1406528759263421,-0.19509888245848667,0.7325114838043248,-0.5423735976260254,-0.22147540163432355,1.0230864811853158,-0.39227477686979334,0.9344169662338104,1.1432417882136896,0.5723376386004296,1.0826984253439624,-0.6491007761330689,0.0246325854679023,-1.206240525680768,1.4931036366727322
-0.5935752742640285,1.142206531932559,1.8347440560327226,0.612775710310261,-0.6439209162167846,0.36206941027214823,0.35268865596589305,-0.35285346012580227,0.7813920496300597,-2.6024168772925154,-0.13899803247281048,0.30985805319435167,-0.7150738826235884,-1.1635019296279825,-0.403105743590996,-0.35867624489035876,0.7945124291035353,-0.5167110326499096,-0.9885710532241613,0.5002993116101648,-3.2757193223247443,0.5122442736515016,1.3468541764076536,0.06878824724308273,1.7447414345573222,0.7325114838043248,-0.5423735976260254,-0.9999949952580068,0.3208496065255724,0.25215459693361225,-0.07163113904095586,-0.68407807944912,-1.2024757119902096,-0.4072011652435993,-0.8509674229368555,-0.3535500502451853,0.08008747106154226,0.004278233915967804
-0.5935752742640285,-0.8754984077249564,1.0278894669433536,0.612775710310261,-0.6439209162167846,0.36206941027214823,0.35268865596589305,-0.35285346012580227,-0.02232548713228734,0.8733910799271684,0.6949901623640521,0.30985805319435167,-0.7150738826235884,1.2347133014314717,-0.403105743590996,-0.35867624489035876,-1.2586335510551052,-0.5167110326499096,-0.9885710532241613,0.5002993116101648,0.30527646040513345,0.5122442736515016,1.3468541764076536,1.1406528759263421,0.7748212760494178,-0.13552709632247995,0.5549869371057006,0.5570441919893597,-1.7858610174536578,-0.07006008996809053,0.9344169662338104,1.4477950994908246,1.1639420887973093,1.248242824298136,-0.3664874706077677,0.4028152211809899,-1.206240525680768,0.004278233915967804
-0.5935752742640285,-0.8754984077249564,-0.5858197112353846,0.612775710310261,1.5529857391110689,0.36206941027214823,0.35268865596589305,-1.262431268450093,-0.02232548713228734,-0.2852115724793929,-0.13899803247281048,-1.593034932305078,-0.7150738826235884,0.03560568590174467,-0.403105743590996,2.788029634651948,0.7945124291035353,-0.5167110326499096,-0.9885710532241613,0.5002993116101648,0.30527646040513345,-1.9521936143308383,-0.7424708758502816,-1.0030763814401766,-0.19509888245848667,-0.13552709632247995,0.5549869371057006,0.5570441919893597,-1.0836241427939144,-0.7144894637714961,0.2637182293839663,0.5341351656594198,0.5723376386004296,0.4205208295272683,1.1172323834000635,0.4028152211809899,1.3664154678038525,-0.49199690033628696
-0.5935752742640285,-0.8754984077249564,-0.5858197112353846,0.612775710310261,-0.6439209162167846,-2.7619013692660572,0.35268865596589305,1.466302156522779,0.7813920496300597,-0.2852115724793929,-0.972986227309673,-1.593034932305078,-0.7150738826235884,-1.1635019296279825,-0.403105743590996,-0.35867624489035876,-1.2586335510551052,-0.5167110326499096,-0.9885710532241613,0.5002993116101648,0.30527646040513345,0.5122442736515016,-0.7424708758502816,-1.0030763814401766,-1.1650190409663912,-1.8716042565760895,-0.5423735976260254,1.335563785613043,1.0230864811853158,1.2187986576387206,1.2697663346587327,0.5341351656594198,-1.2024757119902096,0.9171540263897889,-0.9208443391381662,-0.3535500502451853,-1.206240525680768,0.9968285024204774
-0.5935752742640285,1.142206531932559,-0.5858197112353846,0.612775710310261,-0.6439209162167846,0.36206941027214823,1.2420774405755364,1.466302156522779,0.7813920496300597,0.8733910799271684,-0.972986227309673,0.30985805319435167,-0.7150738826235884,-1.1635019296279825,-0.403105743590996,-0.35867624489035876,-1.2586335510551052,-0.5167110326499096,1.0115610777177464,0.5002993116101648,0.30527646040513345,0.5122442736515016,-0.7424708758502816,1.1406528759263421,-0.19509888245848667,-1.0035656764492848,-0.5423735976260254,-0.22147540163432355,1.0230864811853158,-0.7144894637714961,0.5990675978088884,0.22958185438228482,-0.6108712617933298,0.4205208295272683,0.05743248768018408,-0.7317326859582729,-1.206240525680768,1.4931036366727322
-0.5935752742640285,-0.8754984077249564,0.22103487785398448,0.612775710310261,-0.6439209162167846,-2.7619013692660572,1.2420774405755364,0.5567243481984884,0.7813920496300597,0.8733910799271684,-0.972986227309673,0.30985805319435167,-0.7150738826235884,0.03560568590174467,-0.403105743590996,-0.35867624489035876,0.7945124291035353,-0.5167110326499096,-0.9885710532241613,0.5002993116101648,0.30527646040513345,0.5122442736515016,1.3468541764076536,1.1406528759263421,-1.1650190409663912,-1.0035656764492848,-0.5423735976260254,-0.22147540163432355,1.0230864811853158,1.5410133445404235,1.2697663346587327,0.8386884769365547,-0.6108712617933298,1.0826984253439624,-0.8610607552770447,-0.7317326859582729,0.08008747106154226,0.9968285024204774
1.6847062931317278,1.142206531932559,1.0278894669433536,-1.6319184706157481,-0.6439209162167846,0.36206941027214823,-1.4260889132533936,-1.262431268450093,0.7813920496300597,-0.2852115724793929,-0.972986227309673,2.2127510386937814,0.6522102445907456,-1.1635019296279825,1.121685547383641,-0.35867624489035876,0.7945124291035353,-0.5167110326499096,-0.9885710532241613,0.5002993116101648,-3.2757193223247443,0.5122442736515016,1.3468541764076536,1.1406528759263421,-0.19509888245848667,-0.13552709632247995,0.5549869371057006,0.5570441919893597,1.0230864811853158,-0.39227477686979334,-0.7423298758908001,-1.29318470200339,-1.2024757119902096,-1.0693787610602934,-0.6491007761330689,0.4028152211809899,0.08008747106154226,-1.4845471688407965
1.6847062931317278,-0.8754984077249564,-1.3926743003247537,0.612775710310261,-0.6439209162167846,0.36206941027214823,-0.5367001286437503,-1.262431268450093,-1.6297605606569814,-0.2852115724793929,-0.13899803247281048,0.30985805319435167,-0.7150738826235884,0.03560568590174467,-0.403105743590996,2.788029634651948,0.7945124291035353,-0.5167110326499096,-0.9885710532241613,-1.9988034698300843,0.30527646040513345,0.5122442736515016,-0.7424708758502816,0.06878824724308273,0.7748212760494178,-1.0035656764492848,1.6523474718374265,0.5570441919893597,-1.0836241427939144,-0.7144894637714961,-0.7423298758908001,-0.37952476817198505,0.5723376386004296,-0.5727455641977729,1.1172323834000635,0.4028152211809899,1.3664154678038525,-0.9882720345885417
-0.5935752742640285,-0.8754984077249564,-1.3926743003247537,0.612775710310261,1.5529857391110689,0.36206941027214823,0.35268865596589305,-0.35285346012580227,0.7813920496300597,-0.2852115724793929,1.5289783572009146,0.30985805319435167,-0.7150738826235884,0.03560568590174467,-0.403105743590996,-0.35867624489035876,0.7945124291035353,-0.5167110326499096,-0.9885710532241613,0.5002993116101648,0.30527646040513345,0.5122442736515016,-0.7424708758502816,0.06878824724308273,0.7748212760494178,0.7325114838043248,-0.5423735976260254,-0.9999949952580068,1.0230864811853158,-0.07006008996809053,0.2637182293839663,-0.07497145689485012,-0.6108712617933298,0.08943203161892128,-0.5784474497517436,-0.3535500502451853,0.08008747106154226,0.004278233915967804
-0.5935752742640285,-0.8754984077249564,0.22103487785398448,0.612775710310261,-0.6439209162167846,0.36206941027214823,-0.5367001286437503,-0.35285346012580227,-0.02232548713228734,-0.2852115724793929,-0.972986227309673,0.30985805319435167,-0.7150738826235884,0.03560568590174467,-0.403105743590996,-0.35867624489035876,0.7945124291035353,-0.5167110326499096,-0.9885710532241613,0.5002993116101648,0.30527646040513345,-1.9521936143308383,1.3468541764076536,0.06878824724308273,-1.1650190409663912,-1.0035656764492848,-0.5423735976260254,-0.9999949952580068,-0.381387268134171,-0.07006008996809053,0.9344169662338104,0.5341351656594198,-0.6108712617933298,0.7516096274356154,-0.5784474497517436,-1.1099153216713604,0.08008747106154226,-0.49199690033628696
-0.5935752742640285,1.142206531932559,0.22103487785398448,0.612775710310261,-0.6439209162167846,0.36206941027214823,0.35268865596589305,-1.262431268450093,0.7813920496300597,-0.2852115724793929,0.6949901623640521,0.30985805319435167,-0.7150738826235884,0.03560568590174467,-0.403105743590996,-0.35867624489035876,-1.2586335510551052,-0.5167110326499096,1.0115610777177464,0.5002993116101648,0.30527646040513345,0.5122442736515016,1.3468541764076536,1.1406528759263421,0.7748212760494178,0.7325114838043248,1.6523474718374265,1.335563785613043,1.0230864811853158,-0.7144894637714961,-0.07163113904095586,-0.07497145689485012,-0.019266811596450106,-0.07611236733525226,1.1172323834000635,1.5373631283202527,-1.206240525680768,-0.49199690033628696
-0.5935752742640285,-0.8754984077249564,-0.5858197112353846,0.612775710310261,-0.6439209162167846,0.36206941027214823,-1.4260889132533936,-1.262431268450093,-1.6297605606569814,-0.2852115724793929,-0.13899803247281048,0.30985805319435167,0.6522102445907456,-1.1635019296279825,-0.403105743590996,-0.35867624489035876,0.7945124291035353,-0.5167110326499096,-0.9885710532241613,0.5002993116101648,0.30527646040513345,-1.9521936143308383,-0.7424708758502816,0.06878824724308273,-0.19509888245848667,-1.0035656764492848,-0.5423735976260254,1.335563785613043,1.0230864811853158,-0.39227477686979334,0.2637182293839663,0.5341351656594198,0.5723376386004296,0.4205208295272683,-0.6491007761330689,0.0246325854679023,0.08008747106154226,-1.4845471688407965
-0.5935752742640285,-0.8754984077249564,-1.3926743003247537,0.612775710310261,-0.6439209162167846,0.36206941027214823,0.35268865596589305,-0.35285346012580227,0.7813920496300597,-0.2852115724793929,-0.13899803247281048,0.30985805319435167,0.6522102445907456,0.03560568590174467,-0.403105743590996,2.788029634651948,0.7945124291035353,1.9353176859251158,-0.9885710532241613,0.5002993116101648,0.30527646040513345,0.5122442736515016,-0.7424708758502816,0.06878824724308273,-0.19509888245848667,1.6005500639311296,-0.5423735976260254,-0.9999949952580068,-1.0836241427939144,3.4743014659506404,-1.4130286127406444,-1.5977380132805248,-0.6108712617933298,-1.566011957922814,-0.9238637120604449,0.0246325854679023,2.6527434645461625,0.004278233915967804
1.6847062931317278,-0.8754984077249564,-0.5858197112353846,-1.6319184706157481,-0.6439209162167846,0.36206941027214823,1.2420774405755364,1.466302156522779,1.5851095863924067,2.0319937323337296,-0.972986227309673,0.30985805319435167,0.6522102445907456,1.2347133014314717,-0.403105743590996,-0.35867624489035876,-1.2586335510551052,-0.5167110326499096,1.0115610777177464,0.5002993116101648,0.30527646040513345,0.5122442736515016,1.3468541764076536,0.06878824724308273,-1.1650190409663912,-1.0035656764492848,-0.5423735976260254,-0.9999949952580068,0.3208496065255724,0.25215459693361225,1.6051157030836547,1.4477950994908246,-0.019266811596450106,1.579331622206483,-0.5481674527311755,-1.1099153216713604,-1.206240525680768,1.4931036366727322
1.6847062931317278,-0.8754984077249564,0.22103487785398448,0.612775710310261,-0.6439209162167846,0.36206941027214823,1.2420774405755364,-0.35285346012580227,1.5851095863924067,0.8733910799271684,-0.13899803247281048,0.30985805319435167,-0.7150738826235884,0.03560568590174467,-0.403105743590996,2.788029634651948,0.7945124291035353,-0.5167110326499096,1.0115610777177464,0.5002993116101648,0.30527646040513345,0.5122442736515016,-0.7424708758502816,1.1406528759263421,1.7447414345573222,1.6005500639311296,-0.5423735976260254,0.5570441919893597,1.0230864811853158,-0.7144894637714961,-1.0776792443157222,-0.9886313907262549,-0.019266811596450106,-1.0693787610602934,1.1172323834000635,0.7809978568940775,1.3664154678038525,0.5005533681682226
1.6847062931317278,-0.8754984077249564,0.22103487785398448,0.612775710310261,-0.6439209162167846,0.36206941027214823,1.2420774405755364,-1.262431268450093,-0.8260430238946344,-2.6024168772925154,-0.972986227309673,0.30985805319435167,-0.7150738826235884,-1.1635019296279825,-0.403105743590996,-0.35867624489035876,0.7945124291035353,-0.5167110326499096,-0.9885710532241613,0.5002993116101648,0.30527646040513345,-1.9521936143308383,1.3468541764076536,-1.0030763814401766,-1.1650190409663912,-1.0035656764492848,-0.5423735976260254,-0.9999949952580068,1.0230864811853158,-0.7144894637714961,-1.0776792443157222,-0.37952476817198505,1.1639420887973093,-0.7382899631519464,0.05743248768018408,-1.1099153216713604,0.08008747106154226,0.004278233915967804
-0.5935752742640285,-0.8754984077249564,-1.3926743003247537,-1.6319184706157481,-0.6439209162167846,0.36206941027214823,-1.4260889132533936,-1.262431268450093,-1.6297605606569814,-0.2852115724793929,-0.13899803247281048,0.30985805319435167,0.6522102445907456,2.4338209169611993,-0.403105743590996,2.788029634651948,0.7945124291035353,1.9353176859251158,1.0115610777177464,0.5002993116101648,0.30527646040513345,0.5122442736515016,-0.7424708758502816,-1.0030763814401766,-2.1349391994742954,-1.0035656764492848,-0.5423735976260254,-0.9999949952580068,-1.7858610174536578,-0.07006008996809053,0.5990675978088884,0.5341351656594198,-0.019266811596450106,0.5860652284814418,-0.15452749146379174,-1.1099153216713604,2.6527434645461625,-1.4845471688407965
-0.5935752742640285,1.142206531932559,1.0278894669433536,0.612775710310261,-0.6439209162167846,0.36206941027214823,-1.4260889132533936,-0.35285346012580227,-1.6297605606569814,-0.2852115724793929,-0.13899803247281048,2.2127510386937814,0.6522102445907456,-1.1635019296279825,-0.403105743590996,-0.35867624489035876,-1.2586335510551052,-0.5167110326499096,-0.9885710532241613,-1.9988034698300843,-3.2757193223247443,0.5122442736515016,-0.7424708758502816,-1.0030763814401766,0.7748212760494178,0.7325114838043248,0.5549869371057006,1.335563785613043,0.3208496065255724,0.8965839707370178,-0.406980507465878,-0.37952476817198505,-0.019266811596450106,-0.4072011652435993,-0.9060219629742516,1.1591804926071652,-1.206240525680768,-0.9882720345885417
-0.5935752742640285,1.142206531932559,1.0278894669433536,-1.6319184706157481,1.5529857391110689,-2.7619013692660572,0.35268865596589305,1.466302156522779,-0.02232548713228734,-0.2852115724793929,1.5289783572009146,0.30985805319435167,0.6522102445907456,0.03560568590174467,-0.403105743590996,-0.35867624489035876,0.7945124291035353,1.9353176859251158,1.0115610777177464,0.5002993116101648,0.30527646040513345,0.5122442736515016,-0.7424708758502816,0.06878824724308273,-1.1650190409663912,1.6005500639311296,1.6523474718374265,1.335563785613043,-1.7858610174536578,1.379906001089572,1.9404650715085767,1.7523484107679594,-0.019266811596450106,1.91042042011483,-0.8509674229368555,1.9155457640333402,1.3664154678038525,0.9968285024204774
-0.5935752742640285,1.142206531932559,0.22103487785398448,0.612775710310261,-0.6439209162167846,0.36206941027214823,-0.5367001286437503,-1.262431268450093,-0.02232548713228734,-0.2852115724793929,-0.13899803247281048,0.30985805319435167,0.6522102445907456,-1.1635019296279825,4.171268129332915,2.788029634651948,0.7945124291035353,-0.5167110326499096,1.0115610777177464,0.5002993116101648,-3.2757193223247443,0.5122442736515016,-0.7424708758502816,0.06878824724308273,1.7447414345573222,-1.8716042565760895,-0.5423735976260254,-0.9999949952580068,-0.381387268134171,-0.7144894637714961,-0.7423298758908001,-0.68407807944912,-0.019266811596450106,-0.7382899631519464,0.05743248768018408,-1.4880979573844482,1.3664154678038525,-0.9882720345885417
-0.5935752742640285,-0.8754984077249564,0.22103487785398448,0.612775710310261,1.5529857391110689,0.36206941027214823,-0.5367001286437503,-0.35285346012580227,0.7813920496300597,0.8733910799271684,-0.972986227309673,-1.593034932305078,-0.7150738826235884,2.4338209169611993,-0.403105743590996,-0.35867624489035876,-1.2586335510551052,1.9353176859251158,1.0115610777177464,0.5002993116101648,0.30527646040513345,0.5122442736515016,1.3468541764076536,-1.0030763814401766,0.7748212760494178,-1.8716042565760895,-0.5423735976260254,-0.9999949952580068,-1.0836241427939144,-0.7144894637714961,-0.406980507465878,-0.68407807944912,-0.6108712617933298,-0.5727455641977729,3.236832174839822,-1.4880979573844482,0.08008747106154226,-0.49199690033628696
-0.5935752742640285,-0.8754984077249564,0.22103487785398448,0.612775710310261,-0.6439209162167846,0.36206941027214823,-0.5367001286437503,1.466302156522779,0.7813920496300597,0.8733910799271684,1.5289783572009146,-1.593034932305078,-0.7150738826235884,0.03560568590174467,-0.403105743590996,-0.35867624489035876,0.7945124291035353,-0.5167110326499096,1.0115610777177464,0.5002993116101648,0.30527646040513345,-1.9521936143308383,-0.7424708758502816,1.1406528759263421,0.7748212760494178,-1.0035656764492848,0.5549869371057006,0.5570441919893597,1.0230864811853158,-0.7144894637714961,1.9404650715085767,2.0569017220450942,0.5723376386004296,2.0759648190690037,1.1172323834000635,0.0246325854679023,0.08008747106154226,0.5005533681682226
-0.5935752742640285,1.142206531932559,-1.3926743003247537,0.612775710310261,-0.6439209162167846,0.36206941027214823,1.2420774405755364,-0.35285346012580227,-0.02232548713228734,-0.2852115724793929,-0.972986227309673,0.30985805319435167,-0.7150738826235884,2.4338209169611993,-0.403105743590996,-0.35867624489035876,-1.2586335510551052,-0.5167110326499096,-0.9885710532241613,0.5002993116101648,0.30527646040513345,0.5122442736515016,-0.7424708758502816,-1.0030763814401766,-0.19509888245848667,-0.13552709632247995,-0.5423735976260254,-0.9999949952580068,-0.381387268134171,-0.7144894637714961,-0.07163113904095586,-0.68407807944912,-1.2024757119902096,-0.4072011652435993,3.236832174839822,-0.7317326859582729,-1.206240525680768,0.5005533681682226
-0.5935752742640285,-0.8754984077249564,1.0278894669433536,0.612775710310261,-0.6439209162167846,0.36206941027214823,1.2420774405755364,0.5567243481984884,0.7813920496300597,-0.2852115724793929,-0.13899803247281048,-1.593034932305078,-0.7150738826235884,0.03560568590174467,-0.403105743590996,-0.35867624489035876,0.7945124291035353,-0.5167110326499096,-0.9885710532241613,0.5002993116101648,0.30527646040513345,0.5122442736515016,1.3468541764076536,-1.0030763814401766,-2.1349391994742954,-1.0035656764492848,-0.5423735976260254,0.5570441919893597,-1.0836241427939144,-0.39227477686979334,1.2697663346587327,1.1432417882136896,-0.019266811596450106,1.248242824298136,-0.29583414422644244,-0.3535500502451853,0.08008747106154226,0.9968285024204774
-0.5935752742640285,-0.8754984077249564,0.22103487785398448,0.612775710310261,-0.6439209162167846,-2.7619013692660572,-0.5367001286437503,-0.35285346012580227,-1.6297605606569814,-2.6024168772925154,-0.13899803247281048,-1.593034932305078,-0.7150738826235884,0.03560568590174467,-0.403105743590996,-0.35867624489035876,0.7945124291035353,-0.5167110326499096,-0.9885710532241613,0.5002993116101648,0.30527646040513345,0.5122442736515016,1.3468541764076536,-1.0030763814401766,-0.19509888245848667,-1.8716042565760895,-0.5423735976260254,-0.22147540163432355,0.3208496065255724,2.185442718343829,-0.406980507465878,0.22958185438228482,1.1639420887973093,-0.07611236733525226,-0.890809524279708,-1.1099153216713604,0.08008747106154226,-0.49199690033628696
1.6847062931317278,-0.8754984077249564,1.8347440560327226,0.612775710310261,-0.6439209162167846,0.36206941027214823,-1.4260889132533936,-1.262431268450093,-1.6297605606569814,0.8733910799271684,0.6949901623640521,-1.593034932305078,0.6522102445907456,-1.1635019296279825,1.121685547383641,-0.35867624489035876,-1.2586335510551052,-0.5167110326499096,-0.9885710532241613,0.5002993116101648,-3.2757193223247443,-1.9521936143308383,-0.7424708758502816,1.1406528759263421,1.7447414345573222,1.6005500639311296,0.5549869371057006,0.5570441919893597,-1.0836241427939144,-0.7144894637714961,-2.0837273495904887,-3.4250578809433345,-2.977289062580849,-2.8903671495562024,0.05743248768018408,1.1591804926071652,-1.206240525680768,-1.4845471688407965
-0.5935752742640285,1.142206531932559,-1.3926743003247537,0.612775710310261,-0.6439209162167846,0.36206941027214823,1.2420774405755364,-0.35285346012580227,1.5851095863924067,-0.2852115724793929,-0.13899803247281048,0.30985805319435167,-0.7150738826235884,0.03560568590174467,-0.403105743590996,-0.35867624489035876,0.7945124291035353,1.9353176859251158,-0.9885710532241613,0.5002993116101648,0.30527646040513345,-1.9521936143308383,-0.7424708758502816,0.06878824724308273,-0.19509888245848667,-0.13552709632247995,0.5549869371057006,-0.22147540163432355,1.0230864811853158,-0.39227477686979334,1.2697663346587327,1.1432417882136896,-0.019266811596450106,1.248242824298136,-0.29583414422644244,0.0246325854679023,1.3664154678038525,0.5005533681682226
-0.5935752742640285,-0.8754984077249564,0.22103487785398448,0.612775710310261,-0.6439209162167846,0.36206941027214823,0.35268865596589305,0.5567243481984884,0.7813920496300597,-0.2852115724793929,-0.13899803247281048,0.30985805319435167,0.6522102445907456,1.2347133014314717,-0.403105743590996,-0.35867624489035876,0.7945124291035353,-0.5167110326499096,-0.9885710532241613,0.5002993116101648,0.30527646040513345,0.5122442736515016,1.3468541764076536,0.06878824724308273,-1.1650190409663912,-1.0035656764492848,0.5549869371057006,0.5570441919893597,1.0230864811853158,0.8965839707370178,-0.07163113904095586,-0.07497145689485012,-0.019266811596450106,-0.07611236733525226,-0.7133310728433646,0.0246325854679023,0.08008747106154226,0.5005533681682226
1.6847062931317278,-0.8754984077249564,0.22103487785398448,0.612775710310261,-0.6439209162167846,0.36206941027214823,-0.5367001286437503,-0.35285346012580227,-0.02232548713228734,-2.6024168772925154,-0.13899803247281048,0.30985805319435167,-0.7150738826235884,1.2347133014314717,-0.403105743590996,-0.35867624489035876,-1.2586335510551052,-0.5167110326499096,1.0115610777177464,0.5002993116101648,0.30527646040513345,-1.9521936143308383,1.3468541764076536,-1.0030763814401766,0.7748212760494178,-0.13552709632247995,-0.5423735976260254,-0.9999949952580068,-0.381387268134171,0.574369283835315,-0.406980507465878,-0.07497145689485012,0.5723376386004296,-0.24165676628942578,-0.6491007761330689,-0.7317326859582729,-1.206240525680768,-0.49199690033628696
-0.5935752742640285,-0.8754984077249564,0.22103487785398448,0.612775710310261,1.5529857391110689,0.36206941027214823,-1.4260889132533936,-1.262431268450093,-1.6297605606569814,-2.6024168772925154,-0.972986227309673,0.30985805319435167,-0.7150738826235884,1.2347133014314717,-0.403105743590996,-0.35867624489035876,0.7945124291035353,-0.5167110326499096,1.0115610777177464,0.5002993116101648,0.30527646040513345,0.5122442736515016,1.3468541764076536,0.06878824724308273,-0.19509888245848667,-1.0035656764492848,-0.5423735976260254,-0.22147540163432355,0.3208496065255724,0.8965839707370178,-0.07163113904095586,-0.37952476817198505,-0.6108712617933298,-0.24165676628942578,-0.7133310728433646,-0.7317326859582729,0.08008747106154226,-1.4845471688407965
-0.5935752742640285,1.142206531932559,0.22103487785398448,0.612775710310261,1.5529857391110689,0.36206941027214823,1.2420774405755364,1.466302156522779,-0.02232548713228734,2.0319937323337296,-0.13899803247281048,-1.593034932305078,0.6522102445907456,-1.1635019296279825,-0.403105743590996,-0.35867624489035876,-1.2586335510551052,-0.5167110326499096,-0.9885710532241613,0.5002993116101648,0.30527646040513345,0.5122442736515016,-0.7424708758502816,0.06878824724308273,-2.1349391994742954,-1.8716042565760895,0.5549869371057006,-0.22147540163432355,1.0230864811853158,-0.7144894637714961,0.2637182293839663,0.5341351656594198,0.5723376386004296,0.4205208295272683,0.05743248768018408,-0.7317326859582729,-1.206240525680768,1.4931036366727322
-0.5935752742640285,-0.8754984077249564,1.0278894669433536,0.612775710310261,-0.6439209162167846,0.36206941027214823,-0.5367001286437503,-1.262431268450093,-0.02232548713228734,-0.2852115724793929,-0.972986227309673,2.2127510386937814,0.6522102445907456,1.2347133014314717,-0.403105743590996,-0.35867624489035876,0.7945124291035353,-0.5167110326499096,-0.9885710532241613,-1.9988034698300843,0.30527646040513345,0.5122442736515016,1.3468541764076536,0.06878824724308273,0.7748212760494178,0.7325114838043248,-0.5423735976260254,-0.9999949952580068,-0.381387268134171,0.8965839707370178,0.2637182293839663,-0.37952476817198505,-1.2024757119902096,-0.07611236733525226,-0.7133310728433646,-0.3535500502451853,0.08008747106154226,-0.9882720345885417
-0.5935752742640285,-0.8754984077249564,0.22103487785398448,0.612775710310261,-0.6439209162167846,0.36206941027214823,-1.4260889132533936,-1.262431268450093,-0.02232548713228734,-0.2852115724793929,-0.972986227309673,0.30985805319435167,-0.7150738826235884,0.03560568590174467,-0.403105743590996,-0.35867624489035876,0.7945124291035353,1.9353176859251158,-0.9885710532241613,-1.9988034698300843,0.30527646040513345,-1.9521936143308383,-0.7424708758502816,0.06878824724308273,0.7748212760494178,0.7325114838043248,-0.5423735976260254,0.5570441919893597,-1.7858610174536578,-0.07006008996809053,-0.7423298758908001,-0.68407807944912,-0.019266811596450106,-0.7382899631519464,-0.5784474497517436,0.4028152211809899,1.3664154678038525,-1.4845471688407965
-0.5935752742640285,1.142206531932559,1.0278894669433536,0.612775710310261,-0.6439209162167846,0.36206941027214823,-0.5367001286437503,-0.35285346012580227,-0.02232548713228734,0.8733910799271684,1.5289783572009146,-1.593034932305078,-0.7150738826235884,0.03560568590174467,1.121685547383641,-0.35867624489035876,-1.2586335510551052,-0.5167110326499096,-0.9885710532241613,0.5002993116101648,-3.2757193223247443,0.5122442736515016,-0.7424708758502816,1.1406528759263421,1.7447414345573222,0.7325114838043248,1.6523474718374265,2.1140833792367264,-1.0836241427939144,-0.7144894637714961,-1.4130286127406444,-1.29318470200339,-0.019266811596450106,-1.4004675589686404,1.1172323834000635,1.9155457640333402,-1.206240525680768,-0.49199690033628696
-0.5935752742640285,1.142206531932559,0.22103487785398448,-1.6319184706157481,-0.6439209162167846,0.36206941027214823,-1.4260889132533936,-0.35285346012580227,-1.6297605606569814,-0.2852115724793929,-0.13899803247281048,0.30985805319435167,-0.7150738826235884,0.03560568590174467,-0.403105743590996,-0.35867624489035876,-1.2586335510551052,-0.5167110326499096,-0.9885710532241613,0.5002993116101648,0.30527646040513345,-1.9521936143308383,-0.7424708758502816,-1.0030763814401766,-2.1349391994742954,-0.13552709632247995,-0.5423735976260254,2.1140833792367264,-0.381387268134171,0.25215459693361225,-0.7423298758908001,-0.68407807944912,-0.019266811596450106,-0.7382899631519464,-0.6995674378340155,0.7809978568940775,-1.206240525680768,-0.9882720345885417
-0.5935752742640285,-0.8754984077249564,0.22103487785398448,0.612775710310261,1.5529857391110689,0.36206941027214823,-0.5367001286437503,-0.35285346012580227,-0.02232548713228734,-0.2852115724793929,-0.972986227309673,-1.593034932305078,-0.7150738826235884,-1.1635019296279825,-0.403105743590996,-0.35867624489035876,0.7945124291035353,-0.5167110326499096,-0.9885710532241613,0.5002993116101648,0.30527646040513345,0.5122442736515016,1.3468541764076536,-1.0030763814401766,0.7748212760494178,0.7325114838043248,-0.5423735976260254,0.5570441919893597,1.0230864811853158,-0.39227477686979334,0.5990675978088884,0.22958185438228482,-0.6108712617933298,0.4205208295272683,-0.6491007761330689,0.4028152211809899,0.08008747106154226,-0.49199690033628696
-0.5935752742640285,1.142206531932559,0.22103487785398448,0.612775710310261,-0.6439209162167846,0.36206941027214823,-1.4260889132533936,-1.262431268450093,-0.02232548713228734,-0.2852115724793929,1.5289783572009146,-1.593034932305078,-0.7150738826235884,0.03560568590174467,-0.403105743590996,-0.35867624489035876,-1.2586335510551052,1.9353176859251158,-0.9885710532241613,-1.9988034698300843,0.30527646040513345,0.5122442736515016,-0.7424708758502816,0.06878824724308273,-0.19509888245848667,-0.13552709632247995,-0.5423735976260254,-0.22147540163432355,0.3208496065255724,-0.39227477686979334,0.2637182293839663,-0.37952476817198505,-1.2024757119902096,-0.07611236733525226,-0.29583414422644244,-0.3535500502451853,0.08008747106154226,-1.4845471688407965
1.6847062931317278,-0.8754984077249564,-0.5858197112353846,0.612775710310261,1.5529857391110689,-2.7619013692660572,-0.5367001286437503,-0.35285346012580227,-1.6297605606569814,-0.2852115724793929,1.5289783572009146,0.30985805319435167,0.6522102445907456,2.4338209169611993,-0.403105743590996,-0.35867624489035876,-1.2586335510551052,-0.5167110326499096,1.0115610777177464,-1.9988034698300843,-3.2757193223247443,-1.9521936143308383,1.3468541764076536,-3.1468056388066956,-1.1650190409663912,-1.8716042565760895,-0.5423735976260254,-0.9999949952580068,-1.7858610174536578,-0.07006008996809053,-0.406980507465878,-0.68407807944912,-0.6108712617933298,-0.5727455641977729,-0.15452749146379174,-1.4880979573844482,-1.206240525680768,-0.49199690033628696
-0.5935752742640285,-0.8754984077249564,-0.5858197112353846,0.612775710310261,-0.6439209162167846,0.36206941027214823,1.2420774405755364,1.466302156522779,0.7813920496300597,0.8733910799271684,1.5289783572009146,0.30985805319435167,-0.7150738826235884,1.2347133014314717,-0.403105743590996,-0.35867624489035876,0.7945124291035353,-0.5167110326499096,1.0115610777177464,0.5002993116101648,0.30527646040513345,0.5122442736515016,-0.7424708758502816,-1.0030763814401766,-1.1650190409663912,-0.13552709632247995,-0.5423735976260254,-0.22147540163432355,-1.0836241427939144,0.8965839707370178,0.5990675978088884,0.5341351656594198,-0.019266811596450106,0.5860652284814418,-0.7133310728433646,-0.3535500502451853,0.08008747106154226,1.4931036366727322
-0.5935752742640285,1.142206531932559,1.0278894669433536,0.612775710310261,1.5529857391110689,0.36206941027214823,-0.5367001286437503,-1.262431268450093,-1.6297605606569814,-0.2852115724793929,-0.972986227309673,0.30985805319435167,3.3867784990194134,0.03560568590174467,-0.403105743590996,2.788029634651948,0.7945124291035353,1.9353176859251158,1.0115610777177464,0.5002993116101648,0.30527646040513345,0.5122442736515016,1.3468541764076536,0.06878824724308273,-0.19509888245848667,-1.0035656764492848,2.7497080065691524,2.1140833792367264,-0.381387268134171,1.5410133445404235,-0.406980507465878,-0.9886313907262549,-1.2024757119902096,-0.7382899631519464,-0.8610607552770447,1.5373631283202527,2.6527434645461625,-0.9882720345885417
-0.5935752742640285,1.142206531932559,-0.5858197112353846,0.612775710310261,1.5529857391110689,0.36206941027214823,-1.4260889132533936,-1.262431268450093,-0.02232548713228734,-0.2852115724793929,-0.13899803247281048,0.30985805319435167,0.6522102445907456,0.03560568590174467,-0.403105743590996,-0.35867624489035876,0.7945124291035353,-0.5167110326499096,-0.9885710532241613,0.5002993116101648,0.30527646040513345,0.5122442736515016,-0.7424708758502816,-1.0030763814401766,0.7748212760494178,-1.0035656764492848,-0.5423735976260254,-0.9999949952580068,1.0230864811853158,-0.39227477686979334,-0.7423298758908001,-0.68407807944912,-0.019266811596450106,-0.7382899631519464,-0.29583414422644244,-1.1099153216713604,0.08008747106154226,-1.4845471688407965
-0.5935752742640285,-0.8754984077249564,0.22103487785398448,0.612775710310261,-0.6439209162167846,0.36206941027214823,1.2420774405755364,1.466302156522779,1.5851095863924067,0.8733910799271684,-0.972986227309673,0.30985805319435167,-0.7150738826235884,1.2347133014314717,-0.403105743590996,-0.35867624489035876,0.7945124291035353,-0.5167110326499096,1.0115610777177464,0.5002993116101648,0.30527646040513345,0.5122442736515016,-0.7424708758502816,1.1406528759263421,0.7748212760494178,0.7325114838043248,-0.5423735976260254,0.5570441919893597,0.3208496065255724,-0.7144894637714961,0.5990675978088884,0.22958185438228482,-0.6108712617933298,0.4205208295272683,2.177032279119943,0.4028152211809899,0.08008747106154226,1.4931036366727322
-0.5935752742640285,-0.8754984077249564,-0.5858197112353846,0.612775710310261,-0.6439209162167846,0.36206941027214823,-0.5367001286437503,-0.35285346012580227,-0.02232548713228734,-0.2852115724793929,-0.13899803247281048,0.30985805319435167,-0.7150738826235884,0.03560568590174467,-0.403105743590996,-0.35867624489035876,0.7945124291035353,1.9353176859251158,-0.9885710532241613,-1.9988034698300843,0.30527646040513345,0.5122442736515016,-0.7424708758502816,1.1406528759263421,-2.1349391994742954,1.6005500639311296,-0.5423735976260254,-0.9999949952580068,0.3208496065255724,-0.7144894637714961,-1.7483779811655664,-1.29318470200339,0.5723376386004296,-1.566011957922814,1.1172323834000635,0.0246325854679023,1.3664154678038525,-0.49199690033628696
-0.5935752742640285,1.142206531932559,0.22103487785398448,0.612775710310261,-0.6439209162167846,0.36206941027214823,1.2420774405755364,1.466302156522779,0.7813920496300597,2.0319937323337296,-0.13899803247281048,0.30985805319435167,-0.7150738826235884,-1.1635019296279825,-0.403105743590996,-0.35867624489035876,-1.2586335510551052,-0.5167110326499096,-0.9885710532241613,0.5002993116101648,0.30527646040513345,0.5122442736515016,-0.7424708758502816,1.1406528759263421,-1.1650190409663912,-0.13552709632247995,-0.5423735976260254,-0.22147540163432355,1.0230864811853158,-0.07006008996809053,0.5990675978088884,0.5341351656594198,-0.019266811596450106,0.5860652284814418,-0.7904074288957195,-0.3535500502451853,-1.206240525680768,1.4931036366727322
-0.5935752742640285,-0.8754984077249564,-0.5858197112353846,0.612775710310261,1.5529857391110689,0.36206941027214823,-1.4260889132533936,-0.35285346012580227,-0.02232548713228734,0.8733910799271684,1.5289783572009146,-1.593034932305078,-0.7150738826235884,0.03560568590174467,-0.403105743590996,2.788029634651948,-1.2586335510551052,-0.5167110326499096,1.0115610777177464,0.5002993116101648,0.30527646040513345,0.5122442736515016,-0.7424708758502816,0.06878824724308273,0.7748212760494178,-0.13552709632247995,-0.5423735976260254,-0.9999949952580068,-1.7858610174536578,-0.7144894637714961,0.5990675978088884,0.5341351656594198,-0.019266811596450106,0.5860652284814418,1.1172323834000635,-0.7317326859582729,0.08008747106154226,-0.9882720345885417
1.6847062931317278,-0.8754984077249564,1.0278894669433536,0.612775710310261,-0.6439209162167846,-2.7619013692660572,-1.4260889132533936,-0.35285346012580227,-1.6297605606569814,-0.2852115724793929,-0.972986227309673,0.30985805319435167,0.6522102445907456,0.03560568590174467,2.6464768383582777,-0.35867624489035876,0.7945124291035353,-0.5167110326499096,-0.9885710532241613,0.5002993116101648,0.30527646040513345,-1.9521936143308383,-0.7424708758502816,0.06878824724308273,-0.19509888245848667,-0.13552709632247995,-0.5423735976260254,-0.9999949952580068,1.0230864811853158,-0.39227477686979334,-1.7483779811655664,-0.9886313907262549,1.1639420887973093,-1.4004675589686404,-0.29583414422644244,-0.7317326859582729,0.08008747106154226,-0.9882720345885417
-0.5935752742640285,-0.8754984077249564,0.22103487785398448,0.612775710310261,-0.6439209162167846,0.36206941027214823,1.2420774405755364,0.5567243481984884,-0.8260430238946344,-0.2852115724793929,1.5289783572009146,0.30985805319435167,-0.7150738826235884,1.2347133014314717,-0.403105743590996,-0.35867624489035876,0.7945124291035353,-0.5167110326499096,1.0115610777177464,0.5002993116101648,0.30527646040513345,0.5122442736515016,1.3468541764076536,0.06878824724308273,0.7748212760494178,-0.13552709632247995,-0.5423735976260254,0.5570441919893597,0.3208496065255724,-0.7144894637714961,-0.07163113904095586,0.22958185438228482,0.5723376386004296,0.08943203161892128,2.177032279119943,0.0246325854679023,0.08008747106154226,0.9968285024204774
-0.5935752742640285,1.142206531932559,0.22103487785398448,0.612775710310261,-0.6439209162167846,0.36206941027214823,0.35268865596589305,0.5567243481984884,-0.02232548713228734,-0.2852115724793929,1.5289783572009146,-1.593034932305078,-0.7150738826235884,0.03560568590174467,-0.403105743590996,-0.35867624489035876,-1.2586335510551052,-0.5167110326499096,1.0115610777177464,-1.9988034698300843,0.30527646040513345,0.5122442736515016,-0.7424708758502816,0.06878824724308273,-0.19509888245848667,0.7325114838043248,-0.5423735976260254,1.335563785613043,0.3208496065255724,-0.07006008996809053,-1.7483779811655664,-1.9022913245576598,-0.6108712617933298,-1.897100755831161,-0.5784474497517436,0.7809978568940775,-1.206240525680768,0.5005533681682226
-0.5935752742640285,1.142206531932559,-1.3926743003247537,0.612775710310261,-0.6439209162167846,0.36206941027214823,1.2420774405755364,0.5567243481984884,1.5851095863924067,0.8733910799271684,-0.972986227309673,-1.593034932305078,0.6522102445907456,2.4338209169611993,-0.403105743590996,2.788029634651948,0.7945124291035353,-0.5167110326499096,-0.9885710532241613,0.5002993116101648,0.30527646040513345,0.5122442736515016,-0.7424708758502816,-2.0749410101234362,-1.1650190409663912,-1.0035656764492848,-0.5423735976260254,-0.9999949952580068,-0.381387268134171,0.25215459693361225,-0.7423298758908001,-0.07497145689485012,1.1639420887973093,-0.4072011652435993,-0.3967674676283357,-1.1099153216713604,1.3664154678038525,0.9968285024204774
-0.5935752742640285,-0.8754984077249564,-0.5858197112353846,0.612775710310261,-0.6439209162167846,0.36206941027214823,1.2420774405755364,0.5567243481984884,1.5851095863924067,-0.2852115724793929,0.6949901623640521,0.30985805319435167,-0.7150738826235884,0.03560568590174467,-0.403105743590996,-0.35867624489035876,-1.2586335510551052,-0.5167110326499096,1.0115610777177464,0.5002993116101648,0.30527646040513345,0.5122442736515016,1.3468541764076536,-3.1468056388066956,-0.19509888245848667,-1.0035656764492848,-0.5423735976260254,-0.9999949952580068,-1.7858610174536578,-0.07006008996809053,0.9344169662338104,1.1432417882136896,0.5723376386004296,1.0826984253439624,-0.5784474497517436,-1.1099153216713604,-1.206240525680768,0.9968285024204774
-0.5935752742640285,-0.8754984077249564,-1.3926743003247537,0.612775710310261,1.5529857391110689,0.36206941027214823,1.2420774405755364,0.5567243481984884,0.7813920496300597,0.8733910799271684,1.5289783572009146,-1.593034932305078,-0.7150738826235884,0.03560568590174467,-0.403105743590996,2.788029634651948,-1.2586335510551052,-0.5167110326499096,1.0115610777177464,0.5002993116101648,0.30527646040513345,0.5122442736515016,1.3468541764076536,0.06878824724308273,0.7748212760494178,0.7325114838043248,0.5549869371057006,1.335563785613043,-1.0836241427939144,-0.7144894637714961,-0.406980507465878,-0.37952476817198505,-0.019266811596450106,-0.4072011652435993,1.1172323834000635,1.1591804926071652,0.08008747106154226,0.9968285024204774
1.6847062931317278,1.142206531932559,0.22103487785398448,0.612775710310261,-0.6439209162167846,0.36206941027214823,0.35268865596589305,0.5567243481984884,-0.8260430238946344,-0.2852115724793929,-0.972986227309673,0.30985805319435167,0.6522102445907456,0.03560568590174467,-0.403105743590996,-0.35867624489035876,0.7945124291035353,1.9353176859251158,-0.9885710532241613,0.5002993116101648,0.30527646040513345,0.5122442736515016,-0.7424708758502816,0.06878824724308273,1.7447414345573222,0.7325114838043248,0.5549869371057006,0.5570441919893597,-0.381387268134171,-0.39227477686979334,0.5990675978088884,0.5341351656594198,-0.019266811596450106,0.5860652284814418,-0.29583414422644244,0.7809978568940775,1.3664154678038525,0.5005533681682226
-0.5935752742640285,1.142206531932559,-0.5858197112353846,0.612775710310261,-0.6439209162167846,0.36206941027214823,1.2420774405755364,1.466302156522779,1.5851095863924067,2.0319937323337296,-0.972986227309673,-1.593034932305078,-0.7150738826235884,0.03560568590174467,-0.403105743590996,-0.35867624489035876,0.7945124291035353,-0.5167110326499096,1.0115610777177464,0.5002993116101648,0.30527646040513345,0.5122442736515016,-0.7424708758502816,1.1406528759263421,0.7748212760494178,0.7325114838043248,-0.5423735976260254,-0.22147540163432355,1.0230864811853158,0.25215459693361225,1.6051157030836547,0.8386884769365547,-1.2024757119902096,1.248242824298136,-0.6995674378340155,0.0246325854679023,0.08008747106154226,1.4931036366727322
-0.5935752742640285,1.142206531932559,0.22103487785398448,0.612775710310261,-0.6439209162167846,0.36206941027214823,0.35268865596589305,0.5567243481984884,-0.8260430238946344,-0.2852115724793929,-0.13899803247281048,0.30985805319435167,-0.7150738826235884,-1.1635019296279825,-0.403105743590996,-0.35867624489035876,0.7945124291035353,-0.5167110326499096,-0.9885710532241613,0.5002993116101648,0.30527646040513345,0.5122442736515016,-0.7424708758502816,0.06878824724308273,0.7748212760494178,-0.13552709632247995,-0.5423735976260254,0.5570441919893597,1.0230864811853158,-0.7144894637714961,0.9344169662338104,1.1432417882136896,0.5723376386004296,1.0826984253439624,0.05743248768018408,0.0246325854679023,0.08008747106154226,0.5005533681682226
-0.5935752742640285,-0.8754984077249564,-1.3926743003247537,0.612775710310261,-0.6439209162167846,0.36206941027214823,-0.5367001286437503,0.5567243481984884,-0.02232548713228734,-0.2852115724793929,0.6949901623640521,-1.593034932305078,0.6522102445907456,-1.1635019296279825,-0.403105743590996,-0.35867624489035876,0.7945124291035353,-0.5167110326499096,1.0115610777177464,0.5002993116101648,0.30527646040513345,-1.9521936143308383,-0.7424708758502816,-1.0030763814401766,1.7447414345573222,-1.8716042565760895,-0.5423735976260254,-0.9999949952580068,1.0230864811853158,-0.07006008996809053,-0.07163113904095586,-0.07497145689485012,-0.019266811596450106,-0.07611236733525226,-0.7904074288957195,-1.4880979573844482,0.08008747106154226,0.004278233915967804
-0.5935752742640285,1.142206531932559,1.8347440560327226,-1.6319184706157481,-0.6439209162167846,0.36206941027214823,0.35268865596589305,-0.35285346012580227,-1.6297605606569814,0.8733910799271684,-0.13899803247281048,2.2127510386937814,-0.7150738826235884,-1.1635019296279825,-0.403105743590996,-0.35867624489035876,0.7945124291035353,-0.5167110326499096,-0.9885710532241613,-1.9988034698300843,0.30527646040513345,-1.9521936143308383,1.3468541764076536,1.1406528759263421,-0.19509888245848667,0.7325114838043248,0.5549869371057006,-0.22147540163432355,1.0230864811853158,-0.7144894637714961,-0.07163113904095586,-0.37952476817198505,-0.6108712617933298,-0.24165676628942578,0.05743248768018408,0.4028152211809899,0.08008747106154226,0.004278233915967804
-0.5935752742640285,1.142206531932559,-0.5858197112353846,0.612775710310261,-0.6439209162167846,0.36206941027214823,1.2420774405755364,1.466302156522779,1.5851095863924067,2.0319937323337296,-0.972986227309673,-1.593034932305078,-0.7150738826235884,0.03560568590174467,-0.403105743590996,-0.35867624489035876,0.7945124291035353,-0.5167110326499096,1.0115610777177464,0.5002993116101648,0.30527646040513345,0.5122442736515016,-0.7424708758502816,1.1406528759263421,0.7748212760494178,0.7325114838043248,-0.5423735976260254,-0.22147540163432355,1.0230864811853158,-0.39227477686979334,1.2697663346587327,1.1432417882136896,-0.019266811596450106,1.248242824298136,-0.29583414422644244,0.0246325854679023,0.08008747106154226,1.4931036366727322
-0.5935752742640285,-0.8754984077249564,0.22103487785398448,0.612775710310261,-0.6439209162167846,0.36206941027214823,-0.5367001286437503,1.466302156522779,-1.6297605606569814,-1.443814224885954,1.5289783572009146,0.30985805319435167,0.6522102445907456,0.03560568590174467,-0.403105743590996,-0.35867624489035876,0.7945124291035353,1.9353176859251158,-0.9885710532241613,0.5002993116101648,0.30527646040513345,0.5122442736515016,1.3468541764076536,0.06878824724308273,-0.19509888245848667,-0.13552709632247995,-0.5423735976260254,-0.9999949952580068,-1.7858610174536578,-0.39227477686979334,-0.406980507465878,-0.37952476817198505,-0.019266811596450106,-0.4072011652435993,-0.29583414422644244,-0.7317326859582729,1.3664154678038525,0.5005533681682226
-0.5935752742640285,1.142206531932559,-0.5858197112353846,0.612775710310261,1.5529857391110689,0.36206941027214823,-1.4260889132533936,-0.35285346012580227,-0.02232548713228734,-0.2852115724793929,-0.972986227309673,0.30985805319435167,0.6522102445907456,-1.1635019296279825,1.121685547383641,-0.35867624489035876,-1.2586335510551052,-0.5167110326499096,1.0115610777177464,0.5002993116101648,0.30527646040513345,-1.9521936143308383,-0.7424708758502816,0.06878824724308273,0.7748212760494178,0.7325114838043248,0.5549869371057006,1.335563785613043,1.0230864811853158,-0.7144894637714961,-1.4130286127406444,-3.4250578809433345,-4.160497962974608,-2.559278351647855,0.05743248768018408,1.1591804926071652,-1.206240525680768,-0.9882720345885417
-0.5935752742640285,-0.8754984077249564,1.0278894669433536,0.612775710310261,-0.6439209162167846,0.36206941027214823,-1.4260889132533936,-1.262431268450093,-0.02232548713228734,-0.2852115724793929,-0.13899803247281048,0.30985805319435167,0.6522102445907456,1.2347133014314717,-0.403105743590996,-0.35867624489035876,-1.2586335510551052,-0.5167110326499096,1.0115610777177464,0.5002993116101648,0.30527646040513345,0.5122442736515016,-0.7424708758502816,0.06878824724308273,1.7447414345573222,1.6005500639311296,-0.5423735976260254,-0.22147540163432355,-1.0836241427939144,-0.7144894637714961,0.9344169662338104,0.8386884769365547,-0.019266811596450106,0.9171540263897889,2.177032279119943,0.4028152211809899,-1.206240525680768,-1.4845471688407965
-0.5935752742640285,1.142206531932559,0.22103487785398448,0.612775710310261,1.5529857391110689,-2.7619013692660572,0.35268865596589305,-0.35285346012580227,-0.02232548713228734,-0.2852115724793929,1.5289783572009146,0.30985805319435167,-0.7150738826235884,0.03560568590174467,-0.403105743590996,-0.35867624489035876,0.7945124291035353,-0.5167110326499096,-0.9885710532241613,0.5002993116101648,0.30527646040513345,0.5122442736515016,-0.7424708758502816,0.06878824724308273,0.7748212760494178,0.7325114838043248,-0.5423735976260254,-0.22147540163432355,1.0230864811853158,0.8965839707370178,1.6051157030836547,2.0569017220450942,1.1639420887973093,1.91042042011483,-0.8096765179088081,0.0246325854679023,0.08008747106154226,0.004278233915967804
-0.5935752742640285,1.142206531932559,1.0278894669433536,0.612775710310261,-0.6439209162167846,0.36206941027214823,1.2420774405755364,1.466302156522779,-0.02232548713228734,-0.2852115724793929,-0.972986227309673,0.30985805319435167,-0.7150738826235884,1.2347133014314717,-0.403105743590996,-0.35867624489035876,-1.2586335510551052,-0.5167110326499096,1.0115610777177464,0.5002993116101648,0.30527646040513345,0.5122442736515016,-0.7424708758502816,0.06878824724308273,-0.19509888245848667,-0.13552709632247995,0.5549869371057006,-0.22147540163432355,-0.381387268134171,-0.7144894637714961,0.5990675978088884,0.8386884769365547,0.5723376386004296,0.7516096274356154,2.177032279119943,0.0246325854679023,-1.206240525680768,1.4931036366727322
-0.5935752742640285,-0.8754984077249564,0.22103487785398448,0.612775710310261,-0.6439209162167846,-2.7619013692660572,-0.5367001286437503,-0.35285346012580227,-1.6297605606569814,-2.6024168772925154,-0.13899803247281048,-1.593034932305078,-0.7150738826235884,0.03560568590174467,1.121685547383641,-0.35867624489035876,0.7945124291035353,-0.5167110326499096,-0.9885710532241613,0.5002993116101648,0.30527646040513345,0.5122442736515016,1.3468541764076536,-1.0030763814401766,-0.19509888245848667,-1.8716042565760895,-0.5423735976260254,-0.22147540163432355,0.3208496065255724,-0.7144894637714961,-0.7423298758908001,-0.9886313907262549,-0.6108712617933298,-0.9038343621061199,1.1172323834000635,-1.1099153216713604,0.08008747106154226,-0.49199690033628696
1.6847062931317278,-0.8754984077249564,1.0278894669433536,0.612775710310261,1.5529857391110689,-2.7619013692660572,-1.4260889132533936,-0.35285346012580227,-1.6297605606569814,-0.2852115724793929,1.5289783572009146,0.30985805319435167,0.6522102445907456,0.03560568590174467,-0.403105743590996,-0.35867624489035876,-1.2586335510551052,-0.5167110326499096,-0.9885710532241613,0.5002993116101648,0.30527646040513345,0.5122442736515016,-0.7424708758502816,0.06878824724308273,0.7748212760494178,-0.13552709632247995,-0.5423735976260254,-0.22147540163432355,0.3208496065255724,-0.7144894637714961,0.2637182293839663,0.5341351656594198,0.5723376386004296,0.4205208295272683,1.1172323834000635,-0.3535500502451853,-1.206240525680768,-0.9882720345885417
1.6847062931317278,-0.8754984077249564,-1.3926743003247537,0.612775710310261,-0.6439209162167846,0.36206941027214823,-0.5367001286437503,-0.35285346012580227,-0.02232548713228734,0.8733910799271684,-0.972986227309673,0.30985805319435167,0.6522102445907456,1.2347133014314717,-0.403105743590996,-0.35867624489035876,0.7945124291035353,-0.5167110326499096,1.0115610777177464,0.5002993116101648,0.30527646040513345,-1.9521936143308383,-0.7424708758502816,1.1406528759263421,-0.19509888245848667,-1.0035656764492848,-0.5423735976260254,-0.9999949952580068,0.3208496065255724,-0.7144894637714961,0.2637182293839663,0.5341351656594198,0.5723376386004296,0.4205208295272683,2.177032279119943,-1.1099153216713604,0.08008747106154226,-0.49199690033628696
-0.5935752742640285,-0.8754984077249564,-0.5858197112353846,-1.6319184706157481,-0.6439209162167846,0.36206941027214823,-0.5367001286437503,-0.35285346012580227,0.7813920496300597,0.8733910799271684,1.5289783572009146,0.30985805319435167,0.6522102445907456,2.4338209169611993,-0.403105743590996,-0.35867624489035876,0.7945124291035353,1.9353176859251158,1.0115610777177464,-1.9988034698300843,0.30527646040513345,0.5122442736515016,-0.7424708758502816,1.1406528759263421,-0.19509888245848667,1.6005500639311296,-0.5423735976260254,-0.9999949952580068,1.0230864811853158,0.25215459693361225,-0.406980507465878,-0.37952476817198505,-0.019266811596450106,-0.4072011652435993,-0.3967674676283357,0.0246325854679023,1.3664154678038525,-0.49199690033628696
-0.5935752742640285,-0.8754984077249564,1.0278894669433536,0.612775710310261,1.5529857391110689,0.36206941027214823,-0.5367001286437503,-0.35285346012580227,-0.02232548713228734,-0.2852115724793929,-0.13899803247281048,2.2127510386937814,-0.7150738826235884,0.03560568590174467,-0.403105743590996,-0.35867624489035876,-1.2586335510551052,-0.5167110326499096,1.0115610777177464,-1.9988034698300843,0.30527646040513345,0.5122442736515016,1.3468541764076536,0.06878824724308273,-0.19509888245848667,-0.13552709632247995,-0.5423735976260254,-0.9999949952580068,-1.0836241427939144,-0.7144894637714961,-1.0776792443157222,-0.9886313907262549,-0.019266811596450106,-1.0693787610602934,1.1172323834000635,-0.7317326859582729,-1.206240525680768,-0.49199690033628696
-0.5935752742640285,-0.8754984077249564,0.22103487785398448,-1.6319184706157481,-0.6439209162167846,-2.7619013692660572,0.35268865596589305,-0.35285346012580227,-0.02232548713228734,-0.2852115724793929,-0.13899803247281048,0.30985805319435167,-0.7150738826235884,0.03560568590174467,-0.403105743590996,-0.35867624489035876,0.7945124291035353,1.9353176859251158,-0.9885710532241613,0.5002993116101648,0.30527646040513345,0.5122442736515016,-0.7424708758502816,0.06878824724308273,-0.19509888245848667,-0.13552709632247995,0.5549869371057006,0.5570441919893597,-1.0836241427939144,-0.07006008996809053,-0.7423298758908001,-0.37952476817198505,0.5723376386004296,-0.5727455641977729,-0.5784474497517436,0.4028152211809899,1.3664154678038525,0.004278233915967804
-0.5935752742640285,-0.8754984077249564,0.22103487785398448,-1.6319184706157481,-0.6439209162167846,0.36206941027214823,1.2420774405755364,-0.35285346012580227,-0.02232548713228734,-0.2852115724793929,-0.972986227309673,0.30985805319435167,-0.7150738826235884,1.2347133014314717,-0.403105743590996,-0.35867624489035876,0.7945124291035353,-0.5167110326499096,1.0115610777177464,0.5002993116101648,0.30527646040513345,0.5122442736515016,-0.7424708758502816,0.06878824724308273,-0.19509888245848667,0.7325114838043248,-0.5423735976260254,0.5570441919893597,1.0230864811853158,-0.39227477686979334,-0.07163113904095586,0.22958185438228482,0.5723376386004296,0.08943203161892128,0.05743248768018408,0.4028152211809899,0.08008747106154226,0.5005533681682226
-0.5935752742640285,1.142206531932559,1.0278894669433536,0.612775710310261,1.5529857391110689,0.36206941027214823,0.35268865596589305,0.5567243481984884,0.7813920496300597,-1.443814224885954,-0.13899803247281048,-1.593034932305078,-0.7150738826235884,0.03560568590174467,1.121685547383641,-0.35867624489035876,0.7945124291035353,1.9353176859251158,-0.9885710532241613,0.5002993116101648,0.30527646040513345,0.5122442736515016,-0.7424708758502816,-1.0030763814401766,-1.1650190409663912,0.7325114838043248,0.5549869371057006,1.335563785613043,0.3208496065255724,1.379906001089572,-1.7483779811655664,-1.5977380132805248,-0.019266811596450106,-1.7315563568769876,-0.8509674229368555,1.1591804926071652,1.3664154678038525,0.5005533681682226
-0.5935752742640285,1.142206531932559,-1.3926743003247537,0.612775710310261,-0.6439209162167846,0.36206941027214823,1.2420774405755364,0.5567243481984884,1.5851095863924067,-0.2852115724793929,-0.972986227309673,0.30985805319435167,0.6522102445907456,0.03560568590174467,-0.403105743590996,-0.35867624489035876,0.7945124291035353,1.9353176859251158,-0.9885710532241613,0.5002993116101648,0.30527646040513345,0.5122442736515016,-0.7424708758502816,1.1406528759263421,0.7748212760494178,-0.13552709632247995,-0.5423735976260254,-0.22147540163432355,-0.381387268134171,-0.39227477686979334,-0.406980507465878,-0.37952476817198505,-0.019266811596450106,-0.4072011652435993,-0.29583414422644244,-0.3535500502451853,1.3664154678038525,0.9968285024204774
1.6847062931317278,-0.8754984077249564,0.22103487785398448,-1.6319184706157481,-0.6439209162167846,0.36206941027214823,1.2420774405755364,1.466302156522779,1.5851095863924067,0.8733910799271684,0.6949901623640521,-1.593034932305078,0.6522102445907456,0.03560568590174467,-0.403105743590996,-0.35867624489035876,0.7945124291035353,1.9353176859251158,1.0115610777177464,0.5002993116101648,0.30527646040513345,0.5122442736515016,-0.7424708758502816,0.06878824724308273,-0.19509888245848667,-0.13552709632247995,-0.5423735976260254,-0.22147540163432355,1.0230864811853158,-0.07006008996809053,0.2637182293839663,0.5341351656594198,0.5723376386004296,0.4205208295272683,-0.5784474497517436,-0.3535500502451853,1.3664154678038525,1.4931036366727322
1.6847062931317278,-0.8754984077249564,0.22103487785398448,0.612775710310261,1.5529857391110689,-2.7619013692660572,0.35268865596589305,-0.35285346012580227,0.7813920496300597,-0.2852115724793929,1.5289783572009146,0.30985805319435167,0.6522102445907456,0.03560568590174467,-0.403105743590996,-0.35867624489035876,-1.2586335510551052,-0.5167110326499096,-0.9885710532241613,0.5002993116101648,0.30527646040513345,-1.9521936143308383,1.3468541764076536,-3.1468056388066956,-1.1650190409663912,-0.13552709632247995,-0.5423735976260254,-0.22147540163432355,1.0230864811853158,-0.7144894637714961,1.2697663346587327,0.8386884769365547,-0.6108712617933298,1.0826984253439624,1.1172323834000635,-0.3535500502451853,-1.206240525680768,0.004278233915967804
-0.5935752742640285,1.142206531932559,-0.5858197112353846,0.612775710310261,-0.6439209162167846,0.36206941027214823,-0.5367001286437503,-0.35285346012580227,0.7813920496300597,-0.2852115724793929,1.5289783572009146,-1.593034932305078,0.6522102445907456,0.03560568590174467,-0.403105743590996,-0.35867624489035876,-1.2586335510551052,-0.5167110326499096,1.0115610777177464,-1.9988034698300843,0.30527646040513345,0.5122442736515016,-0.7424708758502816,0.06878824724308273,0.7748212760494178,-1.0035656764492848,-0.5423735976260254,-0.9999949952580068,-0.381387268134171,0.25215459693361225,0.2637182293839663,-0.37952476817198505,-1.2024757119902096,-0.07611236733525226,-0.6995674378340155,-1.1099153216713604,-1.206240525680768,-0.49199690033628696
-0.5935752742640285,-0.8754984077249564,0.22103487785398448,-1.6319184706157481,-0.6439209162167846,0.36206941027214823,1.2420774405755364,1.466302156522779,0.7813920496300597,0.8733910799271684,1.5289783572009146,0.30985805319435167,0.6522102445907456,1.2347133014314717,-0.403105743590996,-0.35867624489035876,0.7945124291035353,-0.5167110326499096,1.0115610777177464,0.5002993116101648,0.30527646040513345,0.5122442736515016,-0.7424708758502816,1.1406528759263421,-0.19509888245848667,0.7325114838043248,-0.5423735976260254,-0.9999949952580068,1.0230864811853158,-0.7144894637714961,-1.4130286127406444,-1.29318470200339,-0.019266811596450106,-1.4004675589686404,2.177032279119943,-0.3535500502451853,0.08008747106154226,1.4931036366727322
-0.5935752742640285,-0.8754984077249564,0.22103487785398448,0.612775710310261,1.5529857391110689,0.36206941027214823,-0.5367001286437503,1.466302156522779,0.7813920496300597,0.8733910799271684,-0.972986227309673,-1.593034932305078,-0.7150738826235884,0.03560568590174467,-0.403105743590996,-0.35867624489035876,-1.2586335510551052,-0.5167110326499096,1.0115610777177464,0.5002993116101648,0.30527646040513345,0.5122442736515016,1.3468541764076536,0.06878824724308273,-0.19509888245848667,-1.0035656764492848,-0.5423735976260254,-0.9999949952580068,1.0230864811853158,-0.7144894637714961,0.9344169662338104,1.1432417882136896,0.5723376386004296,1.0826984253439624,1.1172323834000635,-1.1099153216713604,-1.206240525680768,0.5005533681682226
-0.5935752742640285,-0.8754984077249564,0.22103487785398448,0.612775710310261,-0.6439209162167846,-2.7619013692660572,1.2420774405755364,1.466302156522779,-0.02232548713228734,2.0319937323337296,-0.13899803247281048,0.30985805319435167,0.6522102445907456,0.03560568590174467,-0.403105743590996,2.788029634651948,0.7945124291035353,-0.5167110326499096,-0.9885710532241613,0.5002993116101648,0.30527646040513345,-1.9521936143308383,-0.7424708758502816,0.06878824724308273,-2.1349391994742954,0.7325114838043248,-0.5423735976260254,-0.9999949952580068,-1.7858610174536578,-0.39227477686979334,-0.406980507465878,0.5341351656594198,1.755546538994189,0.08943203161892128,-0.29583414422644244,-0.3535500502451853,1.3664154678038525,1.4931036366727322
-0.5935752742640285,-0.8754984077249564,0.22103487785398448,0.612775710310261,-0.6439209162167846,0.36206941027214823,1.2420774405755364,0.5567243481984884,-0.8260430238946344,0.8733910799271684,1.5289783572009146,0.30985805319435167,-0.7150738826235884,1.2347133014314717,-0.403105743590996,-0.35867624489035876,0.7945124291035353,-0.5167110326499096,-0.9885710532241613,0.5002993116101648,0.30527646040513345,0.5122442736515016,-0.7424708758502816,0.06878824724308273,-1.1650190409663912,-1.0035656764492848,-0.5423735976260254,-0.22147540163432355,-0.381387268134171,-0.7144894637714961,1.9404650715085767,2.0569017220450942,0.5723376386004296,2.0759648190690037,2.177032279119943,-0.7317326859582729,0.08008747106154226,0.9968285024204774
-0.5935752742640285,1.142206531932559,0.22103487785398448,0.612775710310261,-0.6439209162167846,0.36206941027214823,1.2420774405755364,1.466302156522779,1.5851095863924067,2.0319937323337296,-0.972986227309673,0.30985805319435167,-0.7150738826235884,-1.1635019296279825,-0.403105743590996,-0.35867624489035876,0.7945124291035353,-0.5167110326499096,1.0115610777177464,-1.9988034698300843,0.30527646040513345,0.5122442736515016,-0.7424708758502816,0.06878824724308273,-1.1650190409663912,-1.8716042565760895,-0.5423735976260254,-0.22147540163432355,1.0230864811853158,0.25215459693361225,-0.406980507465878,-0.9886313907262549,-1.2024757119902096,-0.7382899631519464,-0.8509674229368555,-1.1099153216713604,0.08008747106154226,1.4931036366727322
-0.5935752742640285,-0.8754984077249564,-0.5858197112353846,0.612775710310261,-0.6439209162167846,0.36206941027214823,-1.4260889132533936,-1.262431268450093,0.7813920496300597,0.8733910799271684,-0.972986227309673,-1.593034932305078,3.3867784990194134,-1.1635019296279825,-0.403105743590996,2.788029634651948,0.7945124291035353,-0.5167110326499096,1.0115610777177464,-1.9988034698300843,0.30527646040513345,0.5122442736515016,1.3468541764076536,1.1406528759263421,1.7447414345573222,1.6005500639311296,3.847068541300878,2.1140833792367264,1.0230864811853158,-0.7144894637714961,-0.406980507465878,-0.37952476817198505,-0.019266811596450106,-0.4072011652435993,0.05743248768018408,3.0500936711726037,1.3664154678038525,-1.4845471688407965
-0.5935752742640285,-0.8754984077249564,0.22103487785398448,0.612775710310261,1.5529857391110689,-2.7619013692660572,-0.5367001286437503,-0.35285346012580227,-0.02232548713228734,-0.2852115724793929,-0.13899803247281048,0.30985805319435167,-0.7150738826235884,-1.1635019296279825,1.121685547383641,-0.35867624489035876,0.7945124291035353,-0.5167110326499096,-0.9885710532241613,-1.9988034698300843,-3.2757193223247443,0.5122442736515016,-0.7424708758502816,-1.0030763814401766,-2.1349391994742954,-1.0035656764492848,-0.5423735976260254,-0.9999949952580068,-1.7858610174536578,0.574369283835315,-0.07163113904095586,-0.68407807944912,-1.2024757119902096,-0.4072011652435993,-0.8846118640708197,-1.1099153216713604,0.08008747106154226,-0.49199690033628696
1.6847062931317278,-0.8754984077249564,1.0278894669433536,-1.6319184706157481,-0.6439209162167846,0.36206941027214823,1.2420774405755364,1.466302156522779,-0.02232548713228734,2.0319937323337296,0.6949901623640521,-1.593034932305078,2.0194943718050795,0.03560568590174467,-0.403105743590996,-0.35867624489035876,0.7945124291035353,-0.5167110326499096,-0.9885710532241613,-1.9988034698300843,0.30527646040513345,0.5122442736515016,1.3468541764076536,-1.0030763814401766,-1.1650190409663912,-1.0035656764492848,2.7497080065691524,-0.22147540163432355,1.0230864811853158,-0.7144894637714961,-1.4130286127406444,-1.9022913245576598,-1.2024757119902096,-1.7315563568769876,1.1172323834000635,0.4028152211809899,0.08008747106154226,1.4931036366727322
1.6847062931317278,1.142206531932559,1.0278894669433536,-1.6319184706157481,-0.6439209162167846,0.36206941027214823,1.2420774405755364,1.466302156522779,-1.6297605606569814,0.8733910799271684,0.6949901623640521,0.30985805319435167,2.0194943718050795,-1.1635019296279825,-0.403105743590996,-0.35867624489035876,0.7945124291035353,1.9353176859251158,1.0115610777177464,0.5002993116101648,0.30527646040513345,0.5122442736515016,1.3468541764076536,-2.0749410101234362,1.7447414345573222,1.6005500639311296,-0.5423735976260254,-0.9999949952580068,-1.7858610174536578,0.09104725348276087,0.2637182293839663,0.5341351656594198,0.5723376386004296,0.4205208295272683,-0.8257340920863822,0.0246325854679023,1.3664154678038525,1.4931036366727322
-0.5935752742640285,1.142206531932559,0.22103487785398448,-1.6319184706157481,-0.6439209162167846,0.36206941027214823,0.35268865596589305,-0.35285346012580227,-0.02232548713228734,-0.2852115724793929,-0.972986227309673,0.30985805319435167,0.6522102445907456,0.03560568590174467,2.6464768383582777,2.788029634651948,0.7945124291035353,-0.5167110326499096,-0.9885710532241613,0.5002993116101648,0.30527646040513345,0.5122442736515016,1.3468541764076536,0.06878824724308273,0.7748212760494178,0.7325114838043248,-0.5423735976260254,1.335563785613043,-0.381387268134171,-0.07006008996809053,-1.4130286127406444,-1.5977380132805248,-0.6108712617933298,-1.566011957922814,-0.5784474497517436,0.7809978568940775,1.3664154678038525,0.004278233915967804
-0.5935752742640285,1.142206531932559,0.22103487785398448,0.612775710310261,-0.6439209162167846,0.36206941027214823,-0.5367001286437503,0.5567243481984884,-0.02232548713228734,-0.2852115724793929,-0.972986227309673,-1.593034932305078,0.6522102445907456,-1.1635019296279825,-0.403105743590996,-0.35867624489035876,-1.2586335510551052,-0.5167110326499096,-0.9885710532241613,0.5002993116101648,0.30527646040513345,0.5122442736515016,-0.7424708758502816,1.1406528759263421,-1.1650190409663912,-1.0035656764492848,-0.5423735976260254,-0.9999949952580068,-1.0836241427939144,-0.39227477686979334,-0.7423298758908001,0.22958185438228482,1.755546538994189,-0.24165676628942578,-0.6491007761330689,-1.1099153216713604,-1.206240525680768,0.004278233915967804
1.6847062931317278,-0.8754984077249564,-0.5858197112353846,-1.6319184706157481,1.5529857391110689,0.36206941027214823,0.35268865596589305,1.466302156522779,-1.6297605606569814,-0.2852115724793929,0.6949901623640521,0.30985805319435167,2.0194943718050795,0.03560568590174467,-0.403105743590996,-0.35867624489035876,0.7945124291035353,-0.5167110326499096,-0.9885710532241613,-1.9988034698300843,0.30527646040513345,-1.9521936143308383,-0.7424708758502816,0.06878824724308273,-1.1650190409663912,-1.8716042565760895,-0.5423735976260254,-0.9999949952580068,-1.0836241427939144,-0.39227477686979334,-1.4130286127406444,-0.68407807944912,1.1639420887973093,-1.0693787610602934,-0.29583414422644244,-1.4880979573844482,0.08008747106154226,0.9968285024204774
-0.5935752742640285,1.142206531932559,-1.3926743003247537,0.612775710310261,-0.6439209162167846,-2.7619013692660572,1.2420774405755364,1.466302156522779,-0.02232548713228734,0.8733910799271684,1.5289783572009146,0.30985805319435167,-0.7150738826235884,2.4338209169611993,-0.403105743590996,-0.35867624489035876,0.7945124291035353,-0.5167110326499096,1.0115610777177464,-1.9988034698300843,0.30527646040513345,0.5122442736515016,1.3468541764076536,-3.1468056388066956,-0.19509888245848667,-0.13552709632247995,3.847068541300878,2.1140833792367264,-0.381387268134171,-0.7144894637714961,-0.07163113904095586,0.22958185438228482,0.5723376386004296,0.08943203161892128,3.236832174839822,2.2937283997464277,0.08008747106154226,1.4931036366727322
-0.5935752742640285,-0.8754984077249564,0.22103487785398448,-1.6319184706157481,-0.6439209162167846,0.36206941027214823,1.2420774405755364,1.466302156522779,1.5851095863924067,2.0319937323337296,-0.972986227309673,0.30985805319435167,-0.7150738826235884,-1.1635019296279825,-0.403105743590996,-0.35867624489035876,-1.2586335510551052,-0.5167110326499096,1.0115610777177464,0.5002993116101648,0.30527646040513345,0.5122442736515016,-0.7424708758502816,0.06878824724308273,0.7748212760494178,0.7325114838043248,-0.5423735976260254,-0.9999949952580068,1.0230864811853158,-0.39227477686979334,1.2697663346587327,1.4477950994908246,0.5723376386004296,1.4137872232523094,-0.6491007761330689,-0.3535500502451853,-1.206240525680768,1.4931036366727322
-0.5935752742640285,1.142206531932559,-0.5858197112353846,0.612775710310261,-0.6439209162167846,0.36206941027214823,0.35268865596589305,-1.262431268450093,-0.02232548713228734,-0.2852115724793929,1.5289783572009146,0.30985805319435167,-0.7150738826235884,-1.1635019296279825,-0.403105743590996,-0.35867624489035876,-1.2586335510551052,-0.5167110326499096,1.0115610777177464,0.5002993116101648,0.30527646040513345,-1.9521936143308383,-0.7424708758502816,1.1406528759263421,-0.19509888245848667,-1.0035656764492848,0.5549869371057006,-0.22147540163432355,1.0230864811853158,-0.7144894637714961,0.5990675978088884,0.5341351656594198,-0.019266811596450106,0.5860652284814418,0.05743248768018408,-0.3535500502451853,-1.206240525680768,-0.49199690033628696
-0.5935752742640285,-0.8754984077249564,-1.3926743003247537,0.612775710310261,-0.6439209162167846,0.36206941027214823,-1.4260889132533936,-0.35285346012580227,-1.6297605606569814,0.8733910799271684,-0.972986227309673,0.30985805319435167,-0.7150738826235884,0.03560568590174467,-0.403105743590996,-0.35867624489035876,-1.2586335510551052,-0.5167110326499096,-0.9885710532241613,-1.9988034698300843,0.30527646040513345,0.5122442736515016,-0.7424708758502816,-1.0030763814401766,-1.1650190409663912,-0.13552709632247995,-0.5423735976260254,-0.22147540163432355,-1.7858610174536578,-0.7144894637714961,0.9344169662338104,0.8386884769365547,-0.019266811596450106,0.9171540263897889,1.1172323834000635,-0.3535500502451853,-1.206240525680768,-0.9882720345885417
-0.5935752742640285,1.142206531932559,0.22103487785398448,0.612775710310261,-0.6439209162167846,0.36206941027214823,-0.5367001286437503,0.5567243481984884,-0.02232548713228734,-0.2852115724793929,-0.972986227309673,-1.593034932305078,0.6522102445907456,-1.1635019296279825,-0.403105743590996,-0.35867624489035876,-1.2586335510551052,-0.5167110326499096,-0.9885710532241613,0.5002993116101648,0.30527646040513345,0.5122442736515016,-0.7424708758502816,1.1406528759263421,-1.1650190409663912,-1.0035656764492848,-0.5423735976260254,-0.9999949952580068,-1.0836241427939144,-0.07006008996809053,0.2637182293839663,0.22958185438228482,-0.019266811596450106,0.2549764305730948,-0.7904074288957195,-1.1099153216713604,-1.206240525680768,0.004278233915967804
1.6847062931317278,-0.8754984077249564,0.22103487785398448,0.612775710310261,-0.6439209162167846,0.36206941027214823,0.35268865596589305,-0.35285346012580227,-1.6297605606569814,-0.2852115724793929,-0.13899803247281048,0.30985805319435167,0.6522102445907456,-1.1635019296279825,-0.403105743590996,-0.35867624489035876,-1.2586335510551052,-0.5167110326499096,-0.9885710532241613,0.5002993116101648,0.30527646040513345,-1.9521936143308383,1.3468541764076536,0.06878824724308273,-0.19509888245848667,-0.13552709632247995,0.5549869371057006,-0.22147540163432355,-1.7858610174536578,0.09104725348276087,-0.7423298758908001,-0.07497145689485012,1.1639420887973093,-0.4072011652435993,-0.8257340920863822,0.0246325854679023,-1.206240525680768,0.004278233915967804
-0.5935752742640285,1.142206531932559,1.0278894669433536,-1.6319184706157481,-0.6439209162167846,0.36206941027214823,1.2420774405755364,0.5567243481984884,1.5851095863924067,0.8733910799271684,-0.972986227309673,0.30985805319435167,-0.7150738826235884,1.2347133014314717,-0.403105743590996,-0.35867624489035876,-1.2586335510551052,-0.5167110326499096,-0.9885710532241613,0.5002993116101648,0.30527646040513345,0.5122442736515016,1.3468541764076536,1.1406528759263421,-0.19509888245848667,-1.0035656764492848,-0.5423735976260254,-0.22147540163432355,0.3208496065255724,0.7354766272861665,1.6051157030836547,1.1432417882136896,-0.6108712617933298,1.4137872232523094,-0.6844274393237314,-0.7317326859582729,-1.206240525680768,0.9968285024204774
-0.5935752742640285,-0.8754984077249564,1.8347440560327226,0.612775710310261,-0.6439209162167846,0.36206941027214823,0.35268865596589305,0.5567243481984884,-0.02232548713228734,-0.2852115724793929,1.5289783572009146,2.2127510386937814,-0.7150738826235884,2.4338209169611993,-0.403105743590996,-0.35867624489035876,0.7945124291035353,1.9353176859251158,1.0115610777177464,0.5002993116101648,0.30527646040513345,0.5122442736515016,-0.7424708758502816,0.06878824724308273,-0.19509888245848667,-0.13552709632247995,-0.5423735976260254,-0.22147540163432355,-0.381387268134171,0.8965839707370178,-1.0776792443157222,-0.9886313907262549,-0.019266811596450106,-1.0693787610602934,-0.616985627777921,-0.3535500502451853,1.3664154678038525,0.5005533681682226
1.6847062931317278,1.142206531932559,1.8347440560327226,0.612775710310261,-0.6439209162167846,0.36206941027214823,-0.5367001286437503,-1.262431268450093,-1.6297605606569814,-0.2852115724793929,-0.972986227309673,2.2127510386937814,0.6522102445907456,-1.1635019296279825,4.171268129332915,-0.35867624489035876,-1.2586335510551052,-0.5167110326499096,1.0115610777177464,-1.9988034698300843,-3.2757193223247443,0.5122442736515016,1.3468541764076536,0.06878824724308273,0.7748212760494178,-0.13552709632247995,-0.5423735976260254,0.5570441919893597,1.0230864811853158,-0.07006008996809053,-1.0776792443157222,-0.68407807944912,0.5723376386004296,-0.9038343621061199,-0.7904074288957195,0.0246325854679023,-1.206240525680768,-0.9882720345885417
-0.5935752742640285,-0.8754984077249564,-0.5858197112353846,0.612775710310261,-0.6439209162167846,0.36206941027214823,1.2420774405755364,1.466302156522779,-0.8260430238946344,-1.443814224885954,1.5289783572009146,0.30985805319435167,-0.7150738826235884,0.03560568590174467,-0.403105743590996,-0.35867624489035876,0.7945124291035353,1.9353176859251158,-0.9885710532241613,0.5002993116101648,0.30527646040513345,0.5122442736515016,1.3468541764076536,0.06878824724308273,0.7748212760494178,-1.0035656764492848,-0.5423735976260254,-0.9999949952580068,-0.381387268134171,-0.7144894637714961,0.9344169662338104,0.8386884769365547,-0.019266811596450106,0.9171540263897889,1.1172323834000635,-1.1099153216713604,1.3664154678038525,1.4931036366727322
-0.5935752742640285,-0.8754984077249564,-1.3926743003247537,-1.6319184706157481,-0.6439209162167846,0.36206941027214823,-1.4260889132533936,-1.262431268450093,-0.02232548713228734,-0.2852115724793929,1.5289783572009146,0.30985805319435167,-0.7150738826235884,0.03560568590174467,2.6464768383582777,2.788029634651948,0.7945124291035353,-0.5167110326499096,-0.9885710532241613,-1.9988034698300843,0.30527646040513345,0.5122442736515016,1.3468541764076536,-1.0030763814401766,-0.19509888245848667,0.7325114838043248,0.5549869371057006,1.335563785613043,1.0230864811853158,-0.39227477686979334,-1.0776792443157222,-1.5977380132805248,-1.2024757119902096,-1.4004675589686404,-0.29583414422644244,1.1591804926071652,1.3664154678038525,-1.4845471688407965
-0.5935752742640285,1.142206531932559,-0.5858197112353846,0.612775710310261,-0.6439209162167846,0.36206941027214823,-0.5367001286437503,-0.35285346012580227,0.7813920496300597,-0.2852115724793929,1.5289783572009146,-1.593034932305078,0.6522102445907456,0.03560568590174467,1.121685547383641,-0.35867624489035876,-1.2586335510551052,1.9353176859251158,1.0115610777177464,-1.9988034698300843,0.30527646040513345,0.5122442736515016,-0.7424708758502816,0.06878824724308273,0.7748212760494178,-1.0035656764492848,-0.5423735976260254,-0.9999949952580068,-0.381387268134171,1.2187986576387206,-0.07163113904095586,-0.37952476817198505,-0.6108712617933298,-0.24165676628942578,-0.8393212702366369,-1.1099153216713604,0.08008747106154226,-0.49199690033628696
-0.5935752742640285,1.142206531932559,-1.3926743003247537,0.612775710310261,1.5529857391110689,0.36206941027214823,1.2420774405755364,0.5567243481984884,1.5851095863924067,0.8733910799271684,-0.13899803247281048,0.30985805319435167,-0.7150738826235884,1.2347133014314717,-0.403105743590996,-0.35867624489035876,0.7945124291035353,-0.5167110326499096,1.0115610777177464,0.5002993116101648,0.30527646040513345,0.5122442736515016,-0.7424708758502816,1.1406528759263421,0.7748212760494178,-0.13552709632247995,-0.5423735976260254,-0.9999949952580068,0.3208496065255724,-0.39227477686979334,1.2697663346587327,1.4477950994908246,0.5723376386004296,1.4137872232523094,0.05743248768018408,-0.7317326859582729,0.08008747106154226,0.9968285024204774
-0.5935752742640285,1.142206531932559,-0.5858197112353846,0.612775710310261,-0.6439209162167846,0.36206941027214823,0.35268865596589305,0.5567243481984884,-1.6297605606569814,-0.2852115724793929,1.5289783572009146,2.2127510386937814,2.0194943718050795,0.03560568590174467,-0.403105743590996,2.788029634651948,0.7945124291035353,-0.5167110326499096,-0.9885710532241613,-1.9988034698300843,0.30527646040513345,0.5122442736515016,-0.7424708758502816,1.1406528759263421,-0.19509888245848667,-0.13552709632247995,-0.5423735976260254,0.5570441919893597,-1.0836241427939144,0.25215459693361225,-1.4130286127406444,-0.37952476817198505,1.755546538994189,-0.9038343621061199,-0.6995674378340155,0.0246325854679023,1.3664154678038525,0.5005533681682226
-0.5935752742640285,1.142206531932559,0.22103487785398448,0.612775710310261,1.5529857391110689,0.36206941027214823,-1.4260889132533936,-1.262431268450093,-0.8260430238946344,-0.2852115724793929,-0.972986227309673,0.30985805319435167,0.6522102445907456,-1.1635019296279825,1.121685547383641,-0.35867624489035876,0.7945124291035353,-0.5167110326499096,1.0115610777177464,0.5002993116101648,0.30527646040513345,0.5122442736515016,-0.7424708758502816,0.06878824724308273,0.7748212760494178,0.7325114838043248,-0.5423735976260254,-0.22147540163432355,1.0230864811853158,-0.39227477686979334,-1.4130286127406444,-0.68407807944912,1.1639420887973093,-1.0693787610602934,-0.6491007761330689,0.0246325854679023,0.08008747106154226,-1.4845471688407965
-0.5935752742640285,-0.8754984077249564,0.22103487785398448,0.612775710310261,-0.6439209162167846,0.36206941027214823,-0.5367001286437503,1.466302156522779,-1.6297605606569814,-1.443814224885954,1.5289783572009146,0.30985805319435167,0.6522102445907456,0.03560568590174467,-0.403105743590996,-0.35867624489035876,0.7945124291035353,-0.5167110326499096,-0.9885710532241613,0.5002993116101648,0.30527646040513345,0.5122442736515016,1.3468541764076536,0.06878824724308273,-0.19509888245848667,-0.13552709632247995,-0.5423735976260254,-0.9999949952580068,-1.7858610174536578,0.25215459693361225,1.2697663346587327,1.4477950994908246,0.5723376386004296,1.4137872232523094,-0.6995674378340155,-0.7317326859582729,0.08008747106154226,0.5005533681682226
-0.5935752742640285,1.142206531932559,-1.3926743003247537,0.612775710310261,-0.6439209162167846,0.36206941027214823,-0.5367001286437503,-0.35285346012580227,-0.02232548713228734,-0.2852115724793929,-0.13899803247281048,0.30985805319435167,-0.7150738826235884,-1.1635019296279825,-0.403105743590996,-0.35867624489035876,0.7945124291035353,-0.5167110326499096,-0.9885710532241613,0.5002993116101648,0.30527646040513345,0.5122442736515016,-0.7424708758502816,0.06878824724308273,-1.1650190409663912,-1.0035656764492848,-0.5423735976260254,-0.22147540163432355,1.0230864811853158,0.574369283835315,-0.07163113904095586,0.22958185438228482,0.5723376386004296,0.08943203161892128,-0.8846118640708197,-0.7317326859582729,0.08008747106154226,-0.49199690033628696
-0.5935752742640285,-0.8754984077249564,0.22103487785398448,0.612775710310261,1.5529857391110689,0.36206941027214823,0.35268865596589305,0.5567243481984884,-0.02232548713228734,-0.2852115724793929,1.5289783572009146,0.30985805319435167,-0.7150738826235884,0.03560568590174467,-0.403105743590996,-0.35867624489035876,0.7945124291035353,-0.5167110326499096,1.0115610777177464,0.5002993116101648,0.30527646040513345,0.5122442736515016,1.3468541764076536,1.1406528759263421,-0.19509888245848667,-0.13552709632247995,0.5549869371057006,0.5570441919893597,-1.7858610174536578,4.4409455266557485,0.9344169662338104,0.5341351656594198,-0.6108712617933298,0.7516096274356154,-0.9381371113293996,0.4028152211809899,0.08008747106154226,0.5005533681682226
1.6847062931317278,-0.8754984077249564,1.0278894669433536,-1.6319184706157481,-0.6439209162167846,0.36206941027214823,1.2420774405755364,1.466302156522779,1.5851095863924067,-2.6024168772925154,1.5289783572009146,0.30985805319435167,2.0194943718050795,-1.1635019296279825,-0.403105743590996,-0.35867624489035876,0.7945124291035353,-0.5167110326499096,1.0115610777177464,0.5002993116101648,0.30527646040513345,0.5122442736515016,1.3468541764076536,0.06878824724308273,0.7748212760494178,-0.13552709632247995,0.5549869371057006,-0.22147540163432355,1.0230864811853158,-0.07006008996809053,-1.4130286127406444,-0.68407807944912,1.1639420887973093,-1.0693787610602934,-0.7904074288957195,0.0246325854679023,0.08008747106154226,1.4931036366727322
1.6847062931317278,-0.8754984077249564,-1.3926743003247537,-1.6319184706157481,-0.6439209162167846,0.36206941027214823,1.2420774405755364,1.466302156522779,1.5851095863924067,-0.2852115724793929,-0.972986227309673,0.30985805319435167,0.6522102445907456,-1.1635019296279825,-0.403105743590996,-0.35867624489035876,-1.2586335510551052,-0.5167110326499096,-0.9885710532241613,0.5002993116101648,0.30527646040513345,0.5122442736515016,1.3468541764076536,-3.1468056388066956,1.7447414345573222,-1.8716042565760895,1.6523474718374265,2.1140833792367264,1.0230864811853158,-0.7144894637714961,0.5990675978088884,0.8386884769365547,0.5723376386004296,0.7516096274356154,0.05743248768018408,0.7809978568940775,-1.206240525680768,1.4931036366727322
-0.5935752742640285,1.142206531932559,0.22103487785398448,0.612775710310261,1.5529857391110689,-2.7619013692660572,1.2420774405755364,-1.262431268450093,0.7813920496300597,-0.2852115724793929,-0.13899803247281048,0.30985805319435167,0.6522102445907456,-1.1635019296279825,-0.403105743590996,-0.35867624489035876,-1.2586335510551052,1.9353176859251158,1.0115610777177464,0.5002993116101648,0.30527646040513345,0.5122442736515016,1.3468541764076536,0.06878824724308273,1.7447414345573222,0.7325114838043248,0.5549869371057006,1.335563785613043,1.0230864811853158,4.118730839754046,-1.0776792443157222,-0.9886313907262549,-0.019266811596450106,-1.0693787610602934,-0.9681803146293766,1.1591804926071652,0.08008747106154226,0.004278233915967804
-0.5935752742640285,-0.8754984077249564,-1.3926743003247537,0.612775710310261,-0.6439209162167846,0.36206941027214823,1.2420774405755364,1.466302156522779,0.7813920496300597,-2.6024168772925154,-0.972986227309673,0.30985805319435167,-0.7150738826235884,1.2347133014314717,-0.403105743590996,-0.35867624489035876,0.7945124291035353,-0.5167110326499096,1.0115610777177464,0.5002993116101648,0.30527646040513345,0.5122442736515016,1.3468541764076536,0.06878824724308273,-0.19509888245848667,-0.13552709632247995,-0.5423735976260254,-0.9999949952580068,1.0230864811853158,-0.7144894637714961,-0.07163113904095586,-3.4250578809433345,-6.526915763762128,-1.897100755831161,2.177032279119943,-0.7317326859582729,0.08008747106154226,1.4931036366727322
1.6847062931317278,-0.8754984077249564,1.0278894669433536,0.612775710310261,1.5529857391110689,0.36206941027214823,0.35268865596589305,-1.262431268450093,1.5851095863924067,0.8733910799271684,-0.972986227309673,0.30985805319435167,-0.7150738826235884,0.03560568590174467,-0.403105743590996,-0.35867624489035876,0.7945124291035353,1.9353176859251158,-0.9885710532241613,0.5002993116101648,0.30527646040513345,0.5122442736515016,-0.7424708758502816,0.06878824724308273,-0.19509888245848667,0.7325114838043248,-0.5423735976260254,-0.9999949952580068,-1.7858610174536578,-0.7144894637714961,-1.4130286127406444,-0.68407807944912,1.1639420887973093,-1.0693787610602934,1.1172323834000635,-0.3535500502451853,1.3664154678038525,-0.49199690033628696
-0.5935752742640285,-0.8754984077249564,1.0278894669433536,-1.6319184706157481,-0.6439209162167846,0.36206941027214823,-0.5367001286437503,-0.35285346012580227,-0.02232548713228734,-0.2852115724793929,-0.13899803247281048,0.30985805319435167,-0.7150738826235884,0.03560568590174467,-0.403105743590996,2.788029634651948,-1.2586335510551052,-0.5167110326499096,-0.9885710532241613,0.5002993116101648,0.30527646040513345,-1.9521936143308383,-0.7424708758502816,-1.0030763814401766,-1.1650190409663912,-0.13552709632247995,-0.5423735976260254,-0.9999949952580068,1.0230864811853158,-0.07006008996809053,-0.07163113904095586,-0.07497145689485012,-0.019266811596450106,-0.07611236733525226,-0.5784474497517436,-0.7317326859582729,0.08008747106154226,-0.49199690033628696
-0.5935752742640285,1.142206531932559,2.641598645122092,0.612775710310261,-0.6439209162167846,-2.7619013692660572,0.35268865596589305,-0.35285346012580227,0.7813920496300597,-0.2852115724793929,-0.972986227309673,2.2127510386937814,-0.7150738826235884,-1.1635019296279825,-0.403105743590996,-0.35867624489035876,-1.2586335510551052,-0.5167110326499096,1.0115610777177464,0.5002993116101648,0.30527646040513345,-1.9521936143308383,-0.7424708758502816,1.1406528759263421,1.7447414345573222,-0.13552709632247995,-0.5423735976260254,-0.9999949952580068,1.0230864811853158,-0.7144894637714961,1.9404650715085767,2.0569017220450942,0.5723376386004296,2.0759648190690037,0.05743248768018408,-0.7317326859582729,-1.206240525680768,0.004278233915967804
1.6847062931317278,-0.8754984077249564,0.22103487785398448,-1.6319184706157481,-0.6439209162167846,0.36206941027214823,1.2420774405755364,1.466302156522779,1.5851095863924067,0.8733910799271684,0.6949901623640521,-1.593034932305078,0.6522102445907456,0.03560568590174467,-0.403105743590996,-0.35867624489035876,0.7945124291035353,1.9353176859251158,1.0115610777177464,0.5002993116101648,0.30527646040513345,0.5122442736515016,-0.7424708758502816,0.06878824724308273,-0.19509888245848667,-0.13552709632247995,-0.5423735976260254,-0.22147540163432355,1.0230864811853158,-0.39227477686979334,0.2637182293839663,0.22958185438228482,-0.019266811596450106,0.2549764305730948,-0.29583414422644244,-0.3535500502451853,1.3664154678038525,1.4931036366727322
-0.5935752742640285,1.142206531932559,1.8347440560327226,0.612775710310261,-0.6439209162167846,0.36206941027214823,-1.4260889132533936,-0.35285346012580227,-0.02232548713228734,0.8733910799271684,-0.972986227309673,2.2127510386937814,-0.7150738826235884,0.03560568590174467,1.121685547383641,-0.35867624489035876,-1.2586335510551052,-0.5167110326499096,-0.9885710532241613,-1.9988034698300843,0.30527646040513345,0.5122442736515016,-0.7424708758502816,0.06878824724308273,1.7447414345573222,-1.0035656764492848,0.5549869371057006,-0.22147540163432355,0.3208496065255724,-0.23116743341894191,0.5990675978088884,-0.07497145689485012,-1.2024757119902096,0.2549764305730948,-0.4724674601797556,-0.3535500502451853,-1.206240525680768,-0.9882720345885417
-0.5935752742640285,1.142206531932559,0.22103487785398448,0.612775710310261,-0.6439209162167846,0.36206941027214823,-1.4260889132533936,-0.35285346012580227,-1.6297605606569814,0.8733910799271684,0.6949901623640521,2.2127510386937814,0.6522102445907456,0.03560568590174467,-0.403105743590996,-0.35867624489035876,-1.2586335510551052,-0.5167110326499096,1.0115610777177464,-1.9988034698300843,0.30527646040513345,0.5122442736515016,-0.7424708758502816,0.06878824724308273,0.7748212760494178,0.7325114838043248,2.7497080065691524,2.1140833792367264,1.0230864811853158,1.8632280314421263,-0.406980507465878,-0.07497145689485012,0.5723376386004296,-0.24165676628942578,-0.8776850673667683,2.2937283997464277,-1.206240525680768,-0.9882720345885417
-0.5935752742640285,1.142206531932559,1.0278894669433536,0.612775710310261,-0.6439209162167846,0.36206941027214823,-0.5367001286437503,-1.262431268450093,0.7813920496300597,0.8733910799271684,0.6949901623640521,0.30985805319435167,-0.7150738826235884,-1.1635019296279825,2.6464768383582777,-0.35867624489035876,-1.2586335510551052,-0.5167110326499096,-0.9885710532241613,-1.9988034698300843,-3.2757193223247443,0.5122442736515016,-0.7424708758502816,-1.0030763814401766,-1.1650190409663912,1.6005500639311296,0.5549869371057006,2.1140833792367264,1.0230864811853158,-0.07006008996809053,-1.4130286127406444,-0.9886313907262549,0.5723376386004296,-1.234923160014467,-0.7904074288957195,1.9155457640333402,-1.206240525680768,-0.9882720345885417
-0.5935752742640285,-0.8754984077249564,-0.5858197112353846,-1.6319184706157481,-0.6439209162167846,0.36206941027214823,1.2420774405755364,1.466302156522779,-0.8260430238946344,2.0319937323337296,0.6949901623640521,0.30985805319435167,-0.7150738826235884,0.03560568590174467,-0.403105743590996,-0.35867624489035876,0.7945124291035353,-0.5167110326499096,1.0115610777177464,0.5002993116101648,0.30527646040513345,-1.9521936143308383,-0.7424708758502816,-2.0749410101234362,0.7748212760494178,0.7325114838043248,0.5549869371057006,0.5570441919893597,0.3208496065255724,0.25215459693361225,-0.406980507465878,-0.07497145689485012,0.5723376386004296,-0.24165676628942578,-0.6995674378340155,0.7809978568940775,0.08008747106154226,1.4931036366727322
1.6847062931317278,1.142206531932559,-0.5858197112353846,-1.6319184706157481,-0.6439209162167846,0.36206941027214823,0.35268865596589305,-0.35285346012580227,0.7813920496300597,-0.2852115724793929,-0.972986227309673,-1.593034932305078,0.6522102445907456,-1.1635019296279825,-0.403105743590996,-0.35867624489035876,-1.2586335510551052,-0.5167110326499096,-0.9885710532241613,0.5002993116101648,0.30527646040513345,0.5122442736515016,-0.7424708758502816,0.06878824724308273,1.7447414345573222,1.6005500639311296,0.5549869371057006,0.5570441919893597,1.0230864811853158,-0.39227477686979334,-0.07163113904095586,-0.68407807944912,-1.2024757119902096,-0.4072011652435993,-0.6491007761330689,1.1591804926071652,-1.206240525680768,0.004278233915967804
-0.5935752742640285,-0.8754984077249564,1.0278894669433536,-1.6319184706157481,-0.6439209162167846,0.36206941027214823,-0.5367001286437503,-0.35285346012580227,-1.6297605606569814,-0.2852115724793929,-0.972986227309673,0.30985805319435167,0.6522102445907456,2.4338209169611993,-0.403105743590996,-0.35867624489035876,-1.2586335510551052,-0.5167110326499096,1.0115610777177464,0.5002993116101648,0.30527646040513345,-1.9521936143308383,-0.7424708758502816,0.06878824724308273,0.7748212760494178,0.7325114838043248,-0.5423735976260254,-0.9999949952580068,0.3208496065255724,0.25215459693361225,0.9344169662338104,0.5341351656594198,-0.6108712617933298,0.7516096274356154,-0.3967674676283357,-0.3535500502451853,-1.206240525680768,-0.49199690033628696
-0.5935752742640285,1.142206531932559,-1.3926743003247537,0.612775710310261,-0.6439209162167846,0.36206941027214823,1.2420774405755364,1.466302156522779,-0.8260430238946344,-1.443814224885954,0.6949901623640521,-1.593034932305078,-0.7150738826235884,-1.1635019296279825,-0.403105743590996,-0.35867624489035876,0.7945124291035353,1.9353176859251158,-0.9885710532241613,0.5002993116101648,0.30527646040513345,0.5122442736515016,-0.7424708758502816,1.1406528759263421,0.7748212760494178,-1.0035656764492848,-0.5423735976260254,-0.9999949952580068,1.0230864811853158,-0.7144894637714961,-0.07163113904095586,0.22958185438228482,0.5723376386004296,0.08943203161892128,0.05743248768018408,-1.1099153216713604,1.3664154678038525,1.4931036366727322
-0.5935752742640285,1.142206531932559,1.8347440560327226,-1.6319184706157481,-0.6439209162167846,0.36206941027214823,0.35268865596589305,0.5567243481984884,-0.02232548713228734,0.8733910799271684,1.5289783572009146,-1.593034932305078,-0.7150738826235884,0.03560568590174467,-0.403105743590996,-0.35867624489035876,-1.2586335510551052,-0.5167110326499096,1.0115610777177464,0.5002993116101648,0.30527646040513345,-1.9521936143308383,1.3468541764076536,0.06878824724308273,1.7447414345573222,-0.13552709632247995,-0.5423735976260254,-0.22147540163432355,1.0230864811853158,-0.7144894637714961,-0.406980507465878,-0.37952476817198505,-0.019266811596450106,-0.4072011652435993,1.1172323834000635,-0.3535500502451853,-1.206240525680768,0.5005533681682226
-0.5935752742640285,1.142206531932559,1.0278894669433536,0.612775710310261,-0.6439209162167846,0.36206941027214823,-0.5367001286437503,-0.35285346012580227,-0.02232548713228734,-0.2852115724793929,-0.13899803247281048,0.30985805319435167,0.6522102445907456,0.03560568590174467,-0.403105743590996,-0.35867624489035876,0.7945124291035353,1.9353176859251158,-0.9885710532241613,0.5002993116101648,0.30527646040513345,0.5122442736515016,-0.7424708758502816,-1.0030763814401766,-0.19509888245848667,-0.13552709632247995,3.847068541300878,2.1140833792367264,0.3208496065255724,-0.7144894637714961,0.2637182293839663,0.5341351656594198,0.5723376386004296,0.4205208295272683,1.1172323834000635,2.2937283997464277,1.3664154678038525,-0.49199690033628696
-0.5935752742640285,-0.8754984077249564,-1.3926743003247537,-1.6319184706157481,-0.6439209162167846,0.36206941027214823,0.35268865596589305,0.5567243481984884,0.7813920496300597,0.8733910799271684,1.5289783572009146,2.2127510386937814,0.6522102445907456,1.2347133014314717,-0.403105743590996,-0.35867624489035876,0.7945124291035353,1.9353176859251158,1.0115610777177464,0.5002993116101648,0.30527646040513345,0.5122442736515016,1.3468541764076536,0.06878824724308273,-1.1650190409663912,-1.8716042565760895,0.5549869371057006,0.5570441919893597,-0.381387268134171,-0.39227477686979334,0.5990675978088884,0.5341351656594198,-0.019266811596450106,0.5860652284814418,0.05743248768018408,-0.3535500502451853,1.3664154678038525,0.5005533681682226
-0.5935752742640285,-0.8754984077249564,1.0278894669433536,0.612775710310261,-0.6439209162167846,0.36206941027214823,0.35268865596589305,-0.35285346012580227,-0.02232548713228734,0.8733910799271684,0.6949901623640521,0.30985805319435167,-0.7150738826235884,1.2347133014314717,-0.403105743590996,-0.35867624489035876,-1.2586335510551052,-0.5167110326499096,-0.9885710532241613,0.5002993116101648,0.30527646040513345,0.5122442736515016,1.3468541764076536,1.1406528759263421,0.7748212760494178,-0.13552709632247995,0.5549869371057006,0.5570441919893597,-1.7858610174536578,0.4132619403844636,0.5990675978088884,0.5341351656594198,-0.019266811596450106,0.5860652284814418,-0.6049424471447405,0.4028152211809899,-1.206240525680768,0.004278233915967804
1.6847062931317278,1.142206531932559,0.22103487785398448,0.612775710310261,-0.6439209162167846,0.36206941027214823,-0.5367001286437503,-0.35285346012580227,-0.02232548713228734,-0.2852115724793929,-0.972986227309673,0.30985805319435167,-0.7150738826235884,-1.1635019296279825,1.121685547383641,-0.35867624489035876,-1.2586335510551052,-0.5167110326499096,1.0115610777177464,0.5002993116101648,0.30527646040513345,-1.9521936143308383,1.3468541764076536,-3.1468056388066956,-1.1650190409663912,-1.8716042565760895,0.5549869371057006,0.5570441919893597,1.0230864811853158,-0.7144894637714961,-1.4130286127406444,-3.4250578809433345,-4.160497962974608,-2.559278351647855,0.05743248768018408,-0.3535500502451853,-1.206240525680768,-0.49199690033628696
1.6847062931317278,-0.8754984077249564,-1.3926743003247537,-1.6319184706157481,-0.6439209162167846,0.36206941027214823,0.35268865596589305,0.5567243481984884,-1.6297605606569814,-0.2852115724793929,-0.972986227309673,0.30985805319435167,0.6522102445907456,-1.1635019296279825,-0.403105743590996,-0.35867624489035876,0.7945124291035353,-0.5167110326499096,-0.9885710532241613,0.5002993116101648,0.30527646040513345,0.5122442736515016,-0.7424708758502816,1.1406528759263421,0.7748212760494178,0.7325114838043248,0.5549869371057006,0.5570441919893597,1.0230864811853158,-0.07006008996809053,-0.406980507465878,-0.37952476817198505,-0.019266811596450106,-0.4072011652435993,-0.7904074288957195,0.7809978568940775,0.08008747106154226,0.5005533681682226
-0.5935752742640285,1.142206531932559,-0.5858197112353846,0.612775710310261,-0.6439209162167846,0.36206941027214823,0.35268865596589305,0.5567243481984884,0.7813920496300597,-0.2852115724793929,-0.13899803247281048,0.30985805319435167,-0.7150738826235884,0.03560568590174467,-0.403105743590996,-0.35867624489035876,-1.2586335510551052,-0.5167110326499096,1.0115610777177464,0.5002993116101648,0.30527646040513345,0.5122442736515016,1.3468541764076536,0.06878824724308273,-1.1650190409663912,-0.13552709632247995,-0.5423735976260254,-0.22147540163432355,-0.381387268134171,-0.7144894637714961,-0.07163113904095586,0.22958185438228482,0.5723376386004296,0.08943203161892128,1.1172323834000635,-0.3535500502451853,-1.206240525680768,0.5005533681682226
1.6847062931317278,-0.8754984077249564,0.22103487785398448,0.612775710310261,-0.6439209162167846,0.36206941027214823,-0.5367001286437503,-0.35285346012580227,-0.02232548713228734,-2.6024168772925154,-0.13899803247281048,0.30985805319435167,-0.7150738826235884,1.2347133014314717,-0.403105743590996,-0.35867624489035876,-1.2586335510551052,-0.5167110326499096,1.0115610777177464,0.5002993116101648,0.30527646040513345,-1.9521936143308383,1.3468541764076536,-1.0030763814401766,0.7748212760494178,-0.13552709632247995,-0.5423735976260254,-0.9999949952580068,-0.381387268134171,0.574369283835315,0.5990675978088884,-0.07497145689485012,-1.2024757119902096,0.2549764305730948,-0.6491007761330689,-0.7317326859582729,-1.206240525680768,-0.49199690033628696
-0.5935752742640285,1.142206531932559,1.0278894669433536,-1.6319184706157481,1.5529857391110689,0.36206941027214823,0.35268865596589305,-0.35285346012580227,0.7813920496300597,-0.2852115724793929,1.5289783572009146,0.30985805319435167,0.6522102445907456,1.2347133014314717,-0.403105743590996,-0.35867624489035876,0.7945124291035353,1.9353176859251158,1.0115610777177464,0.5002993116101648,0.30527646040513345,0.5122442736515016,-0.7424708758502816,1.1406528759263421,0.7748212760494178,-1.0035656764492848,-0.5423735976260254,-0.9999949952580068,0.3208496065255724,0.574369283835315,0.9344169662338104,0.5341351656594198,-0.6108712617933298,0.7516096274356154,-0.6491007761330689,-1.1099153216713604,1.3664154678038525,0.004278233915967804
1.6847062931317278,1.142206531932559,1.0278894669433536,0.612775710310261,1.5529857391110689,0.36206941027214823,1.2420774405755364,1.466302156522779,-1.6297605606569814,-1.443814224885954,-0.13899803247281048,0.30985805319435167,-0.7150738826235884,2.4338209169611993,-0.403105743590996,-0.35867624489035876,0.7945124291035353,-0.5167110326499096,1.0115610777177464,0.5002993116101648,-3.2757193223247443,0.5122442736515016,1.3468541764076536,1.1406528759263421,1.7447414345573222,1.6005500639311296,3.847068541300878,2.1140833792367264,1.0230864811853158,-0.39227477686979334,-2.0837273495904887,-1.5977380132805248,0.5723376386004296,-1.897100755831161,0.41069911958681043,3.0500936711726037,0.08008747106154226,1.4931036366727322
-0.5935752742640285,1.142206531932559,0.22103487785398448,0.612775710310261,-0.6439209162167846,0.36206941027214823,0.35268865596589305,0.5567243481984884,-0.02232548713228734,0.8733910799271684,1.5289783572009146,0.30985805319435167,-0.7150738826235884,-1.1635019296279825,-0.403105743590996,-0.35867624489035876,-1.2586335510551052,-0.5167110326499096,1.0115610777177464,-1.9988034698300843,0.30527646040513345,0.5122442736515016,-0.7424708758502816,0.06878824724308273,-0.19509888245848667,1.6005500639311296,1.6523474718374265,2.1140833792367264,1.0230864811853158,-0.23116743341894191,0.9344169662338104,1.1432417882136896,0.5723376386004296,1.0826984253439624,-0.7374174341097255,2.2937283997464277,-1.206240525680768,0.5005533681682226
1.6847062931317278,1.142206531932559,-1.3926743003247537,0.612775710310261,-0.6439209162167846,0.36206941027214823,0.35268865596589305,-1.262431268450093,-0.02232548713228734,0.8733910799271684,-0.13899803247281048,0.30985805319435167,0.6522102445907456,-1.1635019296279825,-0.403105743590996,-0.35867624489035876,0.7945124291035353,-0.5167110326499096,-0.9885710532241613,0.5002993116101648,0.30527646040513345,-1.9521936143308383,-0.7424708758502816,-1.0030763814401766,-1.1650190409663912,-0.13552709632247995,-0.5423735976260254,0.5570441919893597,0.3208496065255724,-0.7144894637714961,-0.406980507465878,-0.68407807944912,-0.6108712617933298,-0.5727455641977729,0.05743248768018408,0.0246325854679023,0.08008747106154226,-0.49199690033628696
1.6847062931317278,1.142206531932559,-0.5858197112353846,-1.6319184706157481,1.5529857391110689,0.36206941027214823,1.2420774405755364,-1.262431268450093,-0.02232548713228734,-2.6024168772925154,0.6949901623640521,-1.593034932305078,-0.7150738826235884,-1.1635019296279825,-0.403105743590996,-0.35867624489035876,-1.2586335510551052,-0.5167110326499096,-0.9885710532241613,0.5002993116101648,0.30527646040513345,0.5122442736515016,-0.7424708758502816,0.06878824724308273,-2.1349391994742954,-1.0035656764492848,0.5549869371057006,-0.9999949952580068,-1.0836241427939144,-0.7144894637714961,-0.406980507465878,-0.07497145689485012,0.5723376386004296,-0.24165676628942578,0.05743248768018408,-0.7317326859582729,-1.206240525680768,0.004278233915967804
-0.5935752742640285,-0.8754984077249564,0.22103487785398448,0.612775710310261,-0.6439209162167846,0.36206941027214823,0.35268865596589305,-0.35285346012580227,-0.8260430238946344,-1.443814224885954,1.5289783572009146,-1.593034932305078,-0.7150738826235884,2.4338209169611993,-0.403105743590996,-0.35867624489035876,0.7945124291035353,-0.5167110326499096,1.0115610777177464,-1.9988034698300843,0.30527646040513345,0.5122442736515016,-0.7424708758502816,1.1406528759263421,-1.1650190409663912,-1.0035656764492848,-0.5423735976260254,-0.22147540163432355,1.0230864811853158,-0.7144894637714961,2.275814439933499,2.0569017220450942,-0.019266811596450106,2.241509218023177,3.236832174839822,-0.7317326859582729,0.08008747106154226,0.004278233915967804
-0.5935752742640285,-0.8754984077249564,-0.5858197112353846,0.612775710310261,-0.6439209162167846,0.36206941027214823,-0.5367001286437503,-1.262431268450093,-0.02232548713228734,-0.2852115724793929,-0.972986227309673,0.30985805319435167,-0.7150738826235884,0.03560568590174467,-0.403105743590996,-0.35867624489035876,0.7945124291035353,-0.5167110326499096,-0.9885710532241613,0.5002993116101648,0.30527646040513345,-1.9521936143308383,1.3468541764076536,0.06878824724308273,-0.19509888245848667,1.6005500639311296,-0.5423735976260254,-0.9999949952580068,1.0230864811853158,-0.7144894637714961,0.5990675978088884,0.22958185438228482,-0.6108712617933298,0.4205208295272683,1.1172323834000635,0.0246325854679023,0.08008747106154226,-0.9882720345885417
-0.5935752742640285,1.142206531932559,-1.3926743003247537,0.612775710310261,-0.6439209162167846,0.36206941027214823,1.2420774405755364,-0.35285346012580227,-0.02232548713228734,-0.2852115724793929,-0.972986227309673,0.30985805319435167,-0.7150738826235884,2.4338209169611993,-0.403105743590996,-0.35867624489035876,-1.2586335510551052,-0.5167110326499096,-0.9885710532241613,0.5002993116101648,0.30527646040513345,0.5122442736515016,-0.7424708758502816,-1.0030763814401766,-0.19509888245848667,-0.13552709632247995,-0.5423735976260254,-0.9999949952580068,-0.381387268134171,-0.7144894637714961,-0.406980507465878,-0.37952476817198505,-0.019266811596450106,-0.4072011652435993,3.236832174839822,-0.7317326859582729,-1.206240525680768,0.5005533681682226
-0.5935752742640285,-0.8754984077249564,0.22103487785398448,0.612775710310261,-0.6439209162167846,0.36206941027214823,-0.5367001286437503,-0.35285346012580227,-1.6297605606569814,-2.6024168772925154,-0.972986227309673,0.30985805319435167,-0.7150738826235884,1.2347133014314717,-0.403105743590996,-0.35867624489035876,0.7945124291035353,-0.5167110326499096,1.0115610777177464,0.5002993116101648,0.30527646040513345,0.5122442736515016,-0.7424708758502816,0.06878824724308273,-0.19509888245848667,-0.13552709632247995,-0.5423735976260254,-0.9999949952580068,0.3208496065255724,-0.7144894637714961,0.2637182293839663,0.22958185438228482,-0.019266811596450106,0.2549764305730948,2.177032279119943,-0.7317326859582729,0.08008747106154226,-0.49199690033628696
1.6847062931317278,-0.8754984077249564,0.22103487785398448,0.612775710310261,-0.6439209162167846,-2.7619013692660572,-1.4260889132533936,-2.1720090767743834,-0.02232548713228734,-0.2852115724793929,0.6949901623640521,0.30985805319435167,0.6522102445907456,0.03560568590174467,-0.403105743590996,-0.35867624489035876,-1.2586335510551052,-0.5167110326499096,-0.9885710532241613,0.5002993116101648,0.30527646040513345,0.5122442736515016,1.3468541764076536,0.06878824724308273,0.7748212760494178,1.6005500639311296,-0.5423735976260254,-0.9999949952580068,0.3208496065255724,-0.5533821203206447,-0.07163113904095586,-0.68407807944912,-1.2024757119902096,-0.4072011652435993,0.05743248768018408,0.0246325854679023,-1.206240525680768,-1.9808223030930514
-0.5935752742640285,1.142206531932559,-0.5858197112353846,0.612775710310261,-0.6439209162167846,0.36206941027214823,0.35268865596589305,0.5567243481984884,0.7813920496300597,-0.2852115724793929,-0.13899803247281048,-1.593034932305078,-0.7150738826235884,1.2347133014314717,-0.403105743590996,-0.35867624489035876,0.7945124291035353,-0.5167110326499096,1.0115610777177464,0.5002993116101648,0.30527646040513345,0.5122442736515016,-0.7424708758502816,1.1406528759263421,-0.19509888245848667,-0.13552709632247995,-0.5423735976260254,-0.9999949952580068,1.0230864811853158,-0.39227477686979334,1.6051157030836547,2.0569017220450942,1.1639420887973093,1.91042042011483,0.05743248768018408,-0.7317326859582729,0.08008747106154226,0.5005533681682226
1.6847062931317278,1.142206531932559,-0.5858197112353846,0.612775710310261,1.5529857391110689,0.36206941027214823,-0.5367001286437503,-1.262431268450093,-1.6297605606569814,0.8733910799271684,-0.972986227309673,0.30985805319435167,0.6522102445907456,-1.1635019296279825,-0.403105743590996,-0.35867624489035876,0.7945124291035353,-0.5167110326499096,1.0115610777177464,0.5002993116101648,0.30527646040513345,0.5122442736515016,-0.7424708758502816,-2.0749410101234362,0.7748212760494178,-0.13552709632247995,0.5549869371057006,0.5570441919893597,0.3208496065255724,-0.07006008996809053,-0.406980507465878,-0.9886313907262549,-1.2024757119902096,-0.7382899631519464,-0.7904074288957195,0.4028152211809899,0.08008747106154226,-0.9882720345885417
1.6847062931317278,1.142206531932559,-0.5858197112353846,0.612775710310261,-0.6439209162167846,-2.7619013692660572,-1.4260889132533936,-0.35285346012580227,-0.02232548713228734,-0.2852115724793929,0.6949901623640521,0.30985805319435167,-0.7150738826235884,1.2347133014314717,-0.403105743590996,2.788029634651948,-1.2586335510551052,-0.5167110326499096,-0.9885710532241613,0.5002993116101648,0.30527646040513345,0.5122442736515016,-0.7424708758502816,0.06878824724308273,0.7748212760494178,-0.13552709632247995,-0.5423735976260254,-0.9999949952580068,1.0230864811853158,-0.7144894637714961,-0.406980507465878,-0.07497145689485012,0.5723376386004296,-0.24165676628942578,2.177032279119943,-0.7317326859582729,0.08008747106154226,-0.9882720345885417
-0.5935752742640285,-0.8754984077249564,-0.5858197112353846,0.612775710310261,-0.6439209162167846,-2.7619013692660572,0.35268865596589305,0.5567243481984884,-0.02232548713228734,-0.2852115724793929,-0.972986227309673,2.2127510386937814,0.6522102445907456,-1.1635019296279825,-0.403105743590996,-0.35867624489035876,0.7945124291035353,-0.5167110326499096,1.0115610777177464,-1.9988034698300843,0.30527646040513345,0.5122442736515016,1.3468541764076536,0.06878824724308273,-0.19509888245848667,-1.0035656764492848,-0.5423735976260254,-0.9999949952580068,1.0230864811853158,-0.07006008996809053,-0.7423298758908001,-0.68407807944912,-0.019266811596450106,-0.7382899631519464,-0.7904074288957195,-1.1099153216713604,0.08008747106154226,0.5005533681682226
-0.5935752742640285,-0.8754984077249564,-1.3926743003247537,0.612775710310261,-0.6439209162167846,0.36206941027214823,0.35268865596589305,-0.35285346012580227,-0.8260430238946344,0.8733910799271684,-0.13899803247281048,-1.593034932305078,-0.7150738826235884,0.03560568590174467,1.121685547383641,-0.35867624489035876,0.7945124291035353,-0.5167110326499096,-0.9885710532241613,0.5002993116101648,0.30527646040513345,0.5122442736515016,-0.7424708758502816,-1.0030763814401766,-0.19509888245848667,-1.0035656764492848,-0.5423735976260254,-0.9999949952580068,-0.381387268134171,-0.39227477686979334,-0.07163113904095586,-0.07497145689485012,-0.019266811596450106,-0.07611236733525226,-0.29583414422644244,-1.1099153216713604,0.08008747106154226,0.004278233915967804
1.6847062931317278,-0.8754984077249564,-1.3926743003247537,-1.6319184706157481,-0.6439209162167846,0.36206941027214823,-1.4260889132533936,-1.262431268450093,-1.6297605606569814,-0.2852115724793929,-0.13899803247281048,-1.593034932305078,0.6522102445907456,0.03560568590174467,-0.403105743590996,-0.35867624489035876,0.7945124291035353,-0.5167110326499096,1.0115610777177464,0.5002993116101648,0.30527646040513345,0.5122442736515016,-0.7424708758502816,0.06878824724308273,-0.19509888245848667,-0.13552709632247995,-0.5423735976260254,-0.9999949952580068,-1.0836241427939144,-0.5533821203206447,-0.07163113904095586,-0.37952476817198505,-0.6108712617933298,-0.24165676628942578,0.05743248768018408,-0.7317326859582729,0.08008747106154226,-1.4845471688407965
1.6847062931317278,1.142206531932559,1.0278894669433536,-1.6319184706157481,-0.6439209162167846,0.36206941027214823,1.2420774405755364,-0.35285346012580227,-0.02232548713228734,-0.2852115724793929,-0.13899803247281048,-1.593034932305078,0.6522102445907456,-1.1635019296279825,1.121685547383641,-0.35867624489035876,-1.2586335510551052,1.9353176859251158,-0.9885710532241613,0.5002993116101648,0.30527646040513345,-1.9521936143308383,-0.7424708758502816,1.1406528759263421,0.7748212760494178,-0.13552709632247995,2.7497080065691524,0.5570441919893597,-0.381387268134171,-0.7144894637714961,-1.4130286127406444,-1.29318470200339,-0.019266811596450106,-1.4004675589686404,0.05743248768018408,1.1591804926071652,0.08008747106154226,0.5005533681682226
1.6847062931317278,-0.8754984077249564,-0.5858197112353846,-1.6319184706157481,1.5529857391110689,0.36206941027214823,-0.5367001286437503,-0.35285346012580227,-0.02232548713228734,-0.2852115724793929,-0.972986227309673,0.30985805319435167,-0.7150738826235884,1.2347133014314717,-0.403105743590996,-0.35867624489035876,0.7945124291035353,-0.5167110326499096,-0.9885710532241613,-1.9988034698300843,0.30527646040513345,-1.9521936143308383,1.3468541764076536,0.06878824724308273,-0.19509888245848667,-0.13552709632247995,0.5549869371057006,-0.22147540163432355,1.0230864811853158,-0.39227477686979334,-0.07163113904095586,-0.07497145689485012,-0.019266811596450106,-0.07611236733525226,0.05743248768018408,0.0246325854679023,0.08008747106154226,-0.49199690033628696
-0.5935752742640285,-0.8754984077249564,1.0278894669433536,-1.6319184706157481,-0.6439209162167846,0.36206941027214823,-0.5367001286437503,-0.35285346012580227,-1.6297605606569814,-0.2852115724793929,-0.972986227309673,0.30985805319435167,0.6522102445907456,2.4338209169611993,-0.403105743590996,-0.35867624489035876,-1.2586335510551052,-0.5167110326499096,1.0115610777177464,0.5002993116101648,0.30527646040513345,-1.9521936143308383,-0.7424708758502816,0.06878824724308273,0.7748212760494178,0.7325114838043248,-0.5423735976260254,-0.9999949952580068,0.3208496065255724,-0.7144894637714961,-0.406980507465878,-0.68407807944912,-0.6108712617933298,-0.5727455641977729,3.236832174839822,-0.3535500502451853,-1.206240525680768,-0.49199690033628696
1.6847062931317278,-0.8754984077249564,-0.5858197112353846,0.612775710310261,-0.6439209162167846,0.36206941027214823,1.2420774405755364,1.466302156522779,-0.8260430238946344,-1.443814224885954,-0.972986227309673,0.30985805319435167,-0.7150738826235884,0.03560568590174467,-0.403105743590996,-0.35867624489035876,0.7945124291035353,-0.5167110326499096,-0.9885710532241613,0.5002993116101648,0.30527646040513345,0.5122442736515016,1.3468541764076536,0.06878824724308273,-0.19509888245848667,0.7325114838043248,-0.5423735976260254,-0.22147540163432355,-0.381387268134171,-0.07006008996809053,-1.0776792443157222,-0.9886313907262549,-0.019266811596450106,-1.0693787610602934,-0.5784474497517436,0.0246325854679023,0.08008747106154226,1.4931036366727322
1.6847062931317278,-0.8754984077249564,0.22103487785398448,-1.6319184706157481,-0.6439209162167846,0.36206941027214823,-0.5367001286437503,-0.35285346012580227,-0.02232548713228734,-0.2852115724793929,0.6949901623640521,0.30985805319435167,0.6522102445907456,0.03560568590174467,-0.403105743590996,2.788029634651948,-1.2586335510551052,1.9353176859251158,-0.9885710532241613,0.5002993116101648,0.30527646040513345,-1.9521936143308383,-0.7424708758502816,1.1406528759263421,-2.1349391994742954,-0.13552709632247995,-0.5423735976260254,-0.9999949952580068,1.0230864811853158,-0.7144894637714961,-0.07163113904095586,-0.68407807944912,-1.2024757119902096,-0.4072011652435993,1.1172323834000635,-0.7317326859582729,1.3664154678038525,-0.49199690033628696
1.6847062931317278,-0.8754984077249564,-0.5858197112353846,-1.6319184706157481,1.5529857391110689,0.36206941027214823,-0.5367001286437503,-0.35285346012580227,-0.02232548713228734,-0.2852115724793929,-0.13899803247281048,-1.593034932305078,2.0194943718050795,-1.1635019296279825,-0.403105743590996,-0.35867624489035876,0.7945124291035353,-0.5167110326499096,1.0115610777177464,0.5002993116101648,0.30527646040513345,-1.9521936143308383,1.3468541764076536,0.06878824724308273,-0.19509888245848667,-1.0035656764492848,-0.5423735976260254,-0.9999949952580068,0.3208496065255724,-0.7144894637714961,0.9344169662338104,0.8386884769365547,-0.019266811596450106,0.9171540263897889,0.05743248768018408,-1.1099153216713604,0.08008747106154226,-0.49199690033628696
-0.5935752742640285,1.142206531932559,-0.5858197112353846,-1.6319184706157481,-0.6439209162167846,0.36206941027214823,-0.5367001286437503,-0.35285346012580227,-1.6297605606569814,-0.2852115724793929,-0.972986227309673,0.30985805319435167,2.0194943718050795,-1.1635019296279825,-0.403105743590996,-0.35867624489035876,-1.2586335510551052,-0.5167110326499096,-0.9885710532241613,-1.9988034698300843,0.30527646040513345,-1.9521936143308383,-0.7424708758502816,0.06878824724308273,-1.1650190409663912,-1.0035656764492848,-0.5423735976260254,-0.22147540163432355,-0.381387268134171,-0.07006008996809053,0.2637182293839663,-0.37952476817198505,-1.2024757119902096,-0.07611236733525226,-0.7904074288957195,-0.7317326859582729,-1.206240525680768,-0.49199690033628696
-0.5935752742640285,1.142206531932559,0.22103487785398448,-1.6319184706157481,1.5529857391110689,-2.7619013692660572,1.2420774405755364,1.466302156522779,1.5851095863924067,-0.2852115724793929,-0.972986227309673,0.30985805319435167,0.6522102445907456,0.03560568590174467,-0.403105743590996,-0.35867624489035876,0.7945124291035353,-0.5167110326499096,-0.9885710532241613,0.5002993116101648,0.30527646040513345,0.5122442736515016,-0.7424708758502816,-1.0030763814401766,-0.19509888245848667,-0.13552709632247995,0.5549869371057006,0.5570441919893597,0.3208496065255724,-0.7144894637714961,0.2637182293839663,0.22958185438228482,-0.019266811596450106,0.2549764305730948,1.1172323834000635,0.4028152211809899,0.08008747106154226,1.4931036366727322
1.6847062931317278,-0.8754984077249564,0.22103487785398448,-1.6319184706157481,-0.6439209162167846,0.36206941027214823,-0.5367001286437503,-0.35285346012580227,-0.02232548713228734,-0.2852115724793929,1.5289783572009146,0.30985805319435167,0.6522102445907456,0.03560568590174467,-0.403105743590996,-0.35867624489035876,0.7945124291035353,-0.5167110326499096,1.0115610777177464,0.5002993116101648,0.30527646040513345,-1.9521936143308383,-0.7424708758502816,1.1406528759263421,-0.19509888245848667,-1.0035656764492848,-0.5423735976260254,-0.9999949952580068,-1.7858610174536578,-0.7144894637714961,1.2697663346587327,1.7523484107679594,1.1639420887973093,1.579331622206483,1.1172323834000635,-1.1099153216713604,0.08008747106154226,-0.49199690033628696
-0.5935752742640285,-0.8754984077249564,-1.3926743003247537,0.612775710310261,1.5529857391110689,0.36206941027214823,1.2420774405755364,0.5567243481984884,0.7813920496300597,0.8733910799271684,1.5289783572009146,-1.593034932305078,-0.7150738826235884,0.03560568590174467,-0.403105743590996,2.788029634651948,-1.2586335510551052,-0.5167110326499096,1.0115610777177464,0.5002993116101648,0.30527646040513345,0.5122442736515016,1.3468541764076536,0.06878824724308273,0.7748212760494178,0.7325114838043248,0.5549869371057006,1.335563785613043,-1.0836241427939144,-0.7144894637714961,0.5990675978088884,0.22958185438228482,-0.6108712617933298,0.4205208295272683,1.1172323834000635,1.1591804926071652,0.08008747106154226,0.9968285024204774
1.6847062931317278,-0.8754984077249564,1.0278894669433536,0.612775710310261,-0.6439209162167846,0.36206941027214823,0.35268865596589305,0.5567243481984884,0.7813920496300597,0.8733910799271684,0.6949901623640521,0.30985805319435167,0.6522102445907456,0.03560568590174467,-0.403105743590996,-0.35867624489035876,0.7945124291035353,-0.5167110326499096,-0.9885710532241613,0.5002993116101648,0.30527646040513345,0.5122442736515016,1.3468541764076536,0.06878824724308273,-0.19509888245848667,-1.0035656764492848,-0.5423735976260254,0.5570441919893597,-0.381387268134171,-0.7144894637714961,-0.07163113904095586,-0.07497145689485012,-0.019266811596450106,-0.07611236733525226,1.1172323834000635,-0.3535500502451853,0.08008747106154226,0.5005533681682226
1.6847062931317278,-0.8754984077249564,1.0278894669433536,0.612775710310261,-0.6439209162167846,0.36206941027214823,-0.5367001286437503,-0.35285346012580227,0.7813920496300597,-2.6024168772925154,1.5289783572009146,-1.593034932305078,0.6522102445907456,0.03560568590174467,-0.403105743590996,-0.35867624489035876,-1.2586335510551052,-0.5167110326499096,1.0115610777177464,-1.9988034698300843,0.30527646040513345,0.5122442736515016,-0.7424708758502816,0.06878824724308273,-0.19509888245848667,1.6005500639311296,-0.5423735976260254,-0.9999949952580068,-1.7858610174536578,-0.39227477686979334,0.2637182293839663,0.5341351656594198,0.5723376386004296,0.4205208295272683,-0.29583414422644244,0.0246325854679023,-1.206240525680768,-0.49199690033628696
-0.5935752742640285,-0.8754984077249564,0.22103487785398448,0.612775710310261,-0.6439209162167846,0.36206941027214823,0.35268865596589305,1.466302156522779,-1.6297605606569814,0.8733910799271684,-0.13899803247281048,0.30985805319435167,-0.7150738826235884,1.2347133014314717,1.121685547383641,-0.35867624489035876,0.7945124291035353,1.9353176859251158,-0.9885710532241613,0.5002993116101648,0.30527646040513345,0.5122442736515016,1.3468541764076536,0.06878824724308273,0.7748212760494178,-0.13552709632247995,1.6523474718374265,1.335563785613043,1.0230864811853158,3.7965161528523432,-0.406980507465878,-0.68407807944912,-0.6108712617933298,-0.5727455641977729,-0.8927329360686733,1.1591804926071652,1.3664154678038525,0.9968285024204774
-0.5935752742640285,1.142206531932559,1.0278894669433536,0.612775710310261,1.5529857391110689,0.36206941027214823,-0.5367001286437503,-0.35285346012580227,-0.02232548713228734,-0.2852115724793929,-0.972986227309673,0.30985805319435167,-0.7150738826235884,2.4338209169611993,-0.403105743590996,-0.35867624489035876,0.7945124291035353,1.9353176859251158,1.0115610777177464,0.5002993116101648,0.30527646040513345,0.5122442736515016,-0.7424708758502816,0.06878824724308273,1.7447414345573222,1.6005500639311296,0.5549869371057006,1.335563785613043,1.0230864811853158,-0.7144894637714961,-0.07163113904095586,-0.07497145689485012,-0.019266811596450106,-0.07611236733525226,3.236832174839822,1.5373631283202527,1.3664154678038525,-0.49199690033628696
-0.5935752742640285,1.142206531932559,0.22103487785398448,-1.6319184706157481,-0.6439209162167846,0.36206941027214823,-0.5367001286437503,-0.35285346012580227,0.7813920496300597,-0.2852115724793929,-0.972986227309673,0.30985805319435167,3.3867784990194134,-1.1635019296279825,-0.403105743590996,-0.35867624489035876,0.7945124291035353,-0.5167110326499096,-0.9885710532241613,0.5002993116101648,0.30527646040513345,0.5122442736515016,-0.7424708758502816,0.06878824724308273,0.7748212760494178,1.6005500639311296,3.847068541300878,2.1140833792367264,0.3208496065255724,0.574369283835315,-0.07163113904095586,-0.37952476817198505,-0.6108712617933298,-0.24165676628942578,-0.8846118640708197,3.0500936711726037,0.08008747106154226,-0.49199690033628696
-0.5935752742640285,-0.8754984077249564,1.0278894669433536,0.612775710310261,1.5529857391110689,0.36206941027214823,0.35268865596589305,0.5567243481984884,0.7813920496300597,0.8733910799271684,-0.13899803247281048,0.30985805319435167,-0.7150738826235884,2.4338209169611993,-0.403105743590996,-0.35867624489035876,0.7945124291035353,-0.5167110326499096,-0.9885710532241613,0.5002993116101648,0.30527646040513345,0.5122442736515016,-0.7424708758502816,1.1406528759263421,-0.19509888245848667,-0.13552709632247995,-0.5423735976260254,-0.9999949952580068,-1.7858610174536578,0.4132619403844636,1.6051157030836547,1.1432417882136896,-0.6108712617933298,1.4137872232523094,-0.4724674601797556,-0.7317326859582729,0.08008747106154226,0.5005533681682226
-0.5935752742640285,-0.8754984077249564,-1.3926743003247537,0.612775710310261,-0.6439209162167846,0.36206941027214823,1.2420774405755364,1.466302156522779,0.7813920496300597,0.8733910799271684,-0.972986227309673,0.30985805319435167,-0.7150738826235884,-1.1635019296279825,-0.403105743590996,2.788029634651948,0.7945124291035353,1.9353176859251158,-0.9885710532241613,0.5002993116101648,0.30527646040513345,0.5122442736515016,-0.7424708758502816,-1.0030763814401766,-0.19509888245848667,0.7325114838043248,0.5549869371057006,0.5570441919893597,1.0230864811853158,-0.7144894637714961,-1.0776792443157222,-0.37952476817198505,1.1639420887973093,-0.7382899631519464,0.05743248768018408,0.7809978568940775,2.6527434645461625,1.4931036366727322
-0.5935752742640285,-0.8754984077249564,-0.5858197112353846,0.612775710310261,-0.6439209162167846,0.36206941027214823,0.35268865596589305,0.5567243481984884,-0.02232548713228734,-0.2852115724793929,-0.13899803247281048,0.30985805319435167,-0.7150738826235884,1.2347133014314717,-0.403105743590996,-0.35867624489035876,0.7945124291035353,-0.5167110326499096,-0.9885710532241613,0.5002993116101648,0.30527646040513345,0.5122442736515016,1.3468541764076536,0.06878824724308273,-0.19509888245848667,-0.13552709632247995,-0.5423735976260254,0.5570441919893597,0.3208496065255724,-0.39227477686979334,-0.7423298758908001,-0.07497145689485012,1.1639420887973093,-0.4072011652435993,0.05743248768018408,0.0246325854679023,0.08008747106154226,0.5005533681682226
-0.5935752742640285,-0.8754984077249564,-0.5858197112353846,0.612775710310261,-0.6439209162167846,0.36206941027214823,1.2420774405755364,0.5567243481984884,1.5851095863924067,-1.443814224885954,-0.13899803247281048,0.30985805319435167,-0.7150738826235884,1.2347133014314717,-0.403105743590996,2.788029634651948,0.7945124291035353,-0.5167110326499096,1.0115610777177464,0.5002993116101648,0.30527646040513345,0.5122442736515016,-0.7424708758502816,-1.0030763814401766,0.7748212760494178,0.7325114838043248,0.5549869371057006,1.335563785613043,0.3208496065255724,-0.7144894637714961,0.9344169662338104,0.5341351656594198,-0.6108712617933298,0.7516096274356154,2.177032279119943,1.1591804926071652,1.3664154678038525,0.9968285024204774
-0.5935752742640285,1.142206531932559,1.0278894669433536,0.612775710310261,1.5529857391110689,0.36206941027214823,-0.5367001286437503,-1.262431268450093,-1.6297605606569814,-0.2852115724793929,-0.972986227309673,0.30985805319435167,3.3867784990194134,0.03560568590174467,-0.403105743590996,2.788029634651948,0.7945124291035353,-0.5167110326499096,1.0115610777177464,0.5002993116101648,0.30527646040513345,0.5122442736515016,1.3468541764076536,0.06878824724308273,-0.19509888245848667,-1.0035656764492848,2.7497080065691524,2.1140833792367264,-0.381387268134171,-0.39227477686979334,-0.7423298758908001,-0.37952476817198505,0.5723376386004296,-0.5727455641977729,-0.29583414422644244,1.5373631283202527,1.3664154678038525,-0.9882720345885417
1.6847062931317278,-0.8754984077249564,0.22103487785398448,0.612775710310261,-0.6439209162167846,0.36206941027214823,1.2420774405755364,-0.35285346012580227,-0.02232548713228734,-0.2852115724793929,-0.972986227309673,0.30985805319435167,0.6522102445907456,0.03560568590174467,-0.403105743590996,-0.35867624489035876,0.7945124291035353,-0.5167110326499096,-0.9885710532241613,0.5002993116101648,0.30527646040513345,0.5122442736515016,-0.7424708758502816,0.06878824724308273,-0.19509888245848667,-0.13552709632247995,-0.5423735976260254,-0.22147540163432355,0.3208496065255724,-0.7144894637714961,1.9404650715085767,2.0569017220450942,0.5723376386004296,2.0759648190690037,1.1172323834000635,-0.3535500502451853,0.08008747106154226,0.5005533681682226
-0.5935752742640285,-0.8754984077249564,1.0278894669433536,-1.6319184706157481,-0.6439209162167846,0.36206941027214823,1.2420774405755364,1.466302156522779,1.5851095863924067,-0.2852115724793929,1.5289783572009146,0.30985805319435167,0.6522102445907456,0.03560568590174467,-0.403105743590996,-0.35867624489035876,-1.2586335510551052,-0.5167110326499096,1.0115610777177464,0.5002993116101648,0.30527646040513345,0.5122442736515016,-0.7424708758502816,0.06878824724308273,-0.19509888245848667,0.7325114838043248,0.5549869371057006,-0.22147540163432355,0.3208496065255724,0.574369283835315,-0.406980507465878,-0.07497145689485012,0.5723376386004296,-0.24165676628942578,-0.7668563201019444,0.4028152211809899,-1.206240525680768,1.4931036366727322
-0.5935752742640285,-0.8754984077249564,0.22103487785398448,0.612775710310261,1.5529857391110689,0.36206941027214823,-0.5367001286437503,-0.35285346012580227,0.7813920496300597,0.8733910799271684,-0.972986227309673,-1.593034932305078,-0.7150738826235884,2.4338209169611993,-0.403105743590996,-0.35867624489035876,-1.2586335510551052,-0.5167110326499096,1.0115610777177464,0.5002993116101648,0.30527646040513345,0.5122442736515016,1.3468541764076536,-1.0030763814401766,0.7748212760494178,-1.8716042565760895,-0.5423735976260254,-0.9999949952580068,-1.0836241427939144,-0.39227477686979334,-0.406980507465878,-0.07497145689485012,0.5723376386004296,-0.24165676628942578,0.41069911958681043,-1.4880979573844482,-1.206240525680768,-0.49199690033628696
-0.5935752742640285,1.142206531932559,1.0278894669433536,0.612775710310261,-0.6439209162167846,0.36206941027214823,-0.5367001286437503,-1.262431268450093,-0.02232548713228734,-0.2852115724793929,-0.13899803247281048,0.30985805319435167,-0.7150738826235884,0.03560568590174467,-0.403105743590996,-0.35867624489035876,-1.2586335510551052,-0.5167110326499096,1.0115610777177464,0.5002993116101648,0.30527646040513345,0.5122442736515016,-0.7424708758502816,1.1406528759263421,-1.1650190409663912,0.7325114838043248,-0.5423735976260254,-0.22147540163432355,0.3208496065255724,0.574369283835315,1.2697663346587327,0.8386884769365547,-0.6108712617933298,1.0826984253439624,-0.7668563201019444,0.0246325854679023,-1.206240525680768,-0.9882720345885417
-0.5935752742640285,1.142206531932559,1.0278894669433536,0.612775710310261,-0.6439209162167846,0.36206941027214823,1.2420774405755364,0.5567243481984884,1.5851095863924067,-0.2852115724793929,-0.972986227309673,0.30985805319435167,-0.7150738826235884,0.03560568590174467,-0.403105743590996,-0.35867624489035876,0.7945124291035353,1.9353176859251158,-0.9885710532241613,-1.9988034698300843,0.30527646040513345,0.5122442736515016,-0.7424708758502816,0.06878824724308273,-0.19509888245848667,-1.0035656764492848,-0.5423735976260254,-0.9999949952580068,-0.381387268134171,-0.39227477686979334,-1.0776792443157222,-0.9886313907262549,-0.019266811596450106,-1.0693787610602934,-0.29583414422644244,-1.1099153216713604,1.3664154678038525,0.9968285024204774
-0.5935752742640285,-0.8754984077249564,1.0278894669433536,0.612775710310261,1.5529857391110689,0.36206941027214823,-1.4260889132533936,-1.262431268450093,-0.02232548713228734,-0.2852115724793929,-0.13899803247281048,0.30985805319435167,0.6522102445907456,0.03560568590174467,-0.403105743590996,-0.35867624489035876,0.7945124291035353,-0.5167110326499096,-0.9885710532241613,-1.9988034698300843,0.30527646040513345,-1.9521936143308383,-0.7424708758502816,0.06878824724308273,0.7748212760494178,-0.13552709632247995,-0.5423735976260254,-0.9999949952580068,-0.381387268134171,-0.39227477686979334,0.5990675978088884,0.5341351656594198,-0.019266811596450106,0.5860652284814418,-0.29583414422644244,-0.7317326859582729,0.08008747106154226,-1.4845471688407965
-0.5935752742640285,1.142206531932559,1.0278894669433536,0.612775710310261,1.5529857391110689,-2.7619013692660572,1.2420774405755364,1.466302156522779,1.5851095863924067,2.0319937323337296,1.5289783572009146,0.30985805319435167,-0.7150738826235884,0.03560568590174467,-0.403105743590996,-0.35867624489035876,0.7945124291035353,1.9353176859251158,1.0115610777177464,0.5002993116101648,0.30527646040513345,0.5122442736515016,-0.7424708758502816,1.1406528759263421,0.7748212760494178,-0.13552709632247995,-0.5423735976260254,-0.9999949952580068,-1.0836241427939144,0.7354766272861665,1.2697663346587327,0.5341351656594198,-1.2024757119902096,0.9171540263897889,-0.7904074288957195,-0.7317326859582729,1.3664154678038525,1.4931036366727322
-0.5935752742640285,1.142206531932559,-0.5858197112353846,0.612775710310261,-0.6439209162167846,0.36206941027214823,1.2420774405755364,1.466302156522779,-0.8260430238946344,-0.2852115724793929,-0.972986227309673,0.30985805319435167,-0.7150738826235884,-1.1635019296279825,-0.403105743590996,-0.35867624489035876,0.7945124291035353,-0.5167110326499096,1.0115610777177464,0.5002993116101648,0.30527646040513345,0.5122442736515016,-0.7424708758502816,-1.0030763814401766,0.7748212760494178,0.7325114838043248,-0.5423735976260254,1.335563785613043,1.0230864811853158,2.185442718343829,0.9344169662338104,-0.07497145689485012,-1.7940801621870894,0.4205208295272683,-0.9465884661597017,0.7809978568940775,0.08008747106154226,1.4931036366727322
1.6847062931317278,1.142206531932559,-0.5858197112353846,-1.6319184706157481,1.5529857391110689,0.36206941027214823,-1.4260889132533936,-0.35285346012580227,-0.02232548713228734,-2.6024168772925154,-0.972986227309673,0.30985805319435167,-0.7150738826235884,-1.1635019296279825,-0.403105743590996,-0.35867624489035876,-1.2586335510551052,-0.5167110326499096,-0.9885710532241613,0.5002993116101648,0.30527646040513345,-1.9521936143308383,-0.7424708758502816,0.06878824724308273,0.7748212760494178,0.7325114838043248,0.5549869371057006,1.335563785613043,1.0230864811853158,-0.07006008996809053,-0.7423298758908001,-0.37952476817198505,0.5723376386004296,-0.5727455641977729,-0.7904074288957195,1.1591804926071652,-1.206240525680768,-0.9882720345885417
-0.5935752742640285,1.142206531932559,-1.3926743003247537,0.612775710310261,1.5529857391110689,0.36206941027214823,1.2420774405755364,1.466302156522779,-0.8260430238946344,0.8733910799271684,-0.972986227309673,-1.593034932305078,-0.7150738826235884,-1.1635019296279825,-0.403105743590996,-0.35867624489035876,0.7945124291035353,-0.5167110326499096,1.0115610777177464,0.5002993116101648,0.30527646040513345,0.5122442736515016,-0.7424708758502816,0.06878824724308273,-0.19509888245848667,-0.13552709632247995,-0.5423735976260254,0.5570441919893597,1.0230864811853158,-0.7144894637714961,0.2637182293839663,0.5341351656594198,0.5723376386004296,0.4205208295272683,0.05743248768018408,0.0246325854679023,0.08008747106154226,1.4931036366727322
-0.5935752742640285,1.142206531932559,-0.5858197112353846,0.612775710310261,-0.6439209162167846,0.36206941027214823,-1.4260889132533936,-0.35285346012580227,0.7813920496300597,0.8733910799271684,0.6949901623640521,0.30985805319435167,-0.7150738826235884,-1.1635019296279825,-0.403105743590996,-0.35867624489035876,0.7945124291035353,-0.5167110326499096,1.0115610777177464,0.5002993116101648,0.30527646040513345,0.5122442736515016,1.3468541764076536,-1.0030763814401766,-0.19509888245848667,-0.13552709632247995,-0.5423735976260254,-0.22147540163432355,-0.381387268134171,-0.7144894637714961,-0.406980507465878,-0.68407807944912,-0.6108712617933298,-0.5727455641977729,0.05743248768018408,-0.3535500502451853,0.08008747106154226,-0.9882720345885417
-0.5935752742640285,1.142206531932559,1.0278894669433536,0.612775710310261,1.5529857391110689,0.36206941027214823,1.2420774405755364,0.5567243481984884,1.5851095863924067,0.8733910799271684,-0.972986227309673,0.30985805319435167,0.6522102445907456,-1.1635019296279825,-0.403105743590996,-0.35867624489035876,-1.2586335510551052,-0.5167110326499096,1.0115610777177464,0.5002993116101648,0.30527646040513345,0.5122442736515016,-0.7424708758502816,0.06878824724308273,-1.1650190409663912,-0.13552709632247995,-0.5423735976260254,-0.22147540163432355,-1.7858610174536578,-0.7144894637714961,-0.406980507465878,-0.37952476817198505,-0.019266811596450106,-0.4072011652435993,0.05743248768018408,-0.3535500502451853,-1.206240525680768,0.9968285024204774
1.6847062931317278,1.142206531932559,0.22103487785398448,0.612775710310261,1.5529857391110689,0.36206941027214823,0.35268865596589305,-1.262431268450093,0.7813920496300597,0.8733910799271684,-0.972986227309673,0.30985805319435167,0.6522102445907456,-1.1635019296279825,-0.403105743590996,-0.35867624489035876,-1.2586335510551052,-0.5167110326499096,-0.9885710532241613,-1.9988034698300843,0.30527646040513345,0.5122442736515016,-0.7424708758502816,-2.0749410101234362,0.7748212760494178,1.6005500639311296,1.6523474718374265,1.335563785613043,-1.0836241427939144,-0.23116743341894191,0.9344169662338104,1.4477950994908246,1.1639420887973093,1.248242824298136,-0.7374174341097255,1.9155457640333402,-1.206240525680768,-0.49199690033628696
1.6847062931317278,-0.8754984077249564,1.0278894669433536,-1.6319184706157481,1.5529857391110689,-2.7619013692660572,-1.4260889132533936,-0.35285346012580227,-1.6297605606569814,-0.2852115724793929,-0.972986227309673,0.30985805319435167,2.0194943718050795,0.03560568590174467,-0.403105743590996,-0.35867624489035876,-1.2586335510551052,-0.5167110326499096,-0.9885710532241613,0.5002993116101648,0.30527646040513345,-1.9521936143308383,1.3468541764076536,0.06878824724308273,-0.19509888245848667,0.7325114838043248,-0.5423735976260254,1.335563785613043,1.0230864811853158,-0.7144894637714961,1.6051157030836547,1.1432417882136896,-0.6108712617933298,1.4137872232523094,1.1172323834000635,0.7809978568940775,-1.206240525680768,-0.9882720345885417
-0.5935752742640285,-0.8754984077249564,1.0278894669433536,-1.6319184706157481,-0.6439209162167846,0.36206941027214823,-0.5367001286437503,-1.262431268450093,-0.02232548713228734,-0.2852115724793929,1.5289783572009146,0.30985805319435167,0.6522102445907456,0.03560568590174467,-0.403105743590996,-0.35867624489035876,0.7945124291035353,-0.5167110326499096,-0.9885710532241613,0.5002993116101648,-3.2757193223247443,0.5122442736515016,1.3468541764076536,0.06878824724308273,-0.19509888245848667,1.6005500639311296,-0.5423735976260254,-0.22147540163432355,-0.381387268134171,1.2187986576387206,-1.0776792443157222,-0.68407807944912,0.5723376386004296,-0.9038343621061199,-0.8393212702366369,0.4028152211809899,0.08008747106154226,-0.9882720345885417
1.6847062931317278,1.142206531932559,1.0278894669433536,0.612775710310261,-0.6439209162167846,0.36206941027214823,1.2420774405755364,1.466302156522779,1.5851095863924067,2.0319937323337296,-0.13899803247281048,-1.593034932305078,-0.7150738826235884,0.03560568590174467,-0.403105743590996,-0.35867624489035876,-1.2586335510551052,1.9353176859251158,1.0115610777177464,-1.9988034698300843,0.30527646040513345,0.5122442736515016,-0.7424708758502816,-1.0030763814401766,-1.1650190409663912,0.7325114838043248,-0.5423735976260254,1.335563785613043,-1.0836241427939144,-0.07006008996809053,1.2697663346587327,0.8386884769365547,-0.6108712617933298,1.0826984253439624,-0.5784474497517436,0.7809978568940775,0.08008747106154226,1.4931036366727322
1.6847062931317278,1.142206531932559,1.0278894669433536,-1.6319184706157481,1.5529857391110689,0.36206941027214823,0.35268865596589305,-0.35285346012580227,0.7813920496300597,-0.2852115724793929,-0.972986227309673,0.30985805319435167,2.0194943718050795,-1.1635019296279825,-0.403105743590996,-0.35867624489035876,-1.2586335510551052,-0.5167110326499096,-0.9885710532241613,-1.9988034698300843,0.30527646040513345,0.5122442736515016,-0.7424708758502816,0.06878824724308273,0.7748212760494178,-1.8716042565760895,1.6523474718374265,1.335563785613043,1.0230864811853158,-0.7144894637714961,-0.07163113904095586,0.22958185438228482,0.5723376386004296,0.08943203161892128,0.05743248768018408,0.4028152211809899,-1.206240525680768,0.004278233915967804
1.6847062931317278,1.142206531932559,2.641598645122092,0.612775710310261,1.5529857391110689,-2.7619013692660572,-0.5367001286437503,-0.35285346012580227,0.7813920496300597,0.8733910799271684,-0.972986227309673,2.2127510386937814,-0.7150738826235884,0.03560568590174467,2.6464768383582777,-0.35867624489035876,0.7945124291035353,1.9353176859251158,-0.9885710532241613,0.5002993116101648,0.30527646040513345,-1.9521936143308383,-0.7424708758502816,1.1406528759263421,1.7447414345573222,0.7325114838043248,2.7497080065691524,2.1140833792367264,0.3208496065255724,1.0576913141878692,-0.7423298758908001,-0.68407807944912,-0.019266811596450106,-0.7382899631519464,-0.8257340920863822,2.2937283997464277,1.3664154678038525,-0.49199690033628696
-0.5935752742640285,-0.8754984077249564,-0.5858197112353846,0.612775710310261,-0.6439209162167846,0.36206941027214823,-1.4260889132533936,-1.262431268450093,0.7813920496300597,0.8733910799271684,-0.972986227309673,-1.593034932305078,3.3867784990194134,-1.1635019296279825,-0.403105743590996,2.788029634651948,0.7945124291035353,-0.5167110326499096,1.0115610777177464,-1.9988034698300843,0.30527646040513345,0.5122442736515016,1.3468541764076536,1.1406528759263421,1.7447414345573222,1.6005500639311296,3.847068541300878,2.1140833792367264,1.0230864811853158,0.25215459693361225,-0.406980507465878,-0.9886313907262549,-1.2024757119902096,-0.7382899631519464,-0.8509674229368555,3.0500936711726037,1.3664154678038525,-1.4845471688407965
-0.5935752742640285,1.142206531932559,1.0278894669433536,0.612775710310261,1.5529857391110689,0.36206941027214823,0.35268865596589305,0.5567243481984884,0.7813920496300597,-1.443814224885954,-0.13899803247281048,-1.593034932305078,-0.7150738826235884,0.03560568590174467,-0.403105743590996,-0.35867624489035876,0.7945124291035353,-0.5167110326499096,-0.9885710532241613,0.5002993116101648,0.30527646040513345,0.5122442736515016,-0.7424708758502816,-1.0030763814401766,-1.1650190409663912,0.7325114838043248,0.5549869371057006,1.335563785613043,0.3208496065255724,0.8965839707370178,-0.406980507465878,-0.37952476817198505,-0.019266811596450106,-0.4072011652435993,-0.8096765179088081,1.1591804926071652,0.08008747106154226,0.5005533681682226
-0.5935752742640285,-0.8754984077249564,0.22103487785398448,0.612775710310261,-0.6439209162167846,0.36206941027214823,0.35268865596589305,1.466302156522779,0.7813920496300597,-0.2852115724793929,-0.972986227309673,0.30985805319435167,-0.7150738826235884,1.2347133014314717,-0.403105743590996,-0.35867624489035876,-1.2586335510551052,-0.5167110326499096,-0.9885710532241613,0.5002993116101648,0.30527646040513345,0.5122442736515016,-0.7424708758502816,0.06878824724308273,0.7748212760494178,1.6005500639311296,-0.5423735976260254,0.5570441919893597,1.0230864811853158,1.8632280314421263,1.6051157030836547,1.1432417882136896,-0.6108712617933298,1.4137872232523094,-0.8153438970303047,0.7809978568940775,-1.206240525680768,0.9968285024204774
-0.5935752742640285,1.142206531932559,-0.5858197112353846,0.612775710310261,1.5529857391110689,0.36206941027214823,-0.5367001286437503,-0.35285346012580227,0.7813920496300597,0.8733910799271684,1.5289783572009146,-1.593034932305078,0.6522102445907456,-1.1635019296279825,2.6464768383582777,-0.35867624489035876,0.7945124291035353,-0.5167110326499096,1.0115610777177464,0.5002993116101648,0.30527646040513345,0.5122442736515016,-0.7424708758502816,-2.0749410101234362,-0.19509888245848667,-0.13552709632247995,0.5549869371057006,-0.22147540163432355,-1.0836241427939144,0.574369283835315,-0.7423298758908001,-0.68407807944912,-0.019266811596450106,-0.7382899631519464,-0.8846118640708197,0.0246325854679023,0.08008747106154226,-0.49199690033628696
-0.5935752742640285,-0.8754984077249564,1.8347440560327226,0.612775710310261,-0.6439209162167846,0.36206941027214823,1.2420774405755364,1.466302156522779,1.5851095863924067,-0.2852115724793929,-0.13899803247281048,2.2127510386937814,-0.7150738826235884,-1.1635019296279825,1.121685547383641,-0.35867624489035876,0.7945124291035353,-0.5167110326499096,-0.9885710532241613,0.5002993116101648,0.30527646040513345,0.5122442736515016,1.3468541764076536,-1.0030763814401766,-1.1650190409663912,1.6005500639311296,2.7497080065691524,1.335563785613043,1.0230864811853158,0.09104725348276087,-0.7423298758908001,-0.37952476817198505,0.5723376386004296,-0.5727455641977729,-0.8257340920863822,2.2937283997464277,0.08008747106154226,1.4931036366727322
-0.5935752742640285,-0.8754984077249564,0.22103487785398448,0.612775710310261,-0.6439209162167846,0.36206941027214823,-0.5367001286437503,-0.35285346012580227,0.7813920496300597,0.8733910799271684,1.5289783572009146,0.30985805319435167,-0.7150738826235884,0.03560568590174467,-0.403105743590996,-0.35867624489035876,0.7945124291035353,-0.5167110326499096,1.0115610777177464,0.5002993116101648,0.30527646040513345,0.5122442736515016,-0.7424708758502816,0.06878824724308273,-0.19509888245848667,0.7325114838043248,-0.5423735976260254,0.5570441919893597,0.3208496065255724,-0.7144894637714961,0.5990675978088884,1.7523484107679594,2.3471509891910687,1.248242824298136,1.1172323834000635,0.4028152211809899,0.08008747106154226,-0.49199690033628696
-0.5935752742640285,1.142206531932559,0.22103487785398448,0.612775710310261,-0.6439209162167846,0.36206941027214823,1.2420774405755364,0.5567243481984884,-0.02232548713228734,-0.2852115724793929,-0.972986227309673,0.30985805319435167,-0.7150738826235884,0.03560568590174467,-0.403105743590996,-0.35867624489035876,0.7945124291035353,1.9353176859251158,1.0115610777177464,0.5002993116101648,0.30527646040513345,0.5122442736515016,1.3468541764076536,1.1406528759263421,-1.1650190409663912,-0.13552709632247995,-0.5423735976260254,-0.9999949952580068,-1.0836241427939144,-0.07006008996809053,-0.07163113904095586,-0.07497145689485012,-0.019266811596450106,-0.07611236733525226,-0.5784474497517436,-0.7317326859582729,1.3664154678038525,0.9968285024204774
-0.5935752742640285,1.142206531932559,-1.3926743003247537,0.612775710310261,-0.6439209162167846,0.36206941027214823,1.2420774405755364,-2.1720090767743834,1.5851095863924067,-0.2852115724793929,-0.972986227309673,0.30985805319435167,0.6522102445907456,2.4338209169611993,-0.403105743590996,-0.35867624489035876,-1.2586335510551052,-0.5167110326499096,1.0115610777177464,0.5002993116101648,0.30527646040513345,0.5122442736515016,-0.7424708758502816,-1.0030763814401766,0.7748212760494178,-0.13552709632247995,-0.5423735976260254,-0.9999949952580068,-1.7858610174536578,0.574369283835315,-0.07163113904095586,-0.07497145689485012,-0.019266811596450106,-0.07611236733525226,-0.5313452321641934,-0.7317326859582729,-1.206240525680768,-0.49199690033628696
-0.5935752742640285,1.142206531932559,-0.5858197112353846,0.612775710310261,-0.6439209162167846,0.36206941027214823,1.2420774405755364,1.466302156522779,1.5851095863924067,2.0319937323337296,-0.972986227309673,0.30985805319435167,-0.7150738826235884,-1.1635019296279825,-0.403105743590996,-0.35867624489035876,0.7945124291035353,-0.5167110326499096,-0.9885710532241613,0.5002993116101648,-3.2757193223247443,0.5122442736515016,1.3468541764076536,-1.0030763814401766,-0.19509888245848667,-1.0035656764492848,0.5549869371057006,-0.9999949952580068,1.0230864811853158,-0.7144894637714961,-1.4130286127406444,-1.5977380132805248,-0.6108712617933298,-1.566011957922814,0.05743248768018408,-0.7317326859582729,0.08008747106154226,1.4931036366727322
-0.5935752742640285,-0.8754984077249564,0.22103487785398448,0.612775710310261,1.5529857391110689,0.36206941027214823,-0.5367001286437503,-1.262431268450093,-0.02232548713228734,-0.2852115724793929,-0.13899803247281048,-1.593034932305078,-0.7150738826235884,0.03560568590174467,-0.403105743590996,-0.35867624489035876,-1.2586335510551052,-0.5167110326499096,1.0115610777177464,0.5002993116101648,0.30527646040513345,0.5122442736515016,-0.7424708758502816,0.06878824724308273,-1.1650190409663912,-0.13552709632247995,0.5549869371057006,-0.22147540163432355,-1.0836241427939144,-0.39227477686979334,-0.07163113904095586,0.22958185438228482,0.5723376386004296,0.08943203161892128,-0.29583414422644244,0.0246325854679023,-1.206240525680768,-0.9882720345885417
-0.5935752742640285,1.142206531932559,0.22103487785398448,-1.6319184706157481,-0.6439209162167846,0.36206941027214823,-0.5367001286437503,-0.35285346012580227,-0.02232548713228734,-0.2852115724793929,-0.972986227309673,-1.593034932305078,0.6522102445907456,0.03560568590174467,-0.403105743590996,-0.35867624489035876,0.7945124291035353,-0.5167110326499096,1.0115610777177464,0.5002993116101648,0.30527646040513345,0.5122442736515016,-0.7424708758502816,0.06878824724308273,1.7447414345573222,-1.0035656764492848,-0.5423735976260254,-0.9999949952580068,-1.7858610174536578,-0.7144894637714961,0.2637182293839663,0.5341351656594198,0.5723376386004296,0.4205208295272683,1.1172323834000635,-1.1099153216713604,0.08008747106154226,-0.49199690033628696
-0.5935752742640285,1.142206531932559,0.22103487785398448,-1.6319184706157481,1.5529857391110689,0.36206941027214823,-1.4260889132533936,-0.35285346012580227,-0.02232548713228734,-0.2852115724793929,1.5289783572009146,0.30985805319435167,-0.7150738826235884,-1.1635019296279825,4.171268129332915,-0.35867624489035876,-1.2586335510551052,-0.5167110326499096,-0.9885710532241613,0.5002993116101648,0.30527646040513345,-1.9521936143308383,-0.7424708758502816,-2.0749410101234362,-1.1650190409663912,-1.0035656764492848,1.6523474718374265,0.5570441919893597,1.0230864811853158,1.5410133445404235,-0.7423298758908001,-0.9886313907262549,-0.6108712617933298,-0.9038343621061199,-0.93171408165837,0.4028152211809899,-1.206240525680768,-0.9882720345885417
1.6847062931317278,-0.8754984077249564,-1.3926743003247537,-1.6319184706157481,1.5529857391110689,0.36206941027214823,-0.5367001286437503,-1.262431268450093,-1.6297605606569814,-0.2852115724793929,-0.13899803247281048,0.30985805319435167,0.6522102445907456,-1.1635019296279825,-0.403105743590996,-0.35867624489035876,-1.2586335510551052,-0.5167110326499096,-0.9885710532241613,0.5002993116101648,-3.2757193223247443,-1.9521936143308383,-0.7424708758502816,-3.1468056388066956,-0.19509888245848667,0.7325114838043248,-0.5423735976260254,-0.9999949952580068,-1.7858610174536578,-0.7144894637714961,-1.7483779811655664,-0.9886313907262549,1.1639420887973093,-1.4004675589686404,0.05743248768018408,-0.3535500502451853,-1.206240525680768,-0.9882720345885417
-0.5935752742640285,1.142206531932559,-1.3926743003247537,0.612775710310261,-0.6439209162167846,0.36206941027214823,0.35268865596589305,1.466302156522779,-0.02232548713228734,-0.2852115724793929,-0.13899803247281048,0.30985805319435167,-0.7150738826235884,0.03560568590174467,-0.403105743590996,-0.35867624489035876,0.7945124291035353,-0.5167110326499096,1.0115610777177464,0.5002993116101648,0.30527646040513345,0.5122442736515016,-0.7424708758502816,1.1406528759263421,1.7447414345573222,-1.8716042565760895,-0.5423735976260254,-0.9999949952580068,1.0230864811853158,-0.7144894637714961,0.2637182293839663,0.22958185438228482,-0.019266811596450106,0.2549764305730948,1.1172323834000635,-1.4880979573844482,0.08008747106154226,0.9968285024204774
-0.5935752742640285,1.142206531932559,-1.3926743003247537,0.612775710310261,1.5529857391110689,0.36206941027214823,1.2420774405755364,1.466302156522779,1.5851095863924067,-0.2852115724793929,-0.13899803247281048,2.2127510386937814,-0.7150738826235884,-1.1635019296279825,-0.403105743590996,-0.35867624489035876,0.7945124291035353,-0.5167110326499096,-0.9885710532241613,-1.9988034698300843,0.30527646040513345,0.5122442736515016,1.3468541764076536,1.1406528759263421,0.7748212760494178,-0.13552709632247995,0.5549869371057006,1.335563785613043,1.0230864811853158,0.574369283835315,-0.406980507465878,-0.07497145689485012,0.5723376386004296,-0.24165676628942578,-0.8846118640708197,0.7809978568940775,0.08008747106154226,1.4931036366727322
-0.5935752742640285,1.142206531932559,1.0278894669433536,0.612775710310261,-0.6439209162167846,0.36206941027214823,-0.5367001286437503,-1.262431268450093,-0.02232548713228734,-0.2852115724793929,-0.13899803247281048,0.30985805319435167,-0.7150738826235884,0.03560568590174467,-0.403105743590996,-0.35867624489035876,-1.2586335510551052,-0.5167110326499096,1.0115610777177464,0.5002993116101648,0.30527646040513345,0.5122442736515016,-0.7424708758502816,1.1406528759263421,-1.1650190409663912,0.7325114838043248,-0.5423735976260254,-0.22147540163432355,0.3208496065255724,-0.39227477686979334,1.6051157030836547,1.4477950994908246,-0.019266811596450106,1.579331622206483,-0.29583414422644244,0.0246325854679023,-1.206240525680768,-0.9882720345885417
-0.5935752742640285,-0.8754984077249564,0.22103487785398448,0.612775710310261,-0.6439209162167846,0.36206941027214823,0.35268865596589305,0.5567243481984884,-1.6297605606569814,-0.2852115724793929,-0.972986227309673,0.30985805319435167,-0.7150738826235884,-1.1635019296279825,-0.403105743590996,-0.35867624489035876,0.7945124291035353,1.9353176859251158,1.0115610777177464,0.5002993116101648,0.30527646040513345,0.5122442736515016,-0.7424708758502816,0.06878824724308273,-1.1650190409663912,1.6005500639311296,0.5549869371057006,2.1140833792367264,1.0230864811853158,-0.39227477686979334,-0.07163113904095586,0.22958185438228482,0.5723376386004296,0.08943203161892128,-0.6491007761330689,1.9155457640333402,1.3664154678038525,0.5005533681682226
-0.5935752742640285,-0.8754984077249564,-0.5858197112353846,0.612775710310261,-0.6439209162167846,0.36206941027214823,0.35268865596589305,-0.35285346012580227,-0.02232548713228734,-0.2852115724793929,1.5289783572009146,0.30985805319435167,-0.7150738826235884,0.03560568590174467,-0.403105743590996,-0.35867624489035876,0.7945124291035353,-0.5167110326499096,-0.9885710532241613,0.5002993116101648,0.30527646040513345,0.5122442736515016,-0.7424708758502816,-3.1468056388066956,-1.1650190409663912,-1.0035656764492848,-0.5423735976260254,-0.22147540163432355,-1.7858610174536578,0.574369283835315,0.9344169662338104,1.1432417882136896,0.5723376386004296,1.0826984253439624,-0.7668563201019444,-0.7317326859582729,0.08008747106154226,0.004278233915967804
-0.5935752742640285,-0.8754984077249564,0.22103487785398448,0.612775710310261,-0.6439209162167846,0.36206941027214823,0.35268865596589305,1.466302156522779,0.7813920496300597,-0.2852115724793929,-0.972986227309673,0.30985805319435167,-0.7150738826235884,1.2347133014314717,-0.403105743590996,-0.35867624489035876,-1.2586335510551052,-0.5167110326499096,-0.9885710532241613,0.5002993116101648,0.30527646040513345,0.5122442736515016,-0.7424708758502816,0.06878824724308273,0.7748212760494178,1.6005500639311296,-0.5423735976260254,0.5570441919893597,1.0230864811853158,0.574369283835315,-0.07163113904095586,0.5341351656594198,1.1639420887973093,0.2549764305730948,-0.6491007761330689,0.7809978568940775,-1.206240525680768,0.9968285024204774
-0.5935752742640285,1.142206531932559,-1.3926743003247537,0.612775710310261,1.5529857391110689,0.36206941027214823,0.35268865596589305,0.5567243481984884,-0.02232548713228734,-0.2852115724793929,-0.972986227309673,0.30985805319435167,-0.7150738826235884,0.03560568590174467,-0.403105743590996,-0.35867624489035876,-1.2586335510551052,-0.5167110326499096,1.0115610777177464,-1.9988034698300843,0.30527646040513345,0.5122442736515016,-0.7424708758502816,1.1406528759263421,-0.19509888245848667,-1.0035656764492848,-0.5423735976260254,-0.9999949952580068,-1.0836241427939144,-0.7144894637714961,-1.0776792443157222,-0.37952476817198505,1.1639420887973093,-0.7382899631519464,1.1172323834000635,-1.1099153216713604,-1.206240525680768,0.5005533681682226
1.6847062931317278,1.142206531932559,1.8347440560327226,0.612775710310261,-0.6439209162167846,0.36206941027214823,-1.4260889132533936,-1.262431268450093,-0.02232548713228734,-0.2852115724793929,0.6949901623640521,0.30985805319435167,-0.7150738826235884,0.03560568590174467,2.6464768383582777,-0.35867624489035876,0.7945124291035353,-0.5167110326499096,1.0115610777177464,0.5002993116101648,-3.2757193223247443,0.5122442736515016,-0.7424708758502816,0.06878824724308273,0.7748212760494178,-0.13552709632247995,1.6523474718374265,1.335563785613043,0.3208496065255724,-0.39227477686979334,-0.7423298758908001,-0.68407807944912,-0.019266811596450106,-0.7382899631519464,-0.29583414422644244,1.1591804926071652,0.08008747106154226,-1.4845471688407965
-0.5935752742640285,-0.8754984077249564,0.22103487785398448,0.612775710310261,1.5529857391110689,0.36206941027214823,0.35268865596589305,0.5567243481984884,-0.02232548713228734,-0.2852115724793929,1.5289783572009146,0.30985805319435167,-0.7150738826235884,0.03560568590174467,-0.403105743590996,-0.35867624489035876,0.7945124291035353,-0.5167110326499096,1.0115610777177464,0.5002993116101648,0.30527646040513345,0.5122442736515016,1.3468541764076536,1.1406528759263421,-0.19509888245848667,-0.13552709632247995,0.5549869371057006,0.5570441919893597,-1.7858610174536578,8.307521769476182,-0.7423298758908001,-0.68407807944912,-0.019266811596450106,-0.7382899631519464,-0.9651814467863662,0.4028152211809899,0.08008747106154226,0.5005533681682226
-0.5935752742640285,-0.8754984077249564,-1.3926743003247537,0.612775710310261,1.5529857391110689,-2.7619013692660572,0.35268865596589305,1.466302156522779,-0.02232548713228734,-0.2852115724793929,-0.13899803247281048,0.30985805319435167,-0.7150738826235884,0.03560568590174467,-0.403105743590996,2.788029634651948,-1.2586335510551052,-0.5167110326499096,1.0115610777177464,0.5002993116101648,0.30527646040513345,0.5122442736515016,1.3468541764076536,1.1406528759263421,-0.19509888245848667,-1.0035656764492848,-0.5423735976260254,-0.9999949952580068,-1.7858610174536578,-0.7144894637714961,-0.406980507465878,-0.07497145689485012,0.5723376386004296,-0.24165676628942578,1.1172323834000635,-1.1099153216713604,0.08008747106154226,0.9968285024204774
-0.5935752742640285,-0.8754984077249564,0.22103487785398448,0.612775710310261,-0.6439209162167846,0.36206941027214823,0.35268865596589305,0.5567243481984884,-0.02232548713228734,-0.2852115724793929,-0.13899803247281048,0.30985805319435167,-0.7150738826235884,1.2347133014314717,-0.403105743590996,-0.35867624489035876,-1.2586335510551052,-0.5167110326499096,1.0115610777177464,-1.9988034698300843,0.30527646040513345,-1.9521936143308383,-0.7424708758502816,-1.0030763814401766,-1.1650190409663912,-0.13552709632247995,-0.5423735976260254,-0.9999949952580068,0.3208496065255724,-0.39227477686979334,1.2697663346587327,0.22958185438228482,-1.7940801621870894,0.7516096274356154,0.05743248768018408,-0.7317326859582729,-1.206240525680768,0.5005533681682226
-0.5935752742640285,1.142206531932559,-1.3926743003247537,0.612775710310261,1.5529857391110689,0.36206941027214823,-0.5367001286437503,-0.35285346012580227,0.7813920496300597,-1.443814224885954,1.5289783572009146,0.30985805319435167,-0.7150738826235884,2.4338209169611993,-0.403105743590996,-0.35867624489035876,0.7945124291035353,-0.5167110326499096,1.0115610777177464,0.5002993116101648,0.30527646040513345,0.5122442736515016,-0.7424708758502816,0.06878824724308273,-0.19509888245848667,0.7325114838043248,-0.5423735976260254,-0.9999949952580068,0.3208496065255724,-0.39227477686979334,-0.07163113904095586,0.22958185438228482,0.5723376386004296,0.08943203161892128,0.41069911958681043,-0.3535500502451853,0.08008747106154226,-0.49199690033628696
1.6847062931317278,1.142206531932559,1.0278894669433536,0.612775710310261,1.5529857391110689,0.36206941027214823,-1.4260889132533936,-1.262431268450093,-0.02232548713228734,0.8733910799271684,-0.13899803247281048,-1.593034932305078,0.6522102445907456,-1.1635019296279825,-0.403105743590996,-0.35867624489035876,-1.2586335510551052,-0.5167110326499096,-0.9885710532241613,-1.9988034698300843,0.30527646040513345,0.5122442736515016,1.3468541764076536,-1.0030763814401766,-0.19509888245848667,-1.0035656764492848,-0.5423735976260254,-0.22147540163432355,-0.381387268134171,-0.39227477686979334,0.9344169662338104,0.5341351656594198,-0.6108712617933298,0.7516096274356154,-0.6491007761330689,-0.7317326859582729,-1.206240525680768,-1.4845471688407965
-0.5935752742640285,-0.8754984077249564,1.8347440560327226,0.612775710310261,-0.6439209162167846,0.36206941027214823,1.2420774405755364,1.466302156522779,-0.8260430238946344,-0.2852115724793929,1.5289783572009146,2.2127510386937814,0.6522102445907456,0.03560568590174467,-0.403105743590996,-0.35867624489035876,0.7945124291035353,-0.5167110326499096,1.0115610777177464,0.5002993116101648,0.30527646040513345,0.5122442736515016,-0.7424708758502816,-2.0749410101234362,-0.19509888245848667,0.7325114838043248,0.5549869371057006,0.5570441919893597,-1.0836241427939144,-0.39227477686979334,0.9344169662338104,0.5341351656594198,-0.6108712617933298,0.7516096274356154,-0.29583414422644244,0.7809978568940775,0.08008747106154226,1.4931036366727322
-0.5935752742640285,1.142206531932559,1.0278894669433536,0.612775710310261,-0.6439209162167846,0.36206941027214823,1.2420774405755364,1.466302156522779,1.5851095863924067,0.8733910799271684,-0.13899803247281048,0.30985805319435167,0.6522102445907456,-1.1635019296279825,-0.403105743590996,-0.35867624489035876,-1.2586335510551052,1.9353176859251158,1.0115610777177464,0.5002993116101648,0.30527646040513345,0.5122442736515016,-0.7424708758502816,-1.0030763814401766,-1.1650190409663912,0.7325114838043248,-0.5423735976260254,1.335563785613043,-0.381387268134171,2.8298720921472347,-0.7423298758908001,-0.68407807944912,-0.019266811596450106,-0.7382899631519464,-0.9562891517040484,0.7809978568940775,0.08008747106154226,1.4931036366727322
-0.5935752742640285,1.142206531932559,1.0278894669433536,0.612775710310261,-0.6439209162167846,0.36206941027214823,-0.5367001286437503,-0.35285346012580227,0.7813920496300597,-0.2852115724793929,-0.13899803247281048,0.30985805319435167,-0.7150738826235884,0.03560568590174467,1.121685547383641,-0.35867624489035876,0.7945124291035353,1.9353176859251158,1.0115610777177464,0.5002993116101648,0.30527646040513345,0.5122442736515016,-0.7424708758502816,0.06878824724308273,0.7748212760494178,0.7325114838043248,0.5549869371057006,1.335563785613043,1.0230864811853158,1.702120687991275,-1.7483779811655664,-1.29318470200339,0.5723376386004296,-1.566011957922814,-0.8698924210747104,1.1591804926071652,1.3664154678038525,-0.49199690033628696
1.6847062931317278,-0.8754984077249564,-1.3926743003247537,-1.6319184706157481,1.5529857391110689,0.36206941027214823,-1.4260889132533936,-1.262431268450093,-0.02232548713228734,0.8733910799271684,-0.972986227309673,0.30985805319435167,0.6522102445907456,-1.1635019296279825,1.121685547383641,-0.35867624489035876,0.7945124291035353,-0.5167110326499096,-0.9885710532241613,0.5002993116101648,0.30527646040513345,0.5122442736515016,1.3468541764076536,0.06878824724308273,0.7748212760494178,-0.13552709632247995,-0.5423735976260254,-0.22147540163432355,-1.0836241427939144,-0.07006008996809053,-1.7483779811655664,-1.29318470200339,0.5723376386004296,-1.566011957922814,-0.7904074288957195,-0.3535500502451853,0.08008747106154226,-1.4845471688407965
-0.5935752742640285,-0.8754984077249564,0.22103487785398448,0.612775710310261,1.5529857391110689,0.36206941027214823,-0.5367001286437503,-0.35285346012580227,-0.02232548713228734,-0.2852115724793929,-0.972986227309673,-1.593034932305078,-0.7150738826235884,-1.1635019296279825,-0.403105743590996,-0.35867624489035876,0.7945124291035353,-0.5167110326499096,-0.9885710532241613,0.5002993116101648,0.30527646040513345,0.5122442736515016,1.3468541764076536,-1.0030763814401766,0.7748212760494178,0.7325114838043248,-0.5423735976260254,0.5570441919893597,1.0230864811853158,1.2187986576387206,-0.406980507465878,0.5341351656594198,1.755546538994189,0.08943203161892128,-0.9208443391381662,0.4028152211809899,0.08008747106154226,-0.49199690033628696
1.6847062931317278,-0.8754984077249564,1.0278894669433536,-1.6319184706157481,-0.6439209162167846,0.36206941027214823,-1.4260889132533936,-1.262431268450093,-0.02232548713228734,-0.2852115724793929,-0.13899803247281048,0.30985805319435167,3.3867784990194134,1.2347133014314717,-0.403105743590996,-0.35867624489035876,-1.2586335510551052,-0.5167110326499096,-0.9885710532241613,0.5002993116101648,0.30527646040513345,0.5122442736515016,-0.7424708758502816,0.06878824724308273,-0.19509888245848667,-1.0035656764492848,-0.5423735976260254,-0.22147540163432355,0.3208496065255724,-0.07006008996809053,-0.406980507465878,-0.07497145689485012,0.5723376386004296,-0.24165676628942578,-0.3664874706077677,-0.7317326859582729,-1.206240525680768,-1.4845471688407965
-0.5935752742640285,1.142206531932559,1.0278894669433536,-1.6319184706157481,1.5529857391110689,-2.7619013692660572,0.35268865596589305,1.466302156522779,-0.02232548713228734,-0.2852115724793929,1.5289783572009146,0.30985805319435167,0.6522102445907456,0.03560568590174467,-0.403105743590996,-0.35867624489035876,0.7945124291035353,-0.5167110326499096,1.0115610777177464,0.5002993116101648,0.30527646040513345,0.5122442736515016,-0.7424708758502816,0.06878824724308273,-1.1650190409663912,1.6005500639311296,1.6523474718374265,1.335563785613043,-1.7858610174536578,0.25215459693361225,1.2697663346587327,1.4477950994908246,0.5723376386004296,1.4137872232523094,-0.6995674378340155,1.9155457640333402,0.08008747106154226,0.9968285024204774
-0.5935752742640285,-0.8754984077249564,0.22103487785398448,0.612775710310261,1.5529857391110689,0.36206941027214823,-2.3154776978630367,-0.35285346012580227,-1.6297605606569814,-2.6024168772925154,-0.13899803247281048,-1.593034932305078,0.6522102445907456,1.2347133014314717,-0.403105743590996,-0.35867624489035876,-1.2586335510551052,-0.5167110326499096,-0.9885710532241613,0.5002993116101648,0.30527646040513345,0.5122442736515016,-0.7424708758502816,-1.0030763814401766,-0.19509888245848667,-0.13552709632247995,0.5549869371057006,0.5570441919893597,-1.0836241427939144,-0.7144894637714961,1.6051157030836547,1.1432417882136896,-0.6108712617933298,1.4137872232523094,2.177032279119943,0.4028152211809899,-1.206240525680768,-1.4845471688407965
-0.5935752742640285,-0.8754984077249564,0.22103487785398448,0.612775710310261,-0.6439209162167846,0.36206941027214823,0.35268865596589305,-0.35285346012580227,-0.02232548713228734,-0.2852115724793929,-0.972986227309673,0.30985805319435167,-0.7150738826235884,0.03560568590174467,-0.403105743590996,-0.35867624489035876,-1.2586335510551052,-0.5167110326499096,1.0115610777177464,-1.9988034698300843,0.30527646040513345,0.5122442736515016,-0.7424708758502816,1.1406528759263421,-0.19509888245848667,0.7325114838043248,-0.5423735976260254,0.5570441919893597,-0.381387268134171,0.8965839707370178,1.6051157030836547,1.1432417882136896,-0.6108712617933298,1.4137872232523094,-0.8096765179088081,0.4028152211809899,-1.206240525680768,0.004278233915967804
-0.5935752742640285,1.142206531932559,-1.3926743003247537,-1.6319184706157481,-0.6439209162167846,0.36206941027214823,0.35268865596589305,-0.35285346012580227,-0.02232548713228734,-0.2852115724793929,-0.972986227309673,0.30985805319435167,0.6522102445907456,0.03560568590174467,2.6464768383582777,2.788029634651948,0.7945124291035353,-0.5167110326499096,-0.9885710532241613,0.5002993116101648,0.30527646040513345,0.5122442736515016,1.3468541764076536,0.06878824724308273,0.7748212760494178,0.7325114838043248,-0.5423735976260254,1.335563785613043,-0.381387268134171,0.25215459693361225,-2.0837273495904887,-0.68407807944912,2.3471509891910687,-1.4004675589686404,-0.6995674378340155,0.7809978568940775,1.3664154678038525,0.004278233915967804
-0.5935752742640285,-0.8754984077249564,-1.3926743003247537,-1.6319184706157481,-0.6439209162167846,0.36206941027214823,0.35268865596589305,1.466302156522779,0.7813920496300597,2.0319937323337296,-0.972986227309673,-1.593034932305078,0.6522102445907456,1.2347133014314717,-0.403105743590996,-0.35867624489035876,0.7945124291035353,-0.5167110326499096,-0.9885710532241613,0.5002993116101648,0.30527646040513345,0.5122442736515016,1.3468541764076536,0.06878824724308273,-1.1650190409663912,-1.0035656764492848,0.5549869371057006,-0.22147540163432355,1.0230864811853158,-0.7144894637714961,-0.406980507465878,-0.07497145689485012,0.5723376386004296,-0.24165676628942578,2.177032279119943,-0.3535500502451853,0.08008747106154226,0.9968285024204774
-0.5935752742640285,1.142206531932559,0.22103487785398448,0.612775710310261,1.5529857391110689,0.36206941027214823,1.2420774405755364,1.466302156522779,-0.02232548713228734,2.0319937323337296,-0.13899803247281048,-1.593034932305078,0.6522102445907456,-1.1635019296279825,-0.403105743590996,-0.35867624489035876,-1.2586335510551052,1.9353176859251158,-0.9885710532241613,0.5002993116101648,0.30527646040513345,0.5122442736515016,-0.7424708758502816,0.06878824724308273,-2.1349391994742954,-1.8716042565760895,0.5549869371057006,-0.22147540163432355,1.0230864811853158,-0.7144894637714961,-0.07163113904095586,-0.07497145689485012,-0.019266811596450106,-0.07611236733525226,0.05743248768018408,-0.7317326859582729,0.08008747106154226,1.4931036366727322
-0.5935752742640285,-0.8754984077249564,-0.5858197112353846,0.612775710310261,-0.6439209162167846,0.36206941027214823,-0.5367001286437503,-1.262431268450093,-0.02232548713228734,-0.2852115724793929,-0.13899803247281048,0.30985805319435167,-0.7150738826235884,-1.1635019296279825,-0.403105743590996,-0.35867624489035876,-1.2586335510551052,-0.5167110326499096,-0.9885710532241613,0.5002993116101648,0.30527646040513345,0.5122442736515016,1.3468541764076536,0.06878824724308273,1.7447414345573222,-1.0035656764492848,-0.5423735976260254,-0.9999949952580068,1.0230864811853158,-0.07006008996809053,-0.7423298758908001,-0.37952476817198505,0.5723376386004296,-0.5727455641977729,-0.7904074288957195,-1.1099153216713604,-1.206240525680768,-0.9882720345885417
-0.5935752742640285,-0.8754984077249564,1.0278894669433536,0.612775710310261,-0.6439209162167846,0.36206941027214823,-0.5367001286437503,-1.262431268450093,0.7813920496300597,-0.2852115724793929,-0.972986227309673,0.30985805319435167,0.6522102445907456,0.03560568590174467,-0.403105743590996,-0.35867624489035876,0.7945124291035353,-0.5167110326499096,1.0115610777177464,0.5002993116101648,0.30527646040513345,0.5122442736515016,-0.7424708758502816,1.1406528759263421,-0.19509888245848667,-0.13552709632247995,-0.5423735976260254,-0.22147540163432355,-1.7858610174536578,-0.39227477686979334,0.2637182293839663,0.22958185438228482,-0.019266811596450106,0.2549764305730948,-0.29583414422644244,-0.3535500502451853,0.08008747106154226,-0.9882720345885417
-0.5935752742640285,1.142206531932559,-1.3926743003247537,0.612775710310261,-0.6439209162167846,0.36206941027214823,1.2420774405755364,1.466302156522779,0.7813920496300597,0.8733910799271684,1.5289783572009146,0.30985805319435167,0.6522102445907456,0.03560568590174467,-0.403105743590996,-0.35867624489035876,0.7945124291035353,-0.5167110326499096,1.0115610777177464,0.5002993116101648,0.30527646040513345,0.5122442736515016,-0.7424708758502816,0.06878824724308273,-0.19509888245848667,-1.8716042565760895,-0.5423735976260254,-0.9999949952580068,1.0230864811853158,-0.7144894637714961,1.9404650715085767,1.4477950994908246,-0.6108712617933298,1.7448760211606567,1.1172323834000635,-1.4880979573844482,0.08008747106154226,1.4931036366727322
-0.5935752742640285,-0.8754984077249564,-0.5858197112353846,0.612775710310261,1.5529857391110689,0.36206941027214823,-1.4260889132533936,-1.262431268450093,-1.6297605606569814,-2.6024168772925154,-0.972986227309673,0.30985805319435167,-0.7150738826235884,-1.1635019296279825,-0.403105743590996,-0.35867624489035876,-1.2586335510551052,-0.5167110326499096,-0.9885710532241613,0.5002993116101648,0.30527646040513345,0.5122442736515016,-0.7424708758502816,-1.0030763814401766,0.7748212760494178,0.7325114838043248,1.6523474718374265,0.5570441919893597,-1.7858610174536578,-0.07006008996809053,-0.406980507465878,-0.07497145689485012,0.5723376386004296,-0.24165676628942578,-0.7904074288957195,1.1591804926071652,-1.206240525680768,-1.4845471688407965
-0.5935752742640285,-0.8754984077249564,0.22103487785398448,0.612775710310261,-0.6439209162167846,0.36206941027214823,-1.4260889132533936,-1.262431268450093,0.7813920496300597,2.0319937323337296,1.5289783572009146,0.30985805319435167,-0.7150738826235884,1.2347133014314717,-0.403105743590996,-0.35867624489035876,0.7945124291035353,1.9353176859251158,-0.9885710532241613,0.5002993116101648,0.30527646040513345,0.5122442736515016,-0.7424708758502816,0.06878824724308273,-0.19509888245848667,-0.13552709632247995,-0.5423735976260254,-0.9999949952580068,-0.381387268134171,0.25215459693361225,0.5990675978088884,0.22958185438228482,-0.6108712617933298,0.4205208295272683,-0.5481674527311755,-0.7317326859582729,1.3664154678038525,-1.4845471688407965
-0.5935752742640285,-0.8754984077249564,0.22103487785398448,0.612775710310261,-0.6439209162167846,-2.7619013692660572,0.35268865596589305,0.5567243481984884,-0.8260430238946344,-0.2852115724793929,1.5289783572009146,0.30985805319435167,-0.7150738826235884,0.03560568590174467,-0.403105743590996,-0.35867624489035876,0.7945124291035353,-0.5167110326499096,-0.9885710532241613,-1.9988034698300843,0.30527646040513345,0.5122442736515016,1.3468541764076536,-1.0030763814401766,-0.19509888245848667,-0.13552709632247995,-0.5423735976260254,0.5570441919893597,-0.381387268134171,0.8965839707370178,0.2637182293839663,0.5341351656594198,0.5723376386004296,0.4205208295272683,-0.8096765179088081,0.0246325854679023,0.08008747106154226,0.5005533681682226
1.6847062931317278,-0.8754984077249564,-1.3926743003247537,-1.6319184706157481,-0.6439209162167846,0.36206941027214823,-1.4260889132533936,-1.262431268450093,-1.6297605606569814,-2.6024168772925154,-0.972986227309673,-1.593034932305078,2.0194943718050795,0.03560568590174467,-0.403105743590996,-0.35867624489035876,0.7945124291035353,-0.5167110326499096,-0.9885710532241613,0.5002993116101648,0.30527646040513345,-1.9521936143308383,-0.7424708758502816,0.06878824724308273,-1.1650190409663912,-1.8716042565760895,-0.5423735976260254,-0.22147540163432355,-1.0836241427939144,-0.7144894637714961,0.5990675978088884,0.8386884769365547,0.5723376386004296,0.7516096274356154,1.1172323834000635,-1.1099153216713604,0.08008747106154226,-1.4845471688407965
1.6847062931317278,-0.8754984077249564,2.641598645122092,0.612775710310261,-0.6439209162167846,0.36206941027214823,1.2420774405755364,-0.35285346012580227,-0.8260430238946344,-0.2852115724793929,-0.972986227309673,2.2127510386937814,0.6522102445907456,1.2347133014314717,2.6464768383582777,-0.35867624489035876,0.7945124291035353,1.9353176859251158,-0.9885710532241613,-1.9988034698300843,0.30527646040513345,0.5122442736515016,1.3468541764076536,1.1406528759263421,0.7748212760494178,-0.13552709632247995,-0.5423735976260254,-0.9999949952580068,-0.381387268134171,-0.07006008996809053,1.2697663346587327,0.8386884769365547,-0.6108712617933298,1.0826984253439624,-0.3664874706077677,-0.7317326859582729,1.3664154678038525,0.5005533681682226
-0.5935752742640285,1.142206531932559,1.0278894669433536,0.612775710310261,-0.6439209162167846,0.36206941027214823,1.2420774405755364,1.466302156522779,1.5851095863924067,0.8733910799271684,-0.13899803247281048,-1.593034932305078,-0.7150738826235884,0.03560568590174467,-0.403105743590996,-0.35867624489035876,0.7945124291035353,-0.5167110326499096,1.0115610777177464,0.5002993116101648,0.30527646040513345,0.5122442736515016,-0.7424708758502816,0.06878824724308273,-0.19509888245848667,-0.13552709632247995,0.5549869371057006,-0.22147540163432355,-1.0836241427939144,-0.7144894637714961,0.2637182293839663,0.22958185438228482,-0.019266811596450106,0.2549764305730948,1.1172323834000635,0.0246325854679023,0.08008747106154226,1.4931036366727322
-0.5935752742640285,-0.8754984077249564,1.0278894669433536,0.612775710310261,1.5529857391110689,0.36206941027214823,0.35268865596589305,0.5567243481984884,0.7813920496300597,0.8733910799271684,-0.13899803247281048,0.30985805319435167,-0.7150738826235884,2.4338209169611993,-0.403105743590996,-0.35867624489035876,0.7945124291035353,-0.5167110326499096,-0.9885710532241613,0.5002993116101648,0.30527646040513345,0.5122442736515016,-0.7424708758502816,1.1406528759263421,-0.19509888245848667,-0.13552709632247995,-0.5423735976260254,-0.9999949952580068,-1.7858610174536578,-0.07006008996809053,0.9344169662338104,0.8386884769365547,-0.019266811596450106,0.9171540263897889,-0.15452749146379174,-0.7317326859582729,0.08008747106154226,0.5005533681682226
-0.5935752742640285,1.142206531932559,-0.5858197112353846,0.612775710310261,-0.6439209162167846,0.36206941027214823,1.2420774405755364,1.466302156522779,0.7813920496300597,0.8733910799271684,-0.972986227309673,0.30985805319435167,-0.7150738826235884,-1.1635019296279825,-0.403105743590996,-0.35867624489035876,-1.2586335510551052,1.9353176859251158,1.0115610777177464,0.5002993116101648,0.30527646040513345,0.5122442736515016,-0.7424708758502816,1.1406528759263421,-0.19509888245848667,-1.0035656764492848,-0.5423735976260254,-0.22147540163432355,1.0230864811853158,-0.07006008996809053,0.9344169662338104,1.1432417882136896,0.5723376386004296,1.0826984253439624,-0.7904074288957195,-0.7317326859582729,0.08008747106154226,1.4931036366727322
1.6847062931317278,-0.8754984077249564,1.0278894669433536,0.612775710310261,1.5529857391110689,-2.7619013692660572,-1.4260889132533936,-1.262431268450093,-1.6297605606569814,0.8733910799271684,-0.972986227309673,0.30985805319435167,-0.7150738826235884,0.03560568590174467,-0.403105743590996,-0.35867624489035876,-1.2586335510551052,-0.5167110326499096,-0.9885710532241613,0.5002993116101648,0.30527646040513345,-1.9521936143308383,1.3468541764076536,1.1406528759263421,-1.1650190409663912,-0.13552709632247995,-0.5423735976260254,-0.22147540163432355,-0.381387268134171,-0.39227477686979334,-1.0776792443157222,-0.37952476817198505,1.1639420887973093,-0.7382899631519464,-0.29583414422644244,-0.3535500502451853,-1.206240525680768,-1.4845471688407965
-0.5935752742640285,-0.8754984077249564,1.0278894669433536,0.612775710310261,-0.6439209162167846,0.36206941027214823,0.35268865596589305,0.5567243481984884,0.7813920496300597,0.8733910799271684,-0.13899803247281048,0.30985805319435167,-0.7150738826235884,0.03560568590174467,-0.403105743590996,-0.35867624489035876,-1.2586335510551052,-0.5167110326499096,1.0115610777177464,0.5002993116101648,0.30527646040513345,0.5122442736515016,-0.7424708758502816,1.1406528759263421,-0.19509888245848667,0.7325114838043248,-0.5423735976260254,-0.9999949952580068,0.3208496065255724,0.574369283835315,-0.406980507465878,-0.07497145689485012,0.5723376386004296,-0.24165676628942578,-0.7668563201019444,-0.3535500502451853,-1.206240525680768,0.5005533681682226
1.6847062931317278,1.142206531932559,1.0278894669433536,-1.6319184706157481,-0.6439209162167846,0.36206941027214823,-1.4260889132533936,0.5567243481984884,-1.6297605606569814,-0.2852115724793929,-0.972986227309673,0.30985805319435167,0.6522102445907456,0.03560568590174467,-0.403105743590996,-0.35867624489035876,0.7945124291035353,1.9353176859251158,-0.9885710532241613,0.5002993116101648,0.30527646040513345,-1.9521936143308383,-0.7424708758502816,-1.0030763814401766,-0.19509888245848667,0.7325114838043248,0.5549869371057006,1.335563785613043,-0.381387268134171,-0.07006008996809053,-0.406980507465878,-0.37952476817198505,-0.019266811596450106,-0.4072011652435993,-0.5784474497517436,1.1591804926071652,1.3664154678038525,-0.49199690033628696
1.6847062931317278,1.142206531932559,1.0278894669433536,-1.6319184706157481,1.5529857391110689,0.36206941027214823,-1.4260889132533936,-0.35285346012580227,-1.6297605606569814,0.8733910799271684,0.6949901623640521,-1.593034932305078,2.0194943718050795,-1.1635019296279825,-0.403105743590996,-0.35867624489035876,0.7945124291035353,-0.5167110326499096,1.0115610777177464,0.5002993116101648,-3.2757193223247443,0.5122442736515016,1.3468541764076536,0.06878824724308273,-0.19509888245848667,-0.13552709632247995,0.5549869371057006,0.5570441919893597,-0.381387268134171,-0.23116743341894191,-0.7423298758908001,-0.37952476817198505,0.5723376386004296,-0.5727455641977729,-0.7374174341097255,0.4028152211809899,0.08008747106154226,-0.9882720345885417
-0.5935752742640285,-0.8754984077249564,-1.3926743003247537,-1.6319184706157481,1.5529857391110689,0.36206941027214823,-0.5367001286437503,-0.35285346012580227,-0.8260430238946344,0.8733910799271684,1.5289783572009146,0.30985805319435167,0.6522102445907456,0.03560568590174467,-0.403105743590996,2.788029634651948,0.7945124291035353,1.9353176859251158,-0.9885710532241613,0.5002993116101648,0.30527646040513345,0.5122442736515016,-0.7424708758502816,0.06878824724308273,-2.1349391994742954,-0.13552709632247995,-0.5423735976260254,0.5570441919893597,0.3208496065255724,-0.39227477686979334,-1.0776792443157222,-0.68407807944912,0.5723376386004296,-0.9038343621061199,-0.29583414422644244,0.0246325854679023,2.6527434645461625,-0.49199690033628696
1.6847062931317278,-0.8754984077249564,-0.5858197112353846,0.612775710310261,-0.6439209162167846,0.36206941027214823,0.35268865596589305,-1.262431268450093,-0.02232548713228734,-0.2852115724793929,-0.972986227309673,0.30985805319435167,-0.7150738826235884,-1.1635019296279825,-0.403105743590996,-0.35867624489035876,-1.2586335510551052,-0.5167110326499096,1.0115610777177464,0.5002993116101648,0.30527646040513345,0.5122442736515016,-0.7424708758502816,-1.0030763814401766,-2.1349391994742954,-0.13552709632247995,-0.5423735976260254,0.5570441919893597,-1.7858610174536578,-0.7144894637714961,-1.0776792443157222,-1.5977380132805248,-1.2024757119902096,-1.4004675589686404,0.05743248768018408,0.0246325854679023,-1.206240525680768,-0.49199690033628696
-0.5935752742640285,1.142206531932559,-1.3926743003247537,0.612775710310261,-0.6439209162167846,0.36206941027214823,-0.5367001286437503,-0.35285346012580227,0.7813920496300597,0.8733910799271684,-0.972986227309673,-1.593034932305078,-0.7150738826235884,-1.1635019296279825,-0.403105743590996,2.788029634651948,0.7945124291035353,-0.5167110326499096,-0.9885710532241613,0.5002993116101648,0.30527646040513345,0.5122442736515016,-0.7424708758502816,1.1406528759263421,0.7748212760494178,-1.8716042565760895,-0.5423735976260254,-0.9999949952580068,-1.7858610174536578,-0.7144894637714961,-0.7423298758908001,-0.37952476817198505,0.5723376386004296,-0.5727455641977729,0.05743248768018408,-1.4880979573844482,1.3664154678038525,-0.49199690033628696
1.6847062931317278,1.142206531932559,1.8347440560327226,-1.6319184706157481,-0.6439209162167846,0.36206941027214823,-1.4260889132533936,-1.262431268450093,-0.02232548713228734,-0.2852115724793929,-0.13899803247281048,2.2127510386937814,2.0194943718050795,-1.1635019296279825,1.121685547383641,-0.35867624489035876,0.7945124291035353,-0.5167110326499096,-0.9885710532241613,0.5002993116101648,0.30527646040513345,0.5122442736515016,-0.7424708758502816,0.06878824724308273,0.7748212760494178,0.7325114838043248,1.6523474718374265,0.5570441919893597,1.0230864811853158,-0.07006008996809053,-1.0776792443157222,-0.68407807944912,0.5723376386004296,-0.9038343621061199,-0.7904074288957195,1.1591804926071652,0.08008747106154226,-1.4845471688407965
-0.5935752742640285,-0.8754984077249564,-1.3926743003247537,0.612775710310261,-0.6439209162167846,-2.7619013692660572,1.2420774405755364,0.5567243481984884,0.7813920496300597,0.8733910799271684,1.5289783572009146,0.30985805319435167,-0.7150738826235884,0.03560568590174467,-0.403105743590996,-0.35867624489035876,0.7945124291035353,-0.5167110326499096,1.0115610777177464,0.5002993116101648,0.30527646040513345,0.5122442736515016,-0.7424708758502816,0.06878824724308273,-0.19509888245848667,-1.0035656764492848,-0.5423735976260254,-0.9999949952580068,-1.7858610174536578,-0.7144894637714961,1.2697663346587327,0.8386884769365547,-0.6108712617933298,1.0826984253439624,1.1172323834000635,-1.1099153216713604,0.08008747106154226,0.9968285024204774
1.6847062931317278,1.142206531932559,1.0278894669433536,0.612775710310261,1.5529857391110689,0.36206941027214823,1.2420774405755364,1.466302156522779,1.5851095863924067,0.8733910799271684,0.6949901623640521,0.30985805319435167,0.6522102445907456,1.2347133014314717,-0.403105743590996,-0.35867624489035876,-1.2586335510551052,1.9353176859251158,-0.9885710532241613,0.5002993116101648,0.30527646040513345,0.5122442736515016,1.3468541764076536,0.06878824724308273,-1.1650190409663912,-1.0035656764492848,0.5549869371057006,-0.22147540163432355,1.0230864811853158,-0.7144894637714961,0.5990675978088884,0.5341351656594198,-0.019266811596450106,0.5860652284814418,2.177032279119943,-0.3535500502451853,0.08008747106154226,1.4931036366727322
1.6847062931317278,-0.8754984077249564,-0.5858197112353846,0.612775710310261,-0.6439209162167846,0.36206941027214823,-1.4260889132533936,-0.35285346012580227,-0.02232548713228734,0.8733910799271684,-0.972986227309673,0.30985805319435167,-0.7150738826235884,1.2347133014314717,1.121685547383641,-0.35867624489035876,0.7945124291035353,-0.5167110326499096,-0.9885710532241613,0.5002993116101648,0.30527646040513345,-1.9521936143308383,-0.7424708758502816,-3.1468056388066956,-0.19509888245848667,-1.0035656764492848,-0.5423735976260254,-0.22147540163432355,0.3208496065255724,-0.23116743341894191,-0.7423298758908001,-0.9886313907262549,-0.6108712617933298,-0.9038343621061199,-0.20751748624978578,-0.7317326859582729,0.08008747106154226,-0.9882720345885417
-0.5935752742640285,1.142206531932559,0.22103487785398448,-1.6319184706157481,1.5529857391110689,0.36206941027214823,-0.5367001286437503,-1.262431268450093,-1.6297605606569814,-0.2852115724793929,-0.972986227309673,0.30985805319435167,0.6522102445907456,-1.1635019296279825,1.121685547383641,-0.35867624489035876,-1.2586335510551052,1.9353176859251158,1.0115610777177464,0.5002993116101648,-3.2757193223247443,0.5122442736515016,1.3468541764076536,-1.0030763814401766,-0.19509888245848667,-1.0035656764492848,0.5549869371057006,-0.22147540163432355,1.0230864811853158,0.574369283835315,-1.0776792443157222,-0.9886313907262549,-0.019266811596450106,-1.0693787610602934,-0.8846118640708197,-0.3535500502451853,0.08008747106154226,-0.9882720345885417
1.6847062931317278,-0.8754984077249564,1.0278894669433536,-1.6319184706157481,1.5529857391110689,-2.7619013692660572,0.35268865596589305,-0.35285346012580227,-0.02232548713228734,-0.2852115724793929,-0.972986227309673,2.2127510386937814,0.6522102445907456,1.2347133014314717,2.6464768383582777,-0.35867624489035876,0.7945124291035353,-0.5167110326499096,-0.9885710532241613,-1.9988034698300843,-3.2757193223247443,-1.9521936143308383,1.3468541764076536,-1.0030763814401766,-0.19509888245848667,-1.0035656764492848,-0.5423735976260254,-0.9999949952580068,-1.0836241427939144,0.25215459693361225,-1.4130286127406444,-0.68407807944912,1.1639420887973093,-1.0693787610602934,-0.5481674527311755,-1.1099153216713604,0.08008747106154226,0.004278233915967804
1.6847062931317278,-0.8754984077249564,-0.5858197112353846,0.612775710310261,-0.6439209162167846,0.36206941027214823,-0.5367001286437503,-0.35285346012580227,-0.02232548713228734,0.8733910799271684,-0.972986227309673,-1.593034932305078,-0.7150738826235884,-1.1635019296279825,1.121685547383641,-0.35867624489035876,0.7945124291035353,1.9353176859251158,1.0115610777177464,-1.9988034698300843,0.30527646040513345,0.5122442736515016,-0.7424708758502816,0.06878824724308273,0.7748212760494178,-0.13552709632247995,-0.5423735976260254,1.335563785613043,-0.381387268134171,-0.5533821203206447,-0.7423298758908001,-0.37952476817198505,0.5723376386004296,-0.5727455641977729,-0.4724674601797556,0.4028152211809899,1.3664154678038525,-0.49199690033628696
-0.5935752742640285,-0.8754984077249564,0.22103487785398448,-1.6319184706157481,1.5529857391110689,0.36206941027214823,0.35268865596589305,-1.262431268450093,0.7813920496300597,-0.2852115724793929,1.5289783572009146,0.30985805319435167,0.6522102445907456,2.4338209169611993,-0.403105743590996,-0.35867624489035876,0.7945124291035353,1.9353176859251158,-0.9885710532241613,0.5002993116101648,0.30527646040513345,-1.9521936143308383,-0.7424708758502816,-1.0030763814401766,-2.1349391994742954,-1.0035656764492848,-0.5423735976260254,-0.9999949952580068,-0.381387268134171,0.25215459693361225,2.275814439933499,2.0569017220450942,-0.019266811596450106,2.241509218023177,-0.3967674676283357,-1.1099153216713604,1.3664154678038525,-0.49199690033628696
-0.5935752742640285,-0.8754984077249564,0.22103487785398448,0.612775710310261,-0.6439209162167846,-2.7619013692660572,-0.5367001286437503,-1.262431268450093,-0.02232548713228734,-0.2852115724793929,-0.972986227309673,0.30985805319435167,0.6522102445907456,1.2347133014314717,-0.403105743590996,-0.35867624489035876,-1.2586335510551052,-0.5167110326499096,1.0115610777177464,0.5002993116101648,0.30527646040513345,0.5122442736515016,1.3468541764076536,-1.0030763814401766,-1.1650190409663912,-0.13552709632247995,-0.5423735976260254,-0.22147540163432355,-0.381387268134171,-0.7144894637714961,1.2697663346587327,1.1432417882136896,-0.019266811596450106,1.248242824298136,2.177032279119943,-0.3535500502451853,-1.206240525680768,-0.9882720345885417
-0.5935752742640285,-0.8754984077249564,-0.5858197112353846,0.612775710310261,-0.6439209162167846,0.36206941027214823,-0.5367001286437503,-0.35285346012580227,-0.02232548713228734,-0.2852115724793929,-0.13899803247281048,0.30985805319435167,-0.7150738826235884,0.03560568590174467,-0.403105743590996,-0.35867624489035876,-1.2586335510551052,1.9353176859251158,-0.9885710532241613,0.5002993116101648,0.30527646040513345,0.5122442736515016,1.3468541764076536,1.1406528759263421,0.7748212760494178,0.7325114838043248,-0.5423735976260254,-0.9999949952580068,1.0230864811853158,-0.7144894637714961,-1.0776792443157222,-1.29318470200339,-0.6108712617933298,-1.234923160014467,1.1172323834000635,-0.3535500502451853,0.08008747106154226,-0.49199690033628696
1.6847062931317278,1.142206531932559,-0.5858197112353846,0.612775710310261,-0.6439209162167846,0.36206941027214823,-0.5367001286437503,-1.262431268450093,-0.8260430238946344,0.8733910799271684,0.6949901623640521,0.30985805319435167,0.6522102445907456,0.03560568590174467,-0.403105743590996,-0.35867624489035876,-1.2586335510551052,-0.5167110326499096,-0.9885710532241613,-1.9988034698300843,0.30527646040513345,0.5122442736515016,1.3468541764076536,0.06878824724308273,-1.1650190409663912,-1.0035656764492848,-0.5423735976260254,1.335563785613043,1.0230864811853158,-0.39227477686979334,-0.7423298758908001,-1.29318470200339,-1.2024757119902096,-1.0693787610602934,-0.29583414422644244,0.0246325854679023,-1.206240525680768,-0.9882720345885417
-0.5935752742640285,1.142206531932559,1.0278894669433536,0.612775710310261,1.5529857391110689,0.36206941027214823,-1.4260889132533936,-1.262431268450093,-0.02232548713228734,-0.2852115724793929,-0.972986227309673,0.30985805319435167,-0.7150738826235884,-1.1635019296279825,2.6464768383582777,-0.35867624489035876,-1.2586335510551052,-0.5167110326499096,-0.9885710532241613,0.5002993116101648,-3.2757193223247443,0.5122442736515016,1.3468541764076536,-2.0749410101234362,-0.19509888245848667,1.6005500639311296,0.5549869371057006,2.1140833792367264,0.3208496065255724,-0.7144894637714961,-0.07163113904095586,-0.68407807944912,-1.2024757119902096,-0.4072011652435993,0.05743248768018408,1.9155457640333402,-1.206240525680768,-1.4845471688407965
-0.5935752742640285,1.142206531932559,1.0278894669433536,0.612775710310261,1.5529857391110689,0.36206941027214823,-0.5367001286437503,-0.35285346012580227,0.7813920496300597,0.8733910799271684,1.5289783572009146,0.30985805319435167,-0.7150738826235884,0.03560568590174467,-0.403105743590996,-0.35867624489035876,0.7945124291035353,-0.5167110326499096,1.0115610777177464,-1.9988034698300843,-3.2757193223247443,0.5122442736515016,-0.7424708758502816,0.06878824724308273,0.7748212760494178,0.7325114838043248,-0.5423735976260254,0.5570441919893597,-0.381387268134171,1.0576913141878692,-0.7423298758908001,-0.07497145689485012,1.1639420887973093,-0.4072011652435993,-0.8257340920863822,0.4028152211809899,0.08008747106154226,-0.49199690033628696
-0.5935752742640285,-0.8754984077249564,-0.5858197112353846,0.612775710310261,-0.6439209162167846,0.36206941027214823,1.2420774405755364,1.466302156522779,0.7813920496300597,0.8733910799271684,1.5289783572009146,0.30985805319435167,-0.7150738826235884,1.2347133014314717,-0.403105743590996,-0.35867624489035876,0.7945124291035353,1.9353176859251158,1.0115610777177464,0.5002993116101648,0.30527646040513345,0.5122442736515016,-0.7424708758502816,-1.0030763814401766,-1.1650190409663912,-0.13552709632247995,-0.5423735976260254,-0.22147540163432355,-1.0836241427939144,0.25215459693361225,0.5990675978088884,0.8386884769365547,0.5723376386004296,0.7516096274356154,-0.5481674527311755,-0.3535500502451853,1.3664154678038525,1.4931036366727322
1.6847062931317278,-0.8754984077249564,-0.5858197112353846,-1.6319184706157481,-0.6439209162167846,0.36206941027214823,-0.5367001286437503,-0.35285346012580227,-0.02232548713228734,-0.2852115724793929,-0.972986227309673,0.30985805319435167,0.6522102445907456,0.03560568590174467,-0.403105743590996,-0.35867624489035876,0.7945124291035353,-0.5167110326499096,1.0115610777177464,0.5002993116101648,0.30527646040513345,0.5122442736515016,-0.7424708758502816,0.06878824724308273,0.7748212760494178,0.7325114838043248,-0.5423735976260254,-0.9999949952580068,1.0230864811853158,-0.7144894637714961,0.2637182293839663,0.22958185438228482,-0.019266811596450106,0.2549764305730948,1.1172323834000635,-0.3535500502451853,0.08008747106154226,-0.49199690033628696
-0.5935752742640285,-0.8754984077249564,1.8347440560327226,-1.6319184706157481,-0.6439209162167846,-2.7619013692660572,0.35268865596589305,-1.262431268450093,0.7813920496300597,-2.6024168772925154,-0.13899803247281048,2.2127510386937814,-0.7150738826235884,1.2347133014314717,1.121685547383641,-0.35867624489035876,-1.2586335510551052,1.9353176859251158,-0.9885710532241613,0.5002993116101648,0.30527646040513345,-1.9521936143308383,-0.7424708758502816,1.1406528759263421,0.7748212760494178,-0.13552709632247995,-0.5423735976260254,-0.22147540163432355,1.0230864811853158,1.2187986576387206,0.9344169662338104,0.5341351656594198,-0.6108712617933298,0.7516096274356154,-0.7577982013351077,-0.3535500502451853,0.08008747106154226,-0.49199690033628696
1.6847062931317278,1.142206531932559,1.8347440560327226,-1.6319184706157481,-0.6439209162167846,0.36206941027214823,-1.4260889132533936,-1.262431268450093,-0.02232548713228734,-0.2852115724793929,-0.13899803247281048,2.2127510386937814,2.0194943718050795,-1.1635019296279825,1.121685547383641,-0.35867624489035876,0.7945124291035353,-0.5167110326499096,-0.9885710532241613,0.5002993116101648,0.30527646040513345,0.5122442736515016,-0.7424708758502816,0.06878824724308273,0.7748212760494178,0.7325114838043248,1.6523474718374265,0.5570441919893597,1.0230864811853158,-0.07006008996809053,-1.0776792443157222,-0.9886313907262549,-0.019266811596450106,-1.0693787610602934,-0.7904074288957195,1.1591804926071652,0.08008747106154226,-1.4845471688407965
1.6847062931317278,-0.8754984077249564,0.22103487785398448,0.612775710310261,-0.6439209162167846,0.36206941027214823,0.35268865596589305,0.5567243481984884,0.7813920496300597,0.8733910799271684,-0.972986227309673,0.30985805319435167,0.6522102445907456,-1.1635019296279825,-0.403105743590996,-0.35867624489035876,0.7945124291035353,-0.5167110326499096,-0.9885710532241613,0.5002993116101648,0.30527646040513345,0.5122442736515016,-0.7424708758502816,0.06878824724308273,0.7748212760494178,-0.13552709632247995,-0.5423735976260254,-0.9999949952580068,0.3208496065255724,-0.7144894637714961,-0.07163113904095586,0.22958185438228482,0.5723376386004296,0.08943203161892128,0.05743248768018408,-0.7317326859582729,0.08008747106154226,0.5005533681682226
-0.5935752742640285,-0.8754984077249564,1.0278894669433536,0.612775710310261,-0.6439209162167846,0.36206941027214823,0.35268865596589305,-0.35285346012580227,0.7813920496300597,-0.2852115724793929,-0.13899803247281048,0.30985805319435167,-0.7150738826235884,0.03560568590174467,-0.403105743590996,-0.35867624489035876,0.7945124291035353,-0.5167110326499096,1.0115610777177464,-1.9988034698300843,0.30527646040513345,0.5122442736515016,1.3468541764076536,-1.0030763814401766,-2.1349391994742954,-1.0035656764492848,-0.5423735976260254,-0.22147540163432355,-1.7858610174536578,-0.07006008996809053,-0.406980507465878,0.5341351656594198,1.755546538994189,0.08943203161892128,-0.5784474497517436,-0.7317326859582729,0.08008747106154226,0.004278233915967804
-0.5935752742640285,1.142206531932559,-1.3926743003247537,0.612775710310261,-0.6439209162167846,-2.7619013692660572,0.35268865596589305,1.466302156522779,0.7813920496300597,-0.2852115724793929,-0.972986227309673,0.30985805319435167,-0.7150738826235884,0.03560568590174467,-0.403105743590996,-0.35867624489035876,0.7945124291035353,-0.5167110326499096,1.0115610777177464,0.5002993116101648,0.30527646040513345,0.5122442736515016,-0.7424708758502816,1.1406528759263421,0.7748212760494178,0.7325114838043248,-0.5423735976260254,-0.9999949952580068,-1.7858610174536578,-0.7144894637714961,1.6051157030836547,1.4477950994908246,-0.019266811596450106,1.579331622206483,1.1172323834000635,-0.3535500502451853,0.08008747106154226,0.9968285024204774
-0.5935752742640285,-0.8754984077249564,-0.5858197112353846,-1.6319184706157481,-0.6439209162167846,0.36206941027214823,-1.4260889132533936,-1.262431268450093,-1.6297605606569814,-0.2852115724793929,-0.972986227309673,0.30985805319435167,3.3867784990194134,0.03560568590174467,-0.403105743590996,-0.35867624489035876,0.7945124291035353,-0.5167110326499096,-0.9885710532241613,0.5002993116101648,0.30527646040513345,-1.9521936143308383,-0.7424708758502816,1.1406528759263421,-2.1349391994742954,-0.13552709632247995,-0.5423735976260254,-0.9999949952580068,-0.381387268134171,-0.7144894637714961,0.9344169662338104,0.5341351656594198,-0.6108712617933298,0.7516096274356154,1.1172323834000635,-0.7317326859582729,0.08008747106154226,-1.4845471688407965
1.6847062931317278,1.142206531932559,0.22103487785398448,-1.6319184706157481,-0.6439209162167846,0.36206941027214823,1.2420774405755364,0.5567243481984884,0.7813920496300597,-0.2852115724793929,-0.13899803247281048,0.30985805319435167,0.6522102445907456,0.03560568590174467,1.121685547383641,-0.35867624489035876,0.7945124291035353,1.9353176859251158,1.0115610777177464,-1.9988034698300843,0.30527646040513345,0.5122442736515016,1.3468541764076536,0.06878824724308273,1.7447414345573222,1.6005500639311296,-0.5423735976260254,0.5570441919893597,-1.0836241427939144,-0.07006008996809053,-0.406980507465878,-0.07497145689485012,0.5723376386004296,-0.24165676628942578,-0.5784474497517436,0.7809978568940775,1.3664154678038525,0.9968285024204774
-0.5935752742640285,1.142206531932559,-1.3926743003247537,0.612775710310261,1.5529857391110689,0.36206941027214823,-1.4260889132533936,-0.35285346012580227,-0.02232548713228734,-2.6024168772925154,-0.13899803247281048,-1.593034932305078,-0.7150738826235884,0.03560568590174467,-0.403105743590996,2.788029634651948,0.7945124291035353,-0.5167110326499096,1.0115610777177464,0.5002993116101648,0.30527646040513345,0.5122442736515016,-0.7424708758502816,0.06878824724308273,-0.19509888245848667,-1.0035656764492848,-0.5423735976260254,-0.9999949952580068,1.0230864811853158,-0.7144894637714961,0.9344169662338104,0.5341351656594198,-0.6108712617933298,0.7516096274356154,1.1172323834000635,-1.1099153216713604,1.3664154678038525,-0.9882720345885417
1.6847062931317278,-0.8754984077249564,1.0278894669433536,0.612775710310261,-0.6439209162167846,0.36206941027214823,0.35268865596589305,0.5567243481984884,0.7813920496300597,0.8733910799271684,-0.972986227309673,-1.593034932305078,-0.7150738826235884,0.03560568590174467,-0.403105743590996,-0.35867624489035876,0.7945124291035353,-0.5167110326499096,-0.9885710532241613,0.5002993116101648,0.30527646040513345,-1.9521936143308383,1.3468541764076536,1.1406528759263421,-0.19509888245848667,0.7325114838043248,-0.5423735976260254,-0.9999949952580068,1.0230864811853158,-0.7144894637714961,-0.406980507465878,-0.37952476817198505,-0.019266811596450106,-0.4072011652435993,1.1172323834000635,-0.3535500502451853,0.08008747106154226,0.5005533681682226
1.6847062931317278,-0.8754984077249564,-1.3926743003247537,-1.6319184706157481,-0.6439209162167846,0.36206941027214823,0.35268865596589305,0.5567243481984884,-0.02232548713228734,0.8733910799271684,-0.972986227309673,-1.593034932305078,0.6522102445907456,-1.1635019296279825,-0.403105743590996,-0.35867624489035876,-1.2586335510551052,-0.5167110326499096,-0.9885710532241613,-1.9988034698300843,0.30527646040513345,0.5122442736515016,-0.7424708758502816,0.06878824724308273,-2.1349391994742954,-0.13552709632247995,-0.5423735976260254,-0.9999949952580068,0.3208496065255724,-0.7144894637714961,0.9344169662338104,1.4477950994908246,1.1639420887973093,1.248242824298136,0.05743248768018408,-0.7317326859582729,-1.206240525680768,0.5005533681682226
1.6847062931317278,1.142206531932559,-0.5858197112353846,-1.6319184706157481,-0.6439209162167846,0.36206941027214823,-0.5367001286437503,-0.35285346012580227,0.7813920496300597,0.8733910799271684,-0.972986227309673,0.30985805319435167,0.6522102445907456,-1.1635019296279825,-0.403105743590996,-0.35867624489035876,0.7945124291035353,-0.5167110326499096,1.0115610777177464,0.5002993116101648,0.30527646040513345,0.5122442736515016,1.3468541764076536,1.1406528759263421,0.7748212760494178,-0.13552709632247995,0.5549869371057006,1.335563785613043,0.3208496065255724,0.25215459693361225,-1.4130286127406444,-0.9886313907262549,0.5723376386004296,-1.234923160014467,-0.8509674229368555,0.7809978568940775,0.08008747106154226,-0.49199690033628696
-0.5935752742640285,-0.8754984077249564,1.0278894669433536,0.612775710310261,-0.6439209162167846,0.36206941027214823,1.2420774405755364,0.5567243481984884,-0.02232548713228734,-0.2852115724793929,1.5289783572009146,-1.593034932305078,-0.7150738826235884,2.4338209169611993,-0.403105743590996,-0.35867624489035876,0.7945124291035353,-0.5167110326499096,-0.9885710532241613,0.5002993116101648,0.30527646040513345,0.5122442736515016,-0.7424708758502816,0.06878824724308273,-0.19509888245848667,-0.13552709632247995,-0.5423735976260254,-0.9999949952580068,-0.381387268134171,-0.7144894637714961,1.6051157030836547,1.7523484107679594,0.5723376386004296,1.7448760211606567,3.236832174839822,-0.7317326859582729,0.08008747106154226,0.9968285024204774
-0.5935752742640285,1.142206531932559,-0.5858197112353846,0.612775710310261,1.5529857391110689,0.36206941027214823,-0.5367001286437503,-0.35285346012580227,-0.02232548713228734,-0.2852115724793929,1.5289783572009146,0.30985805319435167,0.6522102445907456,0.03560568590174467,-0.403105743590996,-0.35867624489035876,0.7945124291035353,-0.5167110326499096,1.0115610777177464,0.5002993116101648,0.30527646040513345,0.5122442736515016,-0.7424708758502816,1.1406528759263421,0.7748212760494178,0.7325114838043248,0.5549869371057006,1.335563785613043,1.0230864811853158,-0.7144894637714961,0.5990675978088884,0.5341351656594198,-0.019266811596450106,0.5860652284814418,1.1172323834000635,1.1591804926071652,0.08008747106154226,-0.49199690033628696
1.6847062931317278,-0.8754984077249564,0.22103487785398448,0.612775710310261,-0.6439209162167846,-2.7619013692660572,-1.4260889132533936,-1.262431268450093,-1.6297605606569814,-2.6024168772925154,0.6949901623640521,0.30985805319435167,-0.7150738826235884,0.03560568590174467,-0.403105743590996,-0.35867624489035876,-1.2586335510551052,-0.5167110326499096,1.0115610777177464,0.5002993116101648,0.30527646040513345,0.5122442736515016,1.3468541764076536,0.06878824724308273,1.7447414345573222,1.6005500639311296,-0.5423735976260254,-0.22147540163432355,-0.381387268134171,-0.39227477686979334,-0.07163113904095586,-0.37952476817198505,-0.6108712617933298,-0.24165676628942578,-0.29583414422644244,0.4028152211809899,-1.206240525680768,-1.4845471688407965
-0.5935752742640285,-0.8754984077249564,-0.5858197112353846,0.612775710310261,-0.6439209162167846,0.36206941027214823,-0.5367001286437503,-1.262431268450093,-0.02232548713228734,-0.2852115724793929,-0.972986227309673,0.30985805319435167,-0.7150738826235884,0.03560568590174467,-0.403105743590996,-0.35867624489035876,0.7945124291035353,1.9353176859251158,-0.9885710532241613,0.5002993116101648,0.30527646040513345,-1.9521936143308383,1.3468541764076536,0.06878824724308273,-0.19509888245848667,1.6005500639311296,-0.5423735976260254,-0.9999949952580068,1.0230864811853158,-0.39227477686979334,-1.0776792443157222,-0.68407807944912,0.5723376386004296,-0.9038343621061199,-0.29583414422644244,0.0246325854679023,1.3664154678038525,-0.9882720345885417
1.6847062931317278,1.142206531932559,0.22103487785398448,-1.6319184706157481,1.5529857391110689,0.36206941027214823,-1.4260889132533936,-0.35285346012580227,-1.6297605606569814,0.8733910799271684,1.5289783572009146,0.30985805319435167,-0.7150738826235884,-1.1635019296279825,-0.403105743590996,-0.35867624489035876,0.7945124291035353,-0.5167110326499096,1.0115610777177464,0.5002993116101648,0.30527646040513345,0.5122442736515016,-0.7424708758502816,1.1406528759263421,1.7447414345573222,1.6005500639311296,3.847068541300878,2.1140833792367264,-0.381387268134171,-0.07006008996809053,-0.406980507465878,-0.07497145689485012,0.5723376386004296,-0.24165676628942578,-0.7904074288957195,3.0500936711726037,0.08008747106154226,-0.9882720345885417
-0.5935752742640285,1.142206531932559,0.22103487785398448,-1.6319184706157481,-0.6439209162167846,0.36206941027214823,-1.4260889132533936,-1.262431268450093,-0.02232548713228734,-0.2852115724793929,-0.13899803247281048,-1.593034932305078,0.6522102445907456,1.2347133014314717,-0.403105743590996,-0.35867624489035876,-1.2586335510551052,-0.5167110326499096,-0.9885710532241613,-1.9988034698300843,0.30527646040513345,0.5122442736515016,1.3468541764076536,0.06878824724308273,-0.19509888245848667,-0.13552709632247995,-0.5423735976260254,-0.9999949952580068,-1.7858610174536578,-0.39227477686979334,0.5990675978088884,0.8386884769365547,0.5723376386004296,0.7516096274356154,0.05743248768018408,-0.7317326859582729,-1.206240525680768,-1.4845471688407965
-0.5935752742640285,-0.8754984077249564,-0.5858197112353846,0.612775710310261,1.5529857391110689,-2.7619013692660572,0.35268865596589305,0.5567243481984884,-0.02232548713228734,0.8733910799271684,-0.13899803247281048,0.30985805319435167,-0.7150738826235884,0.03560568590174467,-0.403105743590996,-0.35867624489035876,0.7945124291035353,-0.5167110326499096,-0.9885710532241613,0.5002993116101648,0.30527646040513345,0.5122442736515016,-0.7424708758502816,-2.0749410101234362,-0.19509888245848667,1.6005500639311296,-0.5423735976260254,1.335563785613043,-0.381387268134171,1.2187986576387206,-0.07163113904095586,0.22958185438228482,0.5723376386004296,0.08943203161892128,-0.8393212702366369,1.1591804926071652,0.08008747106154226,0.5005533681682226
-0.5935752742640285,-0.8754984077249564,0.22103487785398448,0.612775710310261,-0.6439209162167846,0.36206941027214823,-1.4260889132533936,-1.262431268450093,-1.6297605606569814,0.8733910799271684,-0.972986227309673,0.30985805319435167,-0.7150738826235884,0.03560568590174467,-0.403105743590996,-0.35867624489035876,-1.2586335510551052,-0.5167110326499096,1.0115610777177464,0.5002993116101648,0.30527646040513345,0.5122442736515016,-0.7424708758502816,1.1406528759263421,-0.19509888245848667,-0.13552709632247995,-0.5423735976260254,-0.9999949952580068,-0.381387268134171,-0.7144894637714961,-1.0776792443157222,-0.9886313907262549,-0.019266811596450106,-1.0693787610602934,1.1172323834000635,-0.7317326859582729,-1.206240525680768,-1.4845471688407965
1.6847062931317278,-0.8754984077249564,1.0278894669433536,-1.6319184706157481,-0.6439209162167846,0.36206941027214823,-0.5367001286437503,-0.35285346012580227,-1.6297605606569814,-0.2852115724793929,0.6949901623640521,0.30985805319435167,0.6522102445907456,1.2347133014314717,-0.403105743590996,-0.35867624489035876,-1.2586335510551052,1.9353176859251158,-0.9885710532241613,0.5002993116101648,0.30527646040513345,-1.9521936143308383,-0.7424708758502816,1.1406528759263421,-0.19509888245848667,-0.13552709632247995,-0.5423735976260254,0.5570441919893597,0.3208496065255724,-0.39227477686979334,-0.406980507465878,-0.68407807944912,-0.6108712617933298,-0.5727455641977729,0.05743248768018408,0.0246325854679023,0.08008747106154226,-0.49199690033628696
1.6847062931317278,1.142206531932559,0.22103487785398448,-1.6319184706157481,-0.6439209162167846,0.36206941027214823,1.2420774405755364,0.5567243481984884,0.7813920496300597,-0.2852115724793929,-0.13899803247281048,0.30985805319435167,0.6522102445907456,0.03560568590174467,-0.403105743590996,-0.35867624489035876,0.7945124291035353,1.9353176859251158,1.0115610777177464,-1.9988034698300843,0.30527646040513345,0.5122442736515016,1.3468541764076536,0.06878824724308273,1.7447414345573222,1.6005500639311296,-0.5423735976260254,0.5570441919893597,-1.0836241427939144,-0.07006008996809053,0.5990675978088884,-0.07497145689485012,-1.2024757119902096,0.2549764305730948,-0.5784474497517436,0.7809978568940775,1.3664154678038525,0.9968285024204774
1.6847062931317278,-0.8754984077249564,-0.5858197112353846,-1.6319184706157481,1.5529857391110689,0.36206941027214823,-0.5367001286437503,-1.262431268450093,-0.02232548713228734,-0.2852115724793929,-0.13899803247281048,0.30985805319435167,-0.7150738826235884,-1.1635019296279825,-0.403105743590996,-0.35867624489035876,0.7945124291035353,-0.5167110326499096,-0.9885710532241613,0.5002993116101648,0.30527646040513345,0.5122442736515016,1.3468541764076536,1.1406528759263421,0.7748212760494178,-0.13552709632247995,-0.5423735976260254,-0.9999949952580068,1.0230864811853158,-0.39227477686979334,-0.406980507465878,-0.9886313907262549,-1.2024757119902096,-0.7382899631519464,-0.6491007761330689,-0.7317326859582729,0.08008747106154226,-0.9882720345885417
-0.5935752742640285,-0.8754984077249564,-1.3926743003247537,0.612775710310261,-0.6439209162167846,0.36206941027214823,1.2420774405755364,1.466302156522779,0.7813920496300597,0.8733910799271684,1.5289783572009146,-1.593034932305078,0.6522102445907456,0.03560568590174467,-0.403105743590996,-0.35867624489035876,-1.2586335510551052,-0.5167110326499096,-0.9885710532241613,0.5002993116101648,0.30527646040513345,0.5122442736515016,1.3468541764076536,0.06878824724308273,0.7748212760494178,0.7325114838043248,0.5549869371057006,0.5570441919893597,1.0230864811853158,-0.07006008996809053,0.2637182293839663,-0.07497145689485012,-0.6108712617933298,0.08943203161892128,-0.5784474497517436,0.7809978568940775,-1.206240525680768,1.4931036366727322
-0.5935752742640285,-0.8754984077249564,0.22103487785398448,-1.6319184706157481,1.5529857391110689,0.36206941027214823,-0.5367001286437503,-0.35285346012580227,0.7813920496300597,0.8733910799271684,-0.972986227309673,0.30985805319435167,-0.7150738826235884,1.2347133014314717,-0.403105743590996,-0.35867624489035876,0.7945124291035353,-0.5167110326499096,1.0115610777177464,0.5002993116101648,0.30527646040513345,0.5122442736515016,-0.7424708758502816,-1.0030763814401766,-0.19509888245848667,-1.0035656764492848,0.5549869371057006,-0.22147540163432355,-0.381387268134171,-0.7144894637714961,-0.07163113904095586,-0.07497145689485012,-0.019266811596450106,-0.07611236733525226,2.177032279119943,-0.3535500502451853,0.08008747106154226,-0.49199690033628696
1.6847062931317278,-0.8754984077249564,-0.5858197112353846,-1.6319184706157481,-0.6439209162167846,0.36206941027214823,-1.4260889132533936,-0.35285346012580227,-0.02232548713228734,-0.2852115724793929,-0.13899803247281048,-1.593034932305078,-0.7150738826235884,1.2347133014314717,-0.403105743590996,2.788029634651948,0.7945124291035353,-0.5167110326499096,-0.9885710532241613,-1.9988034698300843,0.30527646040513345,0.5122442736515016,1.3468541764076536,0.06878824724308273,-0.19509888245848667,0.7325114838043248,-0.5423735976260254,-0.9999949952580068,-0.381387268134171,0.09104725348276087,0.5990675978088884,0.8386884769365547,0.5723376386004296,0.7516096274356154,-0.4724674601797556,-0.3535500502451853,1.3664154678038525,-0.9882720345885417
-0.5935752742640285,-0.8754984077249564,0.22103487785398448,-1.6319184706157481,-0.6439209162167846,0.36206941027214823,1.2420774405755364,0.5567243481984884,1.5851095863924067,-0.2852115724793929,1.5289783572009146,0.30985805319435167,0.6522102445907456,1.2347133014314717,-0.403105743590996,-0.35867624489035876,0.7945124291035353,1.9353176859251158,1.0115610777177464,0.5002993116101648,0.30527646040513345,0.5122442736515016,1.3468541764076536,0.06878824724308273,0.7748212760494178,-1.0035656764492848,-0.5423735976260254,-0.9999949952580068,0.3208496065255724,0.25215459693361225,-1.4130286127406444,-1.29318470200339,-0.019266811596450106,-1.4004675589686404,-0.5481674527311755,-1.1099153216713604,1.3664154678038525,0.9968285024204774
-0.5935752742640285,1.142206531932559,0.22103487785398448,0.612775710310261,1.5529857391110689,0.36206941027214823,1.2420774405755364,0.5567243481984884,-0.8260430238946344,-0.2852115724793929,-0.972986227309673,0.30985805319435167,0.6522102445907456,0.03560568590174467,-0.403105743590996,-0.35867624489035876,-1.2586335510551052,-0.5167110326499096,1.0115610777177464,0.5002993116101648,0.30527646040513345,0.5122442736515016,1.3468541764076536,-2.0749410101234362,1.7447414345573222,1.6005500639311296,-0.5423735976260254,1.335563785613043,1.0230864811853158,0.574369283835315,1.2697663346587327,1.1432417882136896,-0.019266811596450106,1.248242824298136,-0.7668563201019444,1.1591804926071652,-1.206240525680768,0.9968285024204774
-0.5935752742640285,1.142206531932559,-1.3926743003247537,0.612775710310261,-0.6439209162167846,0.36206941027214823,0.35268865596589305,1.466302156522779,-0.02232548713228734,-0.2852115724793929,1.5289783572009146,-1.593034932305078,-0.7150738826235884,-1.1635019296279825,-0.403105743590996,-0.35867624489035876,-1.2586335510551052,-0.5167110326499096,-0.9885710532241613,0.5002993116101648,0.30527646040513345,0.5122442736515016,-0.7424708758502816,-1.0030763814401766,0.7748212760494178,-0.13552709632247995,-0.5423735976260254,-0.22147540163432355,0.3208496065255724,-0.39227477686979334,0.9344169662338104,0.5341351656594198,-0.6108712617933298,0.7516096274356154,-0.6491007761330689,-0.3535500502451853,-1.206240525680768,0.9968285024204774
-0.5935752742640285,1.142206531932559,-0.5858197112353846,0.612775710310261,-0.6439209162167846,0.36206941027214823,0.35268865596589305,1.466302156522779,-0.02232548713228734,-0.2852115724793929,-0.972986227309673,-1.593034932305078,2.0194943718050795,-1.1635019296279825,1.121685547383641,-0.35867624489035876,0.7945124291035353,-0.5167110326499096,1.0115610777177464,-1.9988034698300843,0.30527646040513345,0.5122442736515016,-0.7424708758502816,-1.0030763814401766,0.7748212760494178,1.6005500639311296,0.5549869371057006,1.335563785613043,-1.0836241427939144,-0.07006008996809053,-0.7423298758908001,-0.68407807944912,-0.019266811596450106,-0.7382899631519464,-0.7904074288957195,1.5373631283202527,0.08008747106154226,0.9968285024204774
-0.5935752742640285,-0.8754984077249564,-1.3926743003247537,-1.6319184706157481,-0.6439209162167846,0.36206941027214823,0.35268865596589305,0.5567243481984884,0.7813920496300597,0.8733910799271684,1.5289783572009146,2.2127510386937814,0.6522102445907456,1.2347133014314717,2.6464768383582777,-0.35867624489035876,0.7945124291035353,1.9353176859251158,1.0115610777177464,0.5002993116101648,0.30527646040513345,0.5122442736515016,1.3468541764076536,0.06878824724308273,-1.1650190409663912,-1.8716042565760895,0.5549869371057006,0.5570441919893597,-0.381387268134171,0.574369283835315,-0.406980507465878,-0.37952476817198505,-0.019266811596450106,-0.4072011652435993,-0.6491007761330689,-0.3535500502451853,1.3664154678038525,0.5005533681682226
-0.5935752742640285,-0.8754984077249564,0.22103487785398448,0.612775710310261,1.5529857391110689,0.36206941027214823,0.35268865596589305,-0.35285346012580227,-0.02232548713228734,-0.2852115724793929,1.5289783572009146,0.30985805319435167,0.6522102445907456,0.03560568590174467,-0.403105743590996,-0.35867624489035876,-1.2586335510551052,1.9353176859251158,-0.9885710532241613,0.5002993116101648,0.30527646040513345,0.5122442736515016,-0.7424708758502816,0.06878824724308273,0.7748212760494178,0.7325114838043248,-0.5423735976260254,0.5570441919893597,-1.7858610174536578,-0.39227477686979334,0.9344169662338104,1.1432417882136896,0.5723376386004296,1.0826984253439624,-0.29583414422644244,0.4028152211809899,0.08008747106154226,0.004278233915967804
-0.5935752742640285,-0.8754984077249564,-0.5858197112353846,0.612775710310261,-0.6439209162167846,0.36206941027214823,-0.5367001286437503,0.5567243481984884,0.7813920496300597,2.0319937323337296,0.6949901623640521,0.30985805319435167,-0.7150738826235884,0.03560568590174467,-0.403105743590996,2.788029634651948,-1.2586335510551052,-0.5167110326499096,-0.9885710532241613,0.5002993116101648,0.30527646040513345,0.5122442736515016,-0.7424708758502816,-2.0749410101234362,-0.19509888245848667,-1.8716042565760895,-0.5423735976260254,-0.9999949952580068,-0.381387268134171,-0.39227477686979334,1.6051157030836547,1.4477950994908246,-0.019266811596450106,1.579331622206483,-0.29583414422644244,-1.4880979573844482,0.08008747106154226,0.004278233915967804
-0.5935752742640285,-0.8754984077249564,1.0278894669433536,0.612775710310261,-0.6439209162167846,0.36206941027214823,0.35268865596589305,0.5567243481984884,-0.02232548713228734,-0.2852115724793929,-0.972986227309673,0.30985805319435167,0.6522102445907456,-1.1635019296279825,1.121685547383641,-0.35867624489035876,-1.2586335510551052,-0.5167110326499096,-0.9885710532241613,0.5002993116101648,-3.2757193223247443,0.5122442736515016,-0.7424708758502816,0.06878824724308273,-2.1349391994742954,-1.8716042565760895,-0.5423735976260254,-0.9999949952580068,-0.381387268134171,1.5410133445404235,-1.0776792443157222,-1.29318470200339,-0.6108712617933298,-1.234923160014467,-0.93171408165837,-1.4880979573844482,-1.206240525680768,0.5005533681682226
-0.5935752742640285,-0.8754984077249564,-0.5858197112353846,0.612775710310261,-0.6439209162167846,0.36206941027214823,-1.4260889132533936,-0.35285346012580227,-0.02232548713228734,-0.2852115724793929,-0.972986227309673,0.30985805319435167,-0.7150738826235884,-1.1635019296279825,-0.403105743590996,-0.35867624489035876,-1.2586335510551052,-0.5167110326499096,-0.9885710532241613,0.5002993116101648,-3.2757193223247443,0.5122442736515016,-0.7424708758502816,1.1406528759263421,-0.19509888245848667,1.6005500639311296,-0.5423735976260254,-0.22147540163432355,1.0230864811853158,-0.07006008996809053,0.2637182293839663,-0.07497145689485012,-0.6108712617933298,0.08943203161892128,-0.7904074288957195,0.4028152211809899,-1.206240525680768,-0.9882720345885417
1.6847062931317278,1.142206531932559,0.22103487785398448,-1.6319184706157481,1.5529857391110689,0.36206941027214823,-1.4260889132533936,0.5567243481984884,-0.02232548713228734,-0.2852115724793929,-0.972986227309673,-1.593034932305078,0.6522102445907456,-1.1635019296279825,-0.403105743590996,-0.35867624489035876,-1.2586335510551052,-0.5167110326499096,1.0115610777177464,0.5002993116101648,0.30527646040513345,-1.9521936143308383,1.3468541764076536,1.1406528759263421,-2.1349391994742954,-1.0035656764492848,1.6523474718374265,0.5570441919893597,1.0230864811853158,-0.39227477686979334,0.2637182293839663,-0.07497145689485012,-0.6108712617933298,0.08943203161892128,-0.6491007761330689,0.4028152211809899,-1.206240525680768,-0.49199690033628696
1.6847062931317278,-0.8754984077249564,-0.5858197112353846,-1.6319184706157481,-0.6439209162167846,0.36206941027214823,-0.5367001286437503,-0.35285346012580227,-0.02232548713228734,-0.2852115724793929,-0.972986227309673,0.30985805319435167,2.0194943718050795,0.03560568590174467,-0.403105743590996,-0.35867624489035876,0.7945124291035353,-0.5167110326499096,-0.9885710532241613,0.5002993116101648,0.30527646040513345,0.5122442736515016,-0.7424708758502816,0.06878824724308273,0.7748212760494178,1.6005500639311296,-0.5423735976260254,-0.9999949952580068,0.3208496065255724,-0.07006008996809053,-0.7423298758908001,-0.37952476817198505,0.5723376386004296,-0.5727455641977729,-0.5784474497517436,0.0246325854679023,0.08008747106154226,-0.49199690033628696
-0.5935752742640285,-0.8754984077249564,0.22103487785398448,0.612775710310261,-0.6439209162167846,0.36206941027214823,-1.4260889132533936,-1.262431268450093,-1.6297605606569814,-0.2852115724793929,1.5289783572009146,0.30985805319435167,-0.7150738826235884,1.2347133014314717,-0.403105743590996,-0.35867624489035876,0.7945124291035353,-0.5167110326499096,1.0115610777177464,0.5002993116101648,0.30527646040513345,-1.9521936143308383,1.3468541764076536,0.06878824724308273,-0.19509888245848667,0.7325114838043248,-0.5423735976260254,-0.9999949952580068,1.0230864811853158,1.2187986576387206,0.2637182293839663,0.22958185438228482,-0.019266811596450106,0.2549764305730948,-0.7577982013351077,-0.3535500502451853,0.08008747106154226,-1.4845471688407965
-0.5935752742640285,1.142206531932559,-0.5858197112353846,0.612775710310261,-0.6439209162167846,0.36206941027214823,-0.5367001286437503,-0.35285346012580227,-0.02232548713228734,-0.2852115724793929,-0.972986227309673,-1.593034932305078,-0.7150738826235884,0.03560568590174467,-0.403105743590996,-0.35867624489035876,-1.2586335510551052,-0.5167110326499096,-0.9885710532241613,0.5002993116101648,-3.2757193223247443,0.5122442736515016,-0.7424708758502816,0.06878824724308273,-0.19509888245848667,1.6005500639311296,0.5549869371057006,1.335563785613043,0.3208496065255724,-0.07006008996809053,-0.406980507465878,-0.37952476817198505,-0.019266811596450106,-0.4072011652435993,-0.5784474497517436,1.5373631283202527,-1.206240525680768,-0.49199690033628696
-0.5935752742640285,1.142206531932559,1.0278894669433536,0.612775710310261,-0.6439209162167846,0.36206941027214823,-0.5367001286437503,-0.35285346012580227,-0.02232548713228734,0.8733910799271684,1.5289783572009146,-1.593034932305078,-0.7150738826235884,0.03560568590174467,-0.403105743590996,-0.35867624489035876,-1.2586335510551052,-0.5167110326499096,-0.9885710532241613,0.5002993116101648,-3.2757193223247443,0.5122442736515016,-0.7424708758502816,1.1406528759263421,1.7447414345573222,0.7325114838043248,1.6523474718374265,2.1140833792367264,-1.0836241427939144,1.8632280314421263,-1.0776792443157222,-1.29318470200339,-0.6108712617933298,-1.234923160014467,-0.8776850673667683,1.9155457640333402,-1.206240525680768,-0.49199690033628696
1.6847062931317278,1.142206531932559,-1.3926743003247537,-1.6319184706157481,1.5529857391110689,0.36206941027214823,1.2420774405755364,-1.262431268450093,-0.8260430238946344,0.8733910799271684,1.5289783572009146,-1.593034932305078,-0.7150738826235884,0.03560568590174467,-0.403105743590996,-0.35867624489035876,0.7945124291035353,-0.5167110326499096,1.0115610777177464,0.5002993116101648,0.30527646040513345,0.5122442736515016,-0.7424708758502816,1.1406528759263421,-0.19509888245848667,0.7325114838043248,-0.5423735976260254,-0.22147540163432355,-1.0836241427939144,0.4132619403844636,-1.4130286127406444,-0.68407807944912,1.1639420887973093,-1.0693787610602934,-0.7374174341097255,0.0246325854679023,0.08008747106154226,0.004278233915967804
-0.5935752742640285,-0.8754984077249564,0.22103487785398448,0.612775710310261,-0.6439209162167846,0.36206941027214823,-1.4260889132533936,-1.262431268450093,-1.6297605606569814,-0.2852115724793929,-0.972986227309673,0.30985805319435167,-0.7150738826235884,0.03560568590174467,-0.403105743590996,2.788029634651948,-1.2586335510551052,-0.5167110326499096,-0.9885710532241613,-1.9988034698300843,0.30527646040513345,-1.9521936143308383,1.3468541764076536,0.06878824724308273,-0.19509888245848667,-1.0035656764492848,-0.5423735976260254,-0.9999949952580068,0.3208496065255724,0.8965839707370178,-0.406980507465878,-0.68407807944912,-0.6108712617933298,-0.5727455641977729,-0.8096765179088081,-1.1099153216713604,0.08008747106154226,-1.4845471688407965
-0.5935752742640285,-0.8754984077249564,1.0278894669433536,0.612775710310261,1.5529857391110689,0.36206941027214823,-1.4260889132533936,-1.262431268450093,-0.02232548713228734,-2.6024168772925154,-0.13899803247281048,0.30985805319435167,-0.7150738826235884,1.2347133014314717,-0.403105743590996,-0.35867624489035876,0.7945124291035353,-0.5167110326499096,-0.9885710532241613,-1.9988034698300843,0.30527646040513345,-1.9521936143308383,-0.7424708758502816,0.06878824724308273,0.7748212760494178,-0.13552709632247995,0.5549869371057006,0.5570441919893597,-0.381387268134171,-0.07006008996809053,-0.07163113904095586,0.22958185438228482,0.5723376386004296,0.08943203161892128,-0.3664874706077677,0.4028152211809899,0.08008747106154226,-1.4845471688407965
1.6847062931317278,-0.8754984077249564,0.22103487785398448,-1.6319184706157481,-0.6439209162167846,0.36206941027214823,-1.4260889132533936,-1.262431268450093,-0.02232548713228734,0.8733910799271684,1.5289783572009146,0.30985805319435167,2.0194943718050795,-1.1635019296279825,1.121685547383641,-0.35867624489035876,0.7945124291035353,1.9353176859251158,-0.9885710532241613,0.5002993116101648,0.30527646040513345,0.5122442736515016,1.3468541764076536,1.1406528759263421,-1.1650190409663912,-1.8716042565760895,-0.5423735976260254,-0.22147540163432355,-1.7858610174536578,-0.7144894637714961,-1.4130286127406444,-1.5977380132805248,-0.6108712617933298,-1.566011957922814,0.05743248768018408,-1.1099153216713604,1.3664154678038525,-1.4845471688407965
-0.5935752742640285,1.142206531932559,0.22103487785398448,0.612775710310261,1.5529857391110689,0.36206941027214823,1.2420774405755364,1.466302156522779,0.7813920496300597,-0.2852115724793929,-0.13899803247281048,0.30985805319435167,-0.7150738826235884,0.03560568590174467,-0.403105743590996,-0.35867624489035876,0.7945124291035353,1.9353176859251158,-0.9885710532241613,0.5002993116101648,0.30527646040513345,0.5122442736515016,1.3468541764076536,1.1406528759263421,-0.19509888245848667,1.6005500639311296,2.7497080065691524,2.1140833792367264,-0.381387268134171,1.379906001089572,0.2637182293839663,0.22958185438228482,-0.019266811596450106,0.2549764305730948,-0.8509674229368555,2.6719110354595155,1.3664154678038525,1.4931036366727322
-0.5935752742640285,1.142206531932559,0.22103487785398448,0.612775710310261,-0.6439209162167846,0.36206941027214823,0.35268865596589305,0.5567243481984884,0.7813920496300597,0.8733910799271684,0.6949901623640521,0.30985805319435167,-0.7150738826235884,0.03560568590174467,-0.403105743590996,-0.35867624489035876,0.7945124291035353,-0.5167110326499096,1.0115610777177464,0.5002993116101648,0.30527646040513345,0.5122442736515016,1.3468541764076536,0.06878824724308273,-0.19509888245848667,0.7325114838043248,0.5549869371057006,0.5570441919893597,0.3208496065255724,1.2187986576387206,0.2637182293839663,0.22958185438228482,-0.019266811596450106,0.2549764305730948,-0.8393212702366369,0.7809978568940775,0.08008747106154226,0.5005533681682226
1.6847062931317278,-0.8754984077249564,1.8347440560327226,0.612775710310261,-0.6439209162167846,0.36206941027214823,-1.4260889132533936,-1.262431268450093,-1.6297605606569814,0.8733910799271684,-0.972986227309673,0.30985805319435167,-0.7150738826235884,1.2347133014314717,1.121685547383641,-0.35867624489035876,-1.2586335510551052,-0.5167110326499096,1.0115610777177464,0.5002993116101648,-3.2757193223247443,-1.9521936143308383,1.3468541764076536,1.1406528759263421,-0.19509888245848667,-1.8716042565760895,-0.5423735976260254,-0.9999949952580068,-0.381387268134171,0.25215459693361225,-1.4130286127406444,-0.68407807944912,1.1639420887973093,-1.0693787610602934,-0.5481674527311755,-1.4880979573844482,-1.206240525680768,-1.4845471688407965
-0.5935752742640285,1.142206531932559,-1.3926743003247537,0.612775710310261,1.5529857391110689,0.36206941027214823,1.2420774405755364,-0.35285346012580227,1.5851095863924067,-0.2852115724793929,-0.972986227309673,0.30985805319435167,-0.7150738826235884,-1.1635019296279825,-0.403105743590996,-0.35867624489035876,-1.2586335510551052,-0.5167110326499096,-0.9885710532241613,0.5002993116101648,0.30527646040513345,0.5122442736515016,-0.7424708758502816,-1.0030763814401766,1.7447414345573222,-1.0035656764492848,-0.5423735976260254,-0.9999949952580068,-0.381387268134171,0.8965839707370178,2.275814439933499,1.7523484107679594,-0.6108712617933298,2.0759648190690037,-0.9060219629742516,-1.1099153216713604,-1.206240525680768,0.5005533681682226
-0.5935752742640285,-0.8754984077249564,1.0278894669433536,0.612775710310261,-0.6439209162167846,0.36206941027214823,-0.5367001286437503,-1.262431268450093,0.7813920496300597,-0.2852115724793929,-0.972986227309673,0.30985805319435167,0.6522102445907456,0.03560568590174467,-0.403105743590996,-0.35867624489035876,0.7945124291035353,1.9353176859251158,1.0115610777177464,0.5002993116101648,0.30527646040513345,0.5122442736515016,-0.7424708758502816,1.1406528759263421,-0.19509888245848667,-0.13552709632247995,-0.5423735976260254,-0.22147540163432355,-1.7858610174536578,-0.7144894637714961,-1.0776792443157222,-0.9886313907262549,-0.019266811596450106,-1.0693787610602934,1.1172323834000635,-0.3535500502451853,1.3664154678038525,-0.9882720345885417
1.6847062931317278,1.142206531932559,0.22103487785398448,0.612775710310261,-0.6439209162167846,0.36206941027214823,-0.5367001286437503,0.5567243481984884,-0.02232548713228734,0.8733910799271684,-0.13899803247281048,-1.593034932305078,0.6522102445907456,0.03560568590174467,-0.403105743590996,-0.35867624489035876,-1.2586335510551052,-0.5167110326499096,1.0115610777177464,0.5002993116101648,0.30527646040513345,0.5122442736515016,-0.7424708758502816,0.06878824724308273,0.7748212760494178,-0.13552709632247995,-0.5423735976260254,-0.9999949952580068,-0.381387268134171,-0.07006008996809053,0.9344169662338104,1.1432417882136896,0.5723376386004296,1.0826984253439624,-0.5784474497517436,-0.7317326859582729,-1.206240525680768,0.004278233915967804
1.6847062931317278,-0.8754984077249564,1.0278894669433536,0.612775710310261,-0.6439209162167846,0.36206941027214823,-1.4260889132533936,-1.262431268450093,-0.02232548713228734,-0.2852115724793929,-0.972986227309673,0.30985805319435167,0.6522102445907456,0.03560568590174467,-0.403105743590996,-0.35867624489035876,-1.2586335510551052,-0.5167110326499096,1.0115610777177464,0.5002993116101648,0.30527646040513345,-1.9521936143308383,-0.7424708758502816,-3.1468056388066956,-2.1349391994742954,-1.8716042565760895,-0.5423735976260254,-0.9999949952580068,1.0230864811853158,0.25215459693361225,-0.07163113904095586,0.22958185438228482,0.5723376386004296,0.08943203161892128,-0.6995674378340155,-1.4880979573844482,-1.206240525680768,-1.4845471688407965
-0.5935752742640285,-0.8754984077249564,-0.5858197112353846,0.612775710310261,-0.6439209162167846,0.36206941027214823,1.2420774405755364,-0.35285346012580227,1.5851095863924067,0.8733910799271684,-0.13899803247281048,0.30985805319435167,0.6522102445907456,0.03560568590174467,-0.403105743590996,-0.35867624489035876,0.7945124291035353,-0.5167110326499096,1.0115610777177464,0.5002993116101648,0.30527646040513345,0.5122442736515016,-0.7424708758502816,1.1406528759263421,-0.19509888245848667,-0.13552709632247995,-0.5423735976260254,-0.9999949952580068,-1.7858610174536578,-0.39227477686979334,0.5990675978088884,0.8386884769365547,0.5723376386004296,0.7516096274356154,-0.29583414422644244,-0.7317326859582729,0.08008747106154226,0.5005533681682226
-0.5935752742640285,1.142206531932559,-0.5858197112353846,0.612775710310261,-0.6439209162167846,0.36206941027214823,0.35268865596589305,0.5567243481984884,0.7813920496300597,-0.2852115724793929,-0.13899803247281048,-1.593034932305078,-0.7150738826235884,1.2347133014314717,-0.403105743590996,-0.35867624489035876,0.7945124291035353,-0.5167110326499096,1.0115610777177464,0.5002993116101648,0.30527646040513345,0.5122442736515016,-0.7424708758502816,1.1406528759263421,-0.19509888245848667,-0.13552709632247995,-0.5423735976260254,-0.9999949952580068,1.0230864811853158,-0.07006008996809053,0.5990675978088884,0.8386884769365547,0.5723376386004296,0.7516096274356154,-0.3664874706077677,-0.7317326859582729,0.08008747106154226,0.5005533681682226
1.6847062931317278,-0.8754984077249564,0.22103487785398448,-1.6319184706157481,1.5529857391110689,-2.7619013692660572,-0.5367001286437503,-1.262431268450093,0.7813920496300597,-0.2852115724793929,1.5289783572009146,0.30985805319435167,0.6522102445907456,0.03560568590174467,-0.403105743590996,-0.35867624489035876,-1.2586335510551052,-0.5167110326499096,1.0115610777177464,0.5002993116101648,0.30527646040513345,0.5122442736515016,1.3468541764076536,1.1406528759263421,-0.19509888245848667,-0.13552709632247995,-0.5423735976260254,-0.22147540163432355,-1.0836241427939144,0.09104725348276087,-0.07163113904095586,-0.07497145689485012,-0.019266811596450106,-0.07611236733525226,-0.6491007761330689,-0.3535500502451853,-1.206240525680768,-0.9882720345885417
-0.5935752742640285,-0.8754984077249564,-1.3926743003247537,-1.6319184706157481,1.5529857391110689,0.36206941027214823,0.35268865596589305,-1.262431268450093,-0.02232548713228734,-0.2852115724793929,1.5289783572009146,-1.593034932305078,0.6522102445907456,2.4338209169611993,-0.403105743590996,-0.35867624489035876,0.7945124291035353,-0.5167110326499096,-0.9885710532241613,-1.9988034698300843,0.30527646040513345,0.5122442736515016,-0.7424708758502816,0.06878824724308273,0.7748212760494178,-1.0035656764492848,0.5549869371057006,0.5570441919893597,-0.381387268134171,1.2187986576387206,1.6051157030836547,1.4477950994908246,-0.019266811596450106,1.579331622206483,-0.6762751324335785,0.0246325854679023,0.08008747106154226,-0.49199690033628696
-0.5935752742640285,-0.8754984077249564,-1.3926743003247537,0.612775710310261,-0.6439209162167846,0.36206941027214823,-1.4260889132533936,-0.35285346012580227,-1.6297605606569814,-0.2852115724793929,-0.972986227309673,0.30985805319435167,-0.7150738826235884,0.03560568590174467,-0.403105743590996,-0.35867624489035876,0.7945124291035353,1.9353176859251158,-0.9885710532241613,-1.9988034698300843,0.30527646040513345,0.5122442736515016,-0.7424708758502816,0.06878824724308273,-0.19509888245848667,-1.0035656764492848,-0.5423735976260254,-0.9999949952580068,1.0230864811853158,-0.39227477686979334,-0.406980507465878,-0.07497145689485012,0.5723376386004296,-0.24165676628942578,-0.29583414422644244,-1.1099153216713604,1.3664154678038525,-0.9882720345885417
-0.5935752742640285,1.142206531932559,-1.3926743003247537,0.612775710310261,1.5529857391110689,0.36206941027214823,1.2420774405755364,0.5567243481984884,1.5851095863924067,0.8733910799271684,-0.13899803247281048,0.30985805319435167,-0.7150738826235884,1.2347133014314717,-0.403105743590996,-0.35867624489035876,0.7945124291035353,-0.5167110326499096,1.0115610777177464,0.5002993116101648,0.30527646040513345,0.5122442736515016,-0.7424708758502816,1.1406528759263421,0.7748212760494178,-0.13552709632247995,-0.5423735976260254,-0.9999949952580068,0.3208496065255724,-0.7144894637714961,0.9344169662338104,0.8386884769365547,-0.019266811596450106,0.9171540263897889,2.177032279119943,-0.7317326859582729,0.08008747106154226,0.9968285024204774
-0.5935752742640285,-0.8754984077249564,-1.3926743003247537,0.612775710310261,-0.6439209162167846,0.36206941027214823,0.35268865596589305,-0.35285346012580227,0.7813920496300597,-0.2852115724793929,-0.13899803247281048,0.30985805319435167,0.6522102445907456,0.03560568590174467,-0.403105743590996,2.788029634651948,0.7945124291035353,-0.5167110326499096,-0.9885710532241613,0.5002993116101648,0.30527646040513345,0.5122442736515016,-0.7424708758502816,0.06878824724308273,-0.19509888245848667,1.6005500639311296,-0.5423735976260254,-0.9999949952580068,-1.0836241427939144,1.8632280314421263,-0.07163113904095586,-0.37952476817198505,-0.6108712617933298,-0.24165676628942578,-0.8776850673667683,0.0246325854679023,1.3664154678038525,0.004278233915967804
-0.5935752742640285,-0.8754984077249564,0.22103487785398448,0.612775710310261,-0.6439209162167846,0.36206941027214823,-0.5367001286437503,-1.262431268450093,0.7813920496300597,-0.2852115724793929,1.5289783572009146,0.30985805319435167,-0.7150738826235884,0.03560568590174467,-0.403105743590996,-0.35867624489035876,0.7945124291035353,-0.5167110326499096,1.0115610777177464,0.5002993116101648,0.30527646040513345,0.5122442736515016,-0.7424708758502816,0.06878824724308273,-0.19509888245848667,1.6005500639311296,0.5549869371057006,1.335563785613043,0.3208496065255724,-0.07006008996809053,0.2637182293839663,1.4477950994908246,2.3471509891910687,0.9171540263897889,-0.5784474497517436,1.5373631283202527,0.08008747106154226,-0.9882720345885417
-0.5935752742640285,-0.8754984077249564,-0.5858197112353846,0.612775710310261,1.5529857391110689,0.36206941027214823,-1.4260889132533936,-0.35285346012580227,-0.02232548713228734,0.8733910799271684,1.5289783572009146,-1.593034932305078,-0.7150738826235884,0.03560568590174467,-0.403105743590996,2.788029634651948,-1.2586335510551052,-0.5167110326499096,1.0115610777177464,0.5002993116101648,0.30527646040513345,0.5122442736515016,-0.7424708758502816,0.06878824724308273,0.7748212760494178,-0.13552709632247995,-0.5423735976260254,-0.9999949952580068,-1.7858610174536578,-0.07006008996809053,-1.0776792443157222,-0.37952476817198505,1.1639420887973093,-0.7382899631519464,-0.5784474497517436,-0.7317326859582729,0.08008747106154226,-0.9882720345885417
1.6847062931317278,-0.8754984077249564,1.8347440560327226,-1.6319184706157481,-0.6439209162167846,0.36206941027214823,-0.5367001286437503,0.5567243481984884,0.7813920496300597,-0.2852115724793929,-0.972986227309673,0.30985805319435167,-0.7150738826235884,1.2347133014314717,1.121685547383641,-0.35867624489035876,-1.2586335510551052,-0.5167110326499096,1.0115610777177464,-1.9988034698300843,0.30527646040513345,0.5122442736515016,-0.7424708758502816,1.1406528759263421,0.7748212760494178,-1.0035656764492848,-0.5423735976260254,-0.22147540163432355,1.0230864811853158,-0.07006008996809053,-0.406980507465878,-0.07497145689485012,0.5723376386004296,-0.24165676628942578,-0.3664874706077677,-0.7317326859582729,-1.206240525680768,0.004278233915967804
-0.5935752742640285,-0.8754984077249564,1.0278894669433536,0.612775710310261,-0.6439209162167846,0.36206941027214823,1.2420774405755364,0.5567243481984884,-0.02232548713228734,-0.2852115724793929,-0.972986227309673,0.30985805319435167,-0.7150738826235884,1.2347133014314717,-0.403105743590996,-0.35867624489035876,0.7945124291035353,-0.5167110326499096,1.0115610777177464,0.5002993116101648,0.30527646040513345,0.5122442736515016,1.3468541764076536,0.06878824724308273,-0.19509888245848667,0.7325114838043248,-0.5423735976260254,-0.9999949952580068,1.0230864811853158,-0.39227477686979334,0.9344169662338104,1.1432417882136896,0.5723376386004296,1.0826984253439624,0.05743248768018408,-0.3535500502451853,0.08008747106154226,0.9968285024204774
1.6847062931317278,1.142206531932559,1.0278894669433536,-1.6319184706157481,-0.6439209162167846,0.36206941027214823,0.35268865596589305,-0.35285346012580227,-0.02232548713228734,-0.2852115724793929,-0.972986227309673,0.30985805319435167,0.6522102445907456,-1.1635019296279825,-0.403105743590996,-0.35867624489035876,0.7945124291035353,-0.5167110326499096,-0.9885710532241613,-1.9988034698300843,0.30527646040513345,0.5122442736515016,-0.7424708758502816,-2.0749410101234362,1.7447414345573222,1.6005500639311296,3.847068541300878,2.1140833792367264,1.0230864811853158,0.574369283835315,-0.7423298758908001,-0.37952476817198505,0.5723376386004296,-0.5727455641977729,-0.8846118640708197,3.0500936711726037,0.08008747106154226,0.004278233915967804
-0.5935752742640285,1.142206531932559,-0.5858197112353846,0.612775710310261,-0.6439209162167846,0.36206941027214823,0.35268865596589305,1.466302156522779,-0.02232548713228734,-0.2852115724793929,-0.972986227309673,-1.593034932305078,2.0194943718050795,-1.1635019296279825,2.6464768383582777,-0.35867624489035876,0.7945124291035353,-0.5167110326499096,1.0115610777177464,-1.9988034698300843,0.30527646040513345,0.5122442736515016,-0.7424708758502816,-1.0030763814401766,0.7748212760494178,1.6005500639311296,0.5549869371057006,1.335563785613043,-1.0836241427939144,-0.7144894637714961,-1.7483779811655664,-1.9022913245576598,-0.6108712617933298,-1.897100755831161,0.05743248768018408,1.5373631283202527,0.08008747106154226,0.9968285024204774
1.6847062931317278,1.142206531932559,-1.3926743003247537,0.612775710310261,1.5529857391110689,0.36206941027214823,0.35268865596589305,0.5567243481984884,-1.6297605606569814,-2.6024168772925154,1.5289783572009146,-1.593034932305078,-0.7150738826235884,0.03560568590174467,-0.403105743590996,-0.35867624489035876,0.7945124291035353,-0.5167110326499096,1.0115610777177464,0.5002993116101648,0.30527646040513345,0.5122442736515016,-0.7424708758502816,1.1406528759263421,-0.19509888245848667,-0.13552709632247995,-0.5423735976260254,-0.9999949952580068,1.0230864811853158,-0.7144894637714961,-0.07163113904095586,-0.07497145689485012,-0.019266811596450106,-0.07611236733525226,1.1172323834000635,-0.7317326859582729,0.08008747106154226,0.5005533681682226
-0.5935752742640285,-0.8754984077249564,1.0278894669433536,0.612775710310261,1.5529857391110689,0.36206941027214823,-1.4260889132533936,-1.262431268450093,-0.02232548713228734,-0.2852115724793929,-0.13899803247281048,0.30985805319435167,0.6522102445907456,0.03560568590174467,-0.403105743590996,-0.35867624489035876,0.7945124291035353,1.9353176859251158,-0.9885710532241613,-1.9988034698300843,0.30527646040513345,-1.9521936143308383,-0.7424708758502816,0.06878824724308273,0.7748212760494178,-0.13552709632247995,-0.5423735976260254,-0.9999949952580068,-0.381387268134171,-0.39227477686979334,-0.07163113904095586,-0.07497145689485012,-0.019266811596450106,-0.07611236733525226,-0.29583414422644244,-0.7317326859582729,1.3664154678038525,-1.4845471688407965
1.6847062931317278,1.142206531932559,1.0278894669433536,-1.6319184706157481,-0.6439209162167846,0.36206941027214823,0.35268865596589305,-0.35285346012580227,-0.02232548713228734,-0.2852115724793929,-0.972986227309673,0.30985805319435167,0.6522102445907456,-1.1635019296279825,1.121685547383641,-0.35867624489035876,0.7945124291035353,-0.5167110326499096,-0.9885710532241613,-1.9988034698300843,0.30527646040513345,0.5122442736515016,-0.7424708758502816,-2.0749410101234362,1.7447414345573222,1.6005500639311296,3.847068541300878,2.1140833792367264,1.0230864811853158,0.8965839707370178,-0.07163113904095586,0.5341351656594198,1.1639420887973093,0.2549764305730948,-0.9060219629742516,3.0500936711726037,0.08008747106154226,0.004278233915967804
-0.5935752742640285,1.142206531932559,1.0278894669433536,0.612775710310261,-0.6439209162167846,0.36206941027214823,1.2420774405755364,-0.35285346012580227,1.5851095863924067,-0.2852115724793929,-0.13899803247281048,0.30985805319435167,-0.7150738826235884,0.03560568590174467,-0.403105743590996,-0.35867624489035876,0.7945124291035353,1.9353176859251158,1.0115610777177464,0.5002993116101648,0.30527646040513345,0.5122442736515016,1.3468541764076536,0.06878824724308273,-0.19509888245848667,-1.0035656764492848,-0.5423735976260254,1.335563785613043,1.0230864811853158,1.0576913141878692,0.2637182293839663,-0.07497145689485012,-0.6108712617933298,0.08943203161892128,-0.8257340920863822,0.0246325854679023,1.3664154678038525,0.5005533681682226
-0.5935752742640285,-0.8754984077249564,-1.3926743003247537,-1.6319184706157481,-0.6439209162167846,0.36206941027214823,-0.5367001286437503,1.466302156522779,0.7813920496300597,-1.443814224885954,-0.972986227309673,0.30985805319435167,-0.7150738826235884,1.2347133014314717,-0.403105743590996,2.788029634651948,0.7945124291035353,1.9353176859251158,1.0115610777177464,0.5002993116101648,0.30527646040513345,0.5122442736515016,-0.7424708758502816,0.06878824724308273,-0.19509888245848667,-1.0035656764492848,-0.5423735976260254,-0.9999949952580068,1.0230864811853158,-0.39227477686979334,-0.406980507465878,-0.68407807944912,-0.6108712617933298,-0.5727455641977729,0.05743248768018408,-1.1099153216713604,2.6527434645461625,0.5005533681682226
-0.5935752742640285,1.142206531932559,0.22103487785398448,0.612775710310261,-0.6439209162167846,0.36206941027214823,0.35268865596589305,-0.35285346012580227,0.7813920496300597,0.8733910799271684,-0.972986227309673,0.30985805319435167,-0.7150738826235884,-1.1635019296279825,4.171268129332915,-0.35867624489035876,0.7945124291035353,1.9353176859251158,1.0115610777177464,0.5002993116101648,0.30527646040513345,0.5122442736515016,-0.7424708758502816,1.1406528759263421,1.7447414345573222,1.6005500639311296,0.5549869371057006,1.335563785613043,1.0230864811853158,-0.39227477686979334,-1.0776792443157222,-0.9886313907262549,-0.019266811596450106,-1.0693787610602934,-0.6491007761330689,1.5373631283202527,1.3664154678038525,0.004278233915967804
1.6847062931317278,-0.8754984077249564,1.0278894669433536,0.612775710310261,-0.6439209162167846,-2.7619013692660572,-0.5367001286437503,1.466302156522779,-0.02232548713228734,0.8733910799271684,1.5289783572009146,-1.593034932305078,-0.7150738826235884,0.03560568590174467,1.121685547383641,-0.35867624489035876,0.7945124291035353,-0.5167110326499096,-0.9885710532241613,0.5002993116101648,0.30527646040513345,0.5122442736515016,-0.7424708758502816,-2.0749410101234362,-0.19509888245848667,-1.0035656764492848,-0.5423735976260254,0.5570441919893597,-1.7858610174536578,0.574369283835315,-1.0776792443157222,-1.9022913245576598,-1.7940801621870894,-1.566011957922814,-0.7668563201019444,-0.3535500502451853,0.08008747106154226,0.5005533681682226
-0.5935752742640285,-0.8754984077249564,-1.3926743003247537,0.612775710310261,1.5529857391110689,-2.7619013692660572,0.35268865596589305,0.5567243481984884,-0.02232548713228734,-0.2852115724793929,0.6949901623640521,0.30985805319435167,-0.7150738826235884,-1.1635019296279825,-0.403105743590996,-0.35867624489035876,-1.2586335510551052,1.9353176859251158,-0.9885710532241613,0.5002993116101648,0.30527646040513345,0.5122442736515016,-0.7424708758502816,1.1406528759263421,-0.19509888245848667,0.7325114838043248,2.7497080065691524,1.335563785613043,-1.7858610174536578,0.25215459693361225,-0.406980507465878,0.5341351656594198,1.755546538994189,0.08943203161892128,-0.8509674229368555,1.9155457640333402,0.08008747106154226,0.5005533681682226
1.6847062931317278,1.142206531932559,0.22103487785398448,-1.6319184706157481,-0.6439209162167846,0.36206941027214823,1.2420774405755364,1.466302156522779,-0.8260430238946344,-0.2852115724793929,-0.972986227309673,-1.593034932305078,2.0194943718050795,-1.1635019296279825,4.171268129332915,-0.35867624489035876,-1.2586335510551052,-0.5167110326499096,1.0115610777177464,0.5002993116101648,0.30527646040513345,0.5122442736515016,1.3468541764076536,-1.0030763814401766,-0.19509888245848667,-0.13552709632247995,-0.5423735976260254,0.5570441919893597,1.0230864811853158,-0.39227477686979334,-0.7423298758908001,-0.68407807944912,-0.019266811596450106,-0.7382899631519464,-0.6491007761330689,0.0246325854679023,-1.206240525680768,1.4931036366727322
-0.5935752742640285,1.142206531932559,-0.5858197112353846,0.612775710310261,1.5529857391110689,-2.7619013692660572,0.35268865596589305,1.466302156522779,0.7813920496300597,-0.2852115724793929,-0.13899803247281048,0.30985805319435167,-0.7150738826235884,0.03560568590174467,-0.403105743590996,2.788029634651948,0.7945124291035353,1.9353176859251158,1.0115610777177464,0.5002993116101648,0.30527646040513345,0.5122442736515016,-0.7424708758502816,1.1406528759263421,-0.19509888245848667,-0.13552709632247995,-0.5423735976260254,-0.9999949952580068,1.0230864811853158,-0.39227477686979334,0.2637182293839663,0.22958185438228482,-0.019266811596450106,0.2549764305730948,-0.29583414422644244,-0.7317326859582729,2.6527434645461625,0.9968285024204774
-0.5935752742640285,-0.8754984077249564,0.22103487785398448,0.612775710310261,-0.6439209162167846,0.36206941027214823,-1.4260889132533936,-1.262431268450093,-1.6297605606569814,0.8733910799271684,-0.972986227309673,0.30985805319435167,-0.7150738826235884,0.03560568590174467,-0.403105743590996,-0.35867624489035876,-1.2586335510551052,-0.5167110326499096,1.0115610777177464,0.5002993116101648,0.30527646040513345,0.5122442736515016,-0.7424708758502816,1.1406528759263421,-0.19509888245848667,-0.13552709632247995,-0.5423735976260254,-0.9999949952580068,-0.381387268134171,-0.7144894637714961,0.2637182293839663,-0.07497145689485012,-0.6108712617933298,0.08943203161892128,1.1172323834000635,-0.7317326859582729,-1.206240525680768,-1.4845471688407965
1.6847062931317278,-0.8754984077249564,0.22103487785398448,-1.6319184706157481,-0.6439209162167846,0.36206941027214823,-1.4260889132533936,-1.262431268450093,-0.02232548713228734,0.8733910799271684,1.5289783572009146,0.30985805319435167,2.0194943718050795,-1.1635019296279825,1.121685547383641,-0.35867624489035876,0.7945124291035353,-0.5167110326499096,-0.9885710532241613,0.5002993116101648,0.30527646040513345,0.5122442736515016,1.3468541764076536,1.1406528759263421,-1.1650190409663912,-1.8716042565760895,-0.5423735976260254,-0.22147540163432355,-1.7858610174536578,-0.7144894637714961,-1.0776792443157222,-0.9886313907262549,-0.019266811596450106,-1.0693787610602934,0.05743248768018408,-1.1099153216713604,0.08008747106154226,-1.4845471688407965
-0.5935752742640285,1.142206531932559,-0.5858197112353846,-1.6319184706157481,-0.6439209162167846,0.36206941027214823,1.2420774405755364,0.5567243481984884,0.7813920496300597,-0.2852115724793929,1.5289783572009146,0.30985805319435167,0.6522102445907456,-1.1635019296279825,-0.403105743590996,2.788029634651948,0.7945124291035353,1.9353176859251158,1.0115610777177464,-1.9988034698300843,0.30527646040513345,0.5122442736515016,-0.7424708758502816,-1.0030763814401766,-0.19509888245848667,-0.13552709632247995,-0.5423735976260254,-0.9999949952580068,0.3208496065255724,0.25215459693361225,-0.7423298758908001,-0.07497145689485012,1.1639420887973093,-0.4072011652435993,-0.8509674229368555,-0.7317326859582729,2.6527434645461625,0.9968285024204774
-0.5935752742640285,-0.8754984077249564,-1.3926743003247537,0.612775710310261,1.5529857391110689,0.36206941027214823,0.35268865596589305,-0.35285346012580227,0.7813920496300597,-0.2852115724793929,1.5289783572009146,0.30985805319435167,-0.7150738826235884,0.03560568590174467,-0.403105743590996,-0.35867624489035876,0.7945124291035353,1.9353176859251158,-0.9885710532241613,0.5002993116101648,0.30527646040513345,0.5122442736515016,-0.7424708758502816,0.06878824724308273,0.7748212760494178,0.7325114838043248,-0.5423735976260254,-0.9999949952580068,1.0230864811853158,0.8965839707370178,-1.4130286127406444,-1.5977380132805248,-0.6108712617933298,-1.566011957922814,-0.8096765179088081,-0.3535500502451853,1.3664154678038525,0.004278233915967804
-0.5935752742640285,1.142206531932559,-0.5858197112353846,0.612775710310261,-0.6439209162167846,0.36206941027214823,-0.5367001286437503,-1.262431268450093,-1.6297605606569814,-0.2852115724793929,-0.972986227309673,0.30985805319435167,3.3867784990194134,-1.1635019296279825,-0.403105743590996,-0.35867624489035876,-1.2586335510551052,-0.5167110326499096,-0.9885710532241613,0.5002993116101648,0.30527646040513345,-1.9521936143308383,-0.7424708758502816,-1.0030763814401766,-1.1650190409663912,-1.8716042565760895,-0.5423735976260254,-0.9999949952580068,-1.0836241427939144,-0.07006008996809053,-0.7423298758908001,-0.68407807944912,-0.019266811596450106,-0.7382899631519464,-0.7904074288957195,-1.4880979573844482,-1.206240525680768,-0.9882720345885417
-0.5935752742640285,-0.8754984077249564,1.0278894669433536,0.612775710310261,-0.6439209162167846,0.36206941027214823,0.35268865596589305,-0.35285346012580227,-1.6297605606569814,-0.2852115724793929,1.5289783572009146,-1.593034932305078,-0.7150738826235884,1.2347133014314717,-0.403105743590996,-0.35867624489035876,0.7945124291035353,-0.5167110326499096,-0.9885710532241613,0.5002993116101648,0.30527646040513345,0.5122442736515016,1.3468541764076536,0.06878824724308273,-0.19509888245848667,0.7325114838043248,-0.5423735976260254,-0.22147540163432355,-1.0836241427939144,0.09104725348276087,0.9344169662338104,1.7523484107679594,1.755546538994189,1.4137872232523094,-0.4724674601797556,0.0246325854679023,0.08008747106154226,0.004278233915967804
-0.5935752742640285,-0.8754984077249564,-1.3926743003247537,0.612775710310261,-0.6439209162167846,0.36206941027214823,1.2420774405755364,1.466302156522779,1.5851095863924067,-1.443814224885954,1.5289783572009146,0.30985805319435167,-0.7150738826235884,0.03560568590174467,-0.403105743590996,-0.35867624489035876,0.7945124291035353,1.9353176859251158,-0.9885710532241613,0.5002993116101648,0.30527646040513345,0.5122442736515016,-0.7424708758502816,-1.0030763814401766,-0.19509888245848667,-0.13552709632247995,-0.5423735976260254,-0.22147540163432355,-1.0836241427939144,-0.7144894637714961,-0.406980507465878,-0.9886313907262549,-1.2024757119902096,-0.7382899631519464,1.1172323834000635,-0.3535500502451853,1.3664154678038525,1.4931036366727322
1.6847062931317278,-0.8754984077249564,1.0278894669433536,-1.6319184706157481,-0.6439209162167846,-2.7619013692660572,1.2420774405755364,0.5567243481984884,0.7813920496300597,0.8733910799271684,-0.972986227309673,0.30985805319435167,-0.7150738826235884,-1.1635019296279825,-0.403105743590996,-0.35867624489035876,0.7945124291035353,-0.5167110326499096,-0.9885710532241613,0.5002993116101648,0.30527646040513345,0.5122442736515016,-0.7424708758502816,1.1406528759263421,0.7748212760494178,0.7325114838043248,1.6523474718374265,1.335563785613043,-1.0836241427939144,0.574369283835315,-0.406980507465878,-0.07497145689485012,0.5723376386004296,-0.24165676628942578,-0.8846118640708197,1.5373631283202527,0.08008747106154226,0.9968285024204774
-0.5935752742640285,1.142206531932559,0.22103487785398448,0.612775710310261,1.5529857391110689,0.36206941027214823,-0.5367001286437503,-0.35285346012580227,-0.02232548713228734,-0.2852115724793929,-0.13899803247281048,-1.593034932305078,-0.7150738826235884,0.03560568590174467,-0.403105743590996,-0.35867624489035876,-1.2586335510551052,-0.5167110326499096,1.0115610777177464,-1.9988034698300843,0.30527646040513345,0.5122442736515016,1.3468541764076536,0.06878824724308273,0.7748212760494178,-1.0035656764492848,3.847068541300878,2.1140833792367264,0.3208496065255724,-0.7144894637714961,1.6051157030836547,1.4477950994908246,-0.019266811596450106,1.579331622206483,1.1172323834000635,1.9155457640333402,-1.206240525680768,-0.49199690033628696
1.6847062931317278,-0.8754984077249564,1.0278894669433536,0.612775710310261,-0.6439209162167846,0.36206941027214823,0.35268865596589305,0.5567243481984884,-0.02232548713228734,-0.2852115724793929,-0.13899803247281048,0.30985805319435167,-0.7150738826235884,0.03560568590174467,-0.403105743590996,-0.35867624489035876,-1.2586335510551052,1.9353176859251158,-0.9885710532241613,0.5002993116101648,0.30527646040513345,0.5122442736515016,1.3468541764076536,0.06878824724308273,-2.1349391994742954,-0.13552709632247995,-0.5423735976260254,-0.22147540163432355,-1.7858610174536578,-0.7144894637714961,1.2697663346587327,1.1432417882136896,-0.019266811596450106,1.248242824298136,1.1172323834000635,-0.3535500502451853,0.08008747106154226,0.5005533681682226
-0.5935752742640285,-0.8754984077249564,0.22103487785398448,-1.6319184706157481,-0.6439209162167846,0.36206941027214823,-0.5367001286437503,-0.35285346012580227,-0.02232548713228734,-0.2852115724793929,1.5289783572009146,0.30985805319435167,-0.7150738826235884,-1.1635019296279825,-0.403105743590996,-0.35867624489035876,0.7945124291035353,-0.5167110326499096,-0.9885710532241613,0.5002993116101648,0.30527646040513345,0.5122442736515016,-0.7424708758502816,1.1406528759263421,-0.19509888245848667,-1.0035656764492848,-0.5423735976260254,-0.22147540163432355,-0.381387268134171,2.6687647486963835,0.5990675978088884,0.5341351656594198,-0.019266811596450106,0.5860652284814418,-0.9541946855069735,-0.7317326859582729,0.08008747106154226,-0.49199690033628696
1.6847062931317278,-0.8754984077249564,1.8347440560327226,-1.6319184706157481,-0.6439209162167846,0.36206941027214823,-0.5367001286437503,0.5567243481984884,0.7813920496300597,-0.2852115724793929,-0.972986227309673,0.30985805319435167,-0.7150738826235884,1.2347133014314717,1.121685547383641,-0.35867624489035876,-1.2586335510551052,-0.5167110326499096,1.0115610777177464,-1.9988034698300843,0.30527646040513345,0.5122442736515016,-0.7424708758502816,1.1406528759263421,0.7748212760494178,-1.0035656764492848,-0.5423735976260254,-0.22147540163432355,1.0230864811853158,-0.7144894637714961,-1.4130286127406444,-1.9022913245576598,-1.2024757119902096,-1.7315563568769876,2.177032279119943,-0.7317326859582729,-1.206240525680768,0.004278233915967804
-0.5935752742640285,-0.8754984077249564,-1.3926743003247537,0.612775710310261,-0.6439209162167846,0.36206941027214823,1.2420774405755364,1.466302156522779,0.7813920496300597,0.8733910799271684,1.5289783572009146,-1.593034932305078,0.6522102445907456,0.03560568590174467,2.6464768383582777,-0.35867624489035876,-1.2586335510551052,1.9353176859251158,-0.9885710532241613,0.5002993116101648,0.30527646040513345,0.5122442736515016,1.3468541764076536,0.06878824724308273,0.7748212760494178,0.7325114838043248,0.5549869371057006,0.5570441919893597,1.0230864811853158,0.25215459693361225,-1.4130286127406444,-0.68407807944912,1.1639420887973093,-1.0693787610602934,-0.6995674378340155,0.7809978568940775,0.08008747106154226,1.4931036366727322
-0.5935752742640285,-0.8754984077249564,1.0278894669433536,0.612775710310261,-0.6439209162167846,-2.7619013692660572,1.2420774405755364,1.466302156522779,-1.6297605606569814,2.0319937323337296,-0.972986227309673,0.30985805319435167,0.6522102445907456,0.03560568590174467,-0.403105743590996,2.788029634651948,-1.2586335510551052,-0.5167110326499096,-0.9885710532241613,0.5002993116101648,0.30527646040513345,-1.9521936143308383,-0.7424708758502816,0.06878824724308273,-0.19509888245848667,0.7325114838043248,-0.5423735976260254,-0.9999949952580068,-0.381387268134171,-0.07006008996809053,-3.7604741917150992,-0.07497145689485012,6.488382140569227,-1.897100755831161,-0.5784474497517436,-0.3535500502451853,0.08008747106154226,1.4931036366727322
1.6847062931317278,1.142206531932559,0.22103487785398448,0.612775710310261,1.5529857391110689,-2.7619013692660572,-1.4260889132533936,-2.1720090767743834,-0.02232548713228734,-0.2852115724793929,-0.13899803247281048,0.30985805319435167,-0.7150738826235884,-1.1635019296279825,-0.403105743590996,-0.35867624489035876,-1.2586335510551052,-0.5167110326499096,-0.9885710532241613,0.5002993116101648,0.30527646040513345,-1.9521936143308383,1.3468541764076536,0.06878824724308273,-2.1349391994742954,-1.0035656764492848,-0.5423735976260254,-0.9999949952580068,1.0230864811853158,-0.07006008996809053,-0.07163113904095586,-0.07497145689485012,-0.019266811596450106,-0.07611236733525226,-0.7904074288957195,-1.1099153216713604,-1.206240525680768,-1.9808223030930514
1.6847062931317278,-0.8754984077249564,1.0278894669433536,0.612775710310261,-0.6439209162167846,0.36206941027214823,-1.4260889132533936,-1.262431268450093,-1.6297605606569814,0.8733910799271684,-0.972986227309673,0.30985805319435167,2.0194943718050795,0.03560568590174467,1.121685547383641,-0.35867624489035876,-1.2586335510551052,-0.5167110326499096,-0.9885710532241613,0.5002993116101648,-3.2757193223247443,-1.9521936143308383,-0.7424708758502816,0.06878824724308273,0.7748212760494178,-1.0035656764492848,-0.5423735976260254,-0.22147540163432355,-1.0836241427939144,-0.39227477686979334,-0.7423298758908001,-0.37952476817198505,0.5723376386004296,-0.5727455641977729,-0.29583414422644244,-0.7317326859582729,-1.206240525680768,-1.4845471688407965
1.6847062931317278,1.142206531932559,-1.3926743003247537,-1.6319184706157481,-0.6439209162167846,0.36206941027214823,-1.4260889132533936,-1.262431268450093,-0.02232548713228734,-0.2852115724793929,-0.972986227309673,0.30985805319435167,3.3867784990194134,0.03560568590174467,-0.403105743590996,-0.35867624489035876,0.7945124291035353,-0.5167110326499096,1.0115610777177464,0.5002993116101648,0.30527646040513345,-1.9521936143308383,1.3468541764076536,1.1406528759263421,0.7748212760494178,1.6005500639311296,0.5549869371057006,1.335563785613043,0.3208496065255724,0.574369283835315,-1.4130286127406444,-0.68407807944912,1.1639420887973093,-1.0693787610602934,-0.7668563201019444,1.5373631283202527,0.08008747106154226,-1.4845471688407965
-0.5935752742640285,1.142206531932559,0.22103487785398448,0.612775710310261,-0.6439209162167846,0.36206941027214823,0.35268865596589305,-0.35285346012580227,0.7813920496300597,0.8733910799271684,-0.972986227309673,0.30985805319435167,0.6522102445907456,-1.1635019296279825,4.171268129332915,-0.35867624489035876,0.7945124291035353,-0.5167110326499096,1.0115610777177464,-1.9988034698300843,-3.2757193223247443,-1.9521936143308383,-0.7424708758502816,0.06878824724308273,1.7447414345573222,-1.0035656764492848,-0.5423735976260254,-0.9999949952580068,-1.0836241427939144,0.8965839707370178,-1.0776792443157222,-1.29318470200339,-0.6108712617933298,-1.234923160014467,-0.9060219629742516,-1.1099153216713604,0.08008747106154226,0.004278233915967804
-0.5935752742640285,-0.8754984077249564,-1.3926743003247537,-1.6319184706157481,-0.6439209162167846,0.36206941027214823,0.35268865596589305,1.466302156522779,0.7813920496300597,-1.443814224885954,-0.972986227309673,0.30985805319435167,-0.7150738826235884,1.2347133014314717,-0.403105743590996,2.788029634651948,0.7945124291035353,1.9353176859251158,1.0115610777177464,0.5002993116101648,0.30527646040513345,0.5122442736515016,-0.7424708758502816,0.06878824724308273,-0.19509888245848667,-1.0035656764492848,-0.5423735976260254,-0.9999949952580068,1.0230864811853158,-0.39227477686979334,0.2637182293839663,0.22958185438228482,-0.019266811596450106,0.2549764305730948,0.05743248768018408,-1.1099153216713604,2.6527434645461625,0.9968285024204774
-0.5935752742640285,-0.8754984077249564,1.0278894669433536,0.612775710310261,1.5529857391110689,-2.7619013692660572,1.2420774405755364,1.466302156522779,-0.8260430238946344,-0.2852115724793929,-0.13899803247281048,0.30985805319435167,-0.7150738826235884,0.03560568590174467,-0.403105743590996,-0.35867624489035876,0.7945124291035353,1.9353176859251158,-0.9885710532241613,0.5002993116101648,0.30527646040513345,0.5122442736515016,1.3468541764076536,0.06878824724308273,-1.1650190409663912,0.7325114838043248,-0.5423735976260254,-0.9999949952580068,0.3208496065255724,-0.7144894637714961,0.9344169662338104,1.1432417882136896,0.5723376386004296,1.0826984253439624,1.1172323834000635,-0.3535500502451853,1.3664154678038525,1.4931036366727322
1.6847062931317278,-0.8754984077249564,1.0278894669433536,-1.6319184706157481,-0.6439209162167846,0.36206941027214823,-1.4260889132533936,-1.262431268450093,-0.02232548713228734,-0.2852115724793929,-0.13899803247281048,0.30985805319435167,3.3867784990194134,1.2347133014314717,-0.403105743590996,-0.35867624489035876,-1.2586335510551052,-0.5167110326499096,-0.9885710532241613,0.5002993116101648,0.30527646040513345,0.5122442736515016,-0.7424708758502816,0.06878824724308273,-0.19509888245848667,-1.0035656764492848,-0.5423735976260254,-0.22147540163432355,0.3208496065255724,-0.39227477686979334,-1.0776792443157222,-0.9886313907262549,-0.019266811596450106,-1.0693787610602934,0.05743248768018408,-0.7317326859582729,-1.206240525680768,-1.4845471688407965
1.6847062931317278,1.142206531932559,0.22103487785398448,0.612775710310261,-0.6439209162167846,0.36206941027214823,-0.5367001286437503,0.5567243481984884,-0.02232548713228734,0.8733910799271684,-0.13899803247281048,-1.593034932305078,0.6522102445907456,0.03560568590174467,-0.403105743590996,-0.35867624489035876,-1.2586335510551052,-0.5167110326499096,1.0115610777177464,0.5002993116101648,0.30527646040513345,0.5122442736515016,-0.7424708758502816,0.06878824724308273,0.7748212760494178,-0.13552709632247995,-0.5423735976260254,-0.9999949952580068,-0.381387268134171,-0.39227477686979334,-0.07163113904095586,-0.07497145689485012,-0.019266811596450106,-0.07611236733525226,-0.29583414422644244,-0.7317326859582729,-1.206240525680768,0.004278233915967804
1.6847062931317278,-0.8754984077249564,0.22103487785398448,-1.6319184706157481,-0.6439209162167846,0.36206941027214823,0.35268865596589305,-1.262431268450093,-0.02232548713228734,-0.2852115724793929,-0.972986227309673,0.30985805319435167,0.6522102445907456,0.03560568590174467,4.171268129332915,-0.35867624489035876,0.7945124291035353,-0.5167110326499096,1.0115610777177464,-1.9988034698300843,0.30527646040513345,0.5122442736515016,1.3468541764076536,1.1406528759263421,0.7748212760494178,0.7325114838043248,-0.5423735976260254,-0.9999949952580068,1.0230864811853158,-0.39227477686979334,-1.4130286127406444,-0.68407807944912,1.1639420887973093,-1.0693787610602934,-0.29583414422644244,-0.3535500502451853,0.08008747106154226,-0.49199690033628696
1.6847062931317278,1.142206531932559,2.641598645122092,-1.6319184706157481,-0.6439209162167846,0.36206941027214823,-1.4260889132533936,-1.262431268450093,-0.02232548713228734,-0.2852115724793929,-0.972986227309673,2.2127510386937814,0.6522102445907456,-1.1635019296279825,1.121685547383641,-0.35867624489035876,0.7945124291035353,-0.5167110326499096,-0.9885710532241613,0.5002993116101648,-3.2757193223247443,0.5122442736515016,1.3468541764076536,0.06878824724308273,0.7748212760494178,-0.13552709632247995,0.5549869371057006,1.335563785613043,0.3208496065255724,1.2187986576387206,-1.0776792443157222,-0.07497145689485012,1.755546538994189,-0.5727455641977729,-0.9208443391381662,0.7809978568940775,0.08008747106154226,-1.4845471688407965
-0.5935752742640285,1.142206531932559,-1.3926743003247537,0.612775710310261,1.5529857391110689,0.36206941027214823,0.35268865596589305,0.5567243481984884,-0.02232548713228734,-0.2852115724793929,-0.972986227309673,0.30985805319435167,-0.7150738826235884,0.03560568590174467,-0.403105743590996,-0.35867624489035876,-1.2586335510551052,-0.5167110326499096,1.0115610777177464,-1.9988034698300843,0.30527646040513345,0.5122442736515016,-0.7424708758502816,1.1406528759263421,-0.19509888245848667,-1.0035656764492848,-0.5423735976260254,-0.9999949952580068,-1.0836241427939144,-0.7144894637714961,0.5990675978088884,0.22958185438228482,-0.6108712617933298,0.4205208295272683,1.1172323834000635,-1.1099153216713604,-1.206240525680768,0.5005533681682226
-0.5935752742640285,1.142206531932559,1.0278894669433536,0.612775710310261,1.5529857391110689,0.36206941027214823,1.2420774405755364,1.466302156522779,-0.02232548713228734,-0.2852115724793929,1.5289783572009146,-1.593034932305078,-0.7150738826235884,-1.1635019296279825,-0.403105743590996,-0.35867624489035876,0.7945124291035353,-0.5167110326499096,-0.9885710532241613,0.5002993116101648,0.30527646040513345,0.5122442736515016,-0.7424708758502816,0.06878824724308273,-1.1650190409663912,1.6005500639311296,1.6523474718374265,1.335563785613043,1.0230864811853158,-0.39227477686979334,-1.0776792443157222,-0.68407807944912,0.5723376386004296,-0.9038343621061199,-0.6491007761330689,1.9155457640333402,0.08008747106154226,1.4931036366727322
-0.5935752742640285,-0.8754984077249564,-1.3926743003247537,0.612775710310261,-0.6439209162167846,0.36206941027214823,-1.4260889132533936,-0.35285346012580227,-1.6297605606569814,0.8733910799271684,-0.972986227309673,-1.593034932305078,-0.7150738826235884,0.03560568590174467,-0.403105743590996,-0.35867624489035876,-1.2586335510551052,-0.5167110326499096,-0.9885710532241613,-1.9988034698300843,0.30527646040513345,-1.9521936143308383,1.3468541764076536,-2.0749410101234362,-0.19509888245848667,0.7325114838043248,0.5549869371057006,1.335563785613043,-1.7858610174536578,0.25215459693361225,-0.07163113904095586,-0.07497145689485012,-0.019266811596450106,-0.07611236733525226,-0.6995674378340155,1.1591804926071652,-1.206240525680768,-0.9882720345885417
-0.5935752742640285,-0.8754984077249564,0.22103487785398448,-1.6319184706157481,-0.6439209162167846,0.36206941027214823,1.2420774405755364,0.5567243481984884,1.5851095863924067,-0.2852115724793929,1.5289783572009146,0.30985805319435167,0.6522102445907456,1.2347133014314717,-0.403105743590996,-0.35867624489035876,0.7945124291035353,-0.5167110326499096,1.0115610777177464,0.5002993116101648,0.30527646040513345,0.5122442736515016,1.3468541764076536,0.06878824724308273,0.7748212760494178,-1.0035656764492848,-0.5423735976260254,-0.9999949952580068,0.3208496065255724,-0.7144894637714961,-0.07163113904095586,0.22958185438228482,0.5723376386004296,0.08943203161892128,2.177032279119943,-1.1099153216713604,0.08008747106154226,0.9968285024204774
-0.5935752742640285,-0.8754984077249564,-1.3926743003247537,-1.6319184706157481,-0.6439209162167846,0.36206941027214823,0.35268865596589305,1.466302156522779,0.7813920496300597,-1.443814224885954,-0.972986227309673,0.30985805319435167,-0.7150738826235884,1.2347133014314717,-0.403105743590996,2.788029634651948,0.7945124291035353,-0.5167110326499096,1.0115610777177464,0.5002993116101648,0.30527646040513345,0.5122442736515016,-0.7424708758502816,0.06878824724308273,-0.19509888245848667,-1.0035656764492848,-0.5423735976260254,-0.9999949952580068,1.0230864811853158,-0.39227477686979334,-0.07163113904095586,0.22958185438228482,0.5723376386004296,0.08943203161892128,0.05743248768018408,-1.1099153216713604,1.3664154678038525,0.9968285024204774
1.6847062931317278,1.142206531932559,-0.5858197112353846,-1.6319184706157481,1.5529857391110689,0.36206941027214823,-1.4260889132533936,-1.262431268450093,-1.6297605606569814,-0.2852115724793929,-0.972986227309673,0.30985805319435167,0.6522102445907456,-1.1635019296279825,-0.403105743590996,-0.35867624489035876,-1.2586335510551052,-0.5167110326499096,1.0115610777177464,0.5002993116101648,0.30527646040513345,0.5122442736515016,-0.7424708758502816,0.06878824724308273,1.7447414345573222,1.6005500639311296,0.5549869371057006,1.335563785613043,1.0230864811853158,-0.7144894637714961,-0.406980507465878,-0.37952476817198505,-0.019266811596450106,-0.4072011652435993,0.05743248768018408,1.5373631283202527,-1.206240525680768,-1.4845471688407965
-0.5935752742640285,1.142206531932559,-0.5858197112353846,0.612775710310261,-0.6439209162167846,0.36206941027214823,0.35268865596589305,-0.35285346012580227,-0.02232548713228734,-0.2852115724793929,-0.13899803247281048,0.30985805319435167,-0.7150738826235884,-1.1635019296279825,-0.403105743590996,-0.35867624489035876,0.7945124291035353,-0.5167110326499096,-0.9885710532241613,-1.9988034698300843,0.30527646040513345,0.5122442736515016,-0.7424708758502816,1.1406528759263421,0.7748212760494178,-0.13552709632247995,-0.5423735976260254,-0.9999949952580068,1.0230864811853158,-0.07006008996809053,0.2637182293839663,0.22958185438228482,-0.019266811596450106,0.2549764305730948,-0.7904074288957195,-0.7317326859582729,0.08008747106154226,0.004278233915967804
1.6847062931317278,-0.8754984077249564,-1.3926743003247537,-1.6319184706157481,-0.6439209162167846,0.36206941027214823,0.35268865596589305,0.5567243481984884,0.7813920496300597,-0.2852115724793929,1.5289783572009146,0.30985805319435167,-0.7150738826235884,0.03560568590174467,-0.403105743590996,-0.35867624489035876,0.7945124291035353,-0.5167110326499096,-0.9885710532241613,0.5002993116101648,0.30527646040513345,0.5122442736515016,1.3468541764076536,0.06878824724308273,1.7447414345573222,0.7325114838043248,-0.5423735976260254,-0.9999949952580068,-1.7858610174536578,-0.07006008996809053,0.5990675978088884,0.22958185438228482,-0.6108712617933298,0.4205208295272683,-0.5784474497517436,-0.3535500502451853,0.08008747106154226,0.5005533681682226
-0.5935752742640285,-0.8754984077249564,-0.5858197112353846,0.612775710310261,-0.6439209162167846,0.36206941027214823,1.2420774405755364,1.466302156522779,-0.8260430238946344,-0.2852115724793929,-0.13899803247281048,0.30985805319435167,-0.7150738826235884,-1.1635019296279825,-0.403105743590996,-0.35867624489035876,0.7945124291035353,-0.5167110326499096,-0.9885710532241613,0.5002993116101648,0.30527646040513345,0.5122442736515016,-0.7424708758502816,0.06878824724308273,0.7748212760494178,0.7325114838043248,-0.5423735976260254,-0.22147540163432355,-1.0836241427939144,0.25215459693361225,1.9404650715085767,1.7523484107679594,-0.019266811596450106,1.91042042011483,-0.8509674229368555,0.0246325854679023,0.08008747106154226,1.4931036366727322
-0.5935752742640285,-0.8754984077249564,1.8347440560327226,0.612775710310261,-0.6439209162167846,0.36206941027214823,-0.5367001286437503,-1.262431268450093,-1.6297605606569814,-0.2852115724793929,0.6949901623640521,2.2127510386937814,2.0194943718050795,0.03560568590174467,-0.403105743590996,-0.35867624489035876,0.7945124291035353,-0.5167110326499096,-0.9885710532241613,0.5002993116101648,-3.2757193223247443,0.5122442736515016,1.3468541764076536,-1.0030763814401766,0.7748212760494178,-1.8716042565760895,-0.5423735976260254,-0.9999949952580068,-1.0836241427939144,2.507657405245532,0.9344169662338104,0.22958185438228482,-1.2024757119902096,0.5860652284814418,-0.9014340846378021,-1.4880979573844482,0.08008747106154226,-0.9882720345885417
-0.5935752742640285,1.142206531932559,-1.3926743003247537,0.612775710310261,-0.6439209162167846,0.36206941027214823,1.2420774405755364,1.466302156522779,-0.02232548713228734,2.0319937323337296,1.5289783572009146,-1.593034932305078,0.6522102445907456,0.03560568590174467,-0.403105743590996,-0.35867624489035876,0.7945124291035353,-0.5167110326499096,1.0115610777177464,0.5002993116101648,0.30527646040513345,-1.9521936143308383,-0.7424708758502816,0.06878824724308273,0.7748212760494178,-0.13552709632247995,-0.5423735976260254,-0.9999949952580068,-1.0836241427939144,-0.07006008996809053,1.6051157030836547,1.1432417882136896,-0.6108712617933298,1.4137872232523094,-0.5784474497517436,-0.7317326859582729,0.08008747106154226,1.4931036366727322
-0.5935752742640285,-0.8754984077249564,-1.3926743003247537,0.612775710310261,-0.6439209162167846,-2.7619013692660572,0.35268865596589305,0.5567243481984884,0.7813920496300597,0.8733910799271684,-0.13899803247281048,0.30985805319435167,-0.7150738826235884,0.03560568590174467,-0.403105743590996,-0.35867624489035876,-1.2586335510551052,-0.5167110326499096,-0.9885710532241613,-1.9988034698300843,0.30527646040513345,-1.9521936143308383,1.3468541764076536,-3.1468056388066956,-0.19509888245848667,-1.0035656764492848,0.5549869371057006,0.5570441919893597,-1.7858610174536578,3.1520867790489375,-0.7423298758908001,-0.9886313907262549,-0.6108712617933298,-0.9038343621061199,-0.9175834163821049,0.0246325854679023,-1.206240525680768,0.5005533681682226
-0.5935752742640285,1.142206531932559,-0.5858197112353846,0.612775710310261,-0.6439209162167846,0.36206941027214823,0.35268865596589305,0.5567243481984884,-0.02232548713228734,0.8733910799271684,-0.972986227309673,-1.593034932305078,-0.7150738826235884,0.03560568590174467,1.121685547383641,-0.35867624489035876,0.7945124291035353,-0.5167110326499096,-0.9885710532241613,0.5002993116101648,0.30527646040513345,0.5122442736515016,1.3468541764076536,0.06878824724308273,1.7447414345573222,1.6005500639311296,2.7497080065691524,1.335563785613043,1.0230864811853158,-0.7144894637714961,-0.406980507465878,-0.37952476817198505,-0.019266811596450106,-0.4072011652435993,1.1172323834000635,2.2937283997464277,0.08008747106154226,0.5005533681682226
-0.5935752742640285,1.142206531932559,1.0278894669433536,0.612775710310261,1.5529857391110689,0.36206941027214823,0.35268865596589305,1.466302156522779,0.7813920496300597,-0.2852115724793929,-0.13899803247281048,0.30985805319435167,-0.7150738826235884,0.03560568590174467,-0.403105743590996,-0.35867624489035876,-1.2586335510551052,-0.5167110326499096,1.0115610777177464,0.5002993116101648,0.30527646040513345,0.5122442736515016,1.3468541764076536,0.06878824724308273,-0.19509888245848667,-0.13552709632247995,-0.5423735976260254,0.5570441919893597,1.0230864811853158,1.0576913141878692,1.6051157030836547,1.1432417882136896,-0.6108712617933298,1.4137872232523094,-0.8257340920863822,0.0246325854679023,-1.206240525680768,0.9968285024204774
-0.5935752742640285,1.142206531932559,0.22103487785398448,-1.6319184706157481,-0.6439209162167846,0.36206941027214823,-0.5367001286437503,-1.262431268450093,-0.02232548713228734,-0.2852115724793929,-0.972986227309673,0.30985805319435167,-0.7150738826235884,-1.1635019296279825,-0.403105743590996,-0.35867624489035876,-1.2586335510551052,-0.5167110326499096,-0.9885710532241613,-1.9988034698300843,0.30527646040513345,0.5122442736515016,-0.7424708758502816,0.06878824724308273,0.7748212760494178,-1.0035656764492848,0.5549869371057006,1.335563785613043,1.0230864811853158,-0.7144894637714961,0.2637182293839663,0.22958185438228482,-0.019266811596450106,0.2549764305730948,0.05743248768018408,0.4028152211809899,-1.206240525680768,-0.9882720345885417
-0.5935752742640285,-0.8754984077249564,-0.5858197112353846,0.612775710310261,-0.6439209162167846,0.36206941027214823,1.2420774405755364,0.5567243481984884,-0.02232548713228734,-2.6024168772925154,-0.972986227309673,0.30985805319435167,-0.7150738826235884,1.2347133014314717,-0.403105743590996,2.788029634651948,0.7945124291035353,1.9353176859251158,-0.9885710532241613,0.5002993116101648,0.30527646040513345,0.5122442736515016,-0.7424708758502816,1.1406528759263421,-0.19509888245848667,1.6005500639311296,-0.5423735976260254,-0.9999949952580068,-0.381387268134171,-0.7144894637714961,-1.4130286127406444,-0.68407807944912,1.1639420887973093,-1.0693787610602934,2.177032279119943,0.0246325854679023,2.6527434645461625,0.9968285024204774
-0.5935752742640285,-0.8754984077249564,0.22103487785398448,0.612775710310261,-0.6439209162167846,0.36206941027214823,1.2420774405755364,0.5567243481984884,-0.8260430238946344,0.8733910799271684,1.5289783572009146,0.30985805319435167,-0.7150738826235884,1.2347133014314717,-0.403105743590996,-0.35867624489035876,0.7945124291035353,1.9353176859251158,-0.9885710532241613,0.5002993116101648,0.30527646040513345,0.5122442736515016,-0.7424708758502816,0.06878824724308273,-1.1650190409663912,-1.0035656764492848,-0.5423735976260254,-0.22147540163432355,-0.381387268134171,-0.7144894637714961,1.2697663346587327,1.1432417882136896,-0.019266811596450106,1.248242824298136,2.177032279119943,-0.7317326859582729,1.3664154678038525,0.9968285024204774
-0.5935752742640285,-0.8754984077249564,-0.5858197112353846,0.612775710310261,-0.6439209162167846,0.36206941027214823,1.2420774405755364,0.5567243481984884,-0.8260430238946344,-0.2852115724793929,-0.13899803247281048,0.30985805319435167,-0.7150738826235884,0.03560568590174467,-0.403105743590996,-0.35867624489035876,0.7945124291035353,-0.5167110326499096,1.0115610777177464,0.5002993116101648,0.30527646040513345,0.5122442736515016,-0.7424708758502816,0.06878824724308273,-0.19509888245848667,1.6005500639311296,-0.5423735976260254,2.1140833792367264,-1.0836241427939144,-0.39227477686979334,1.6051157030836547,1.4477950994908246,-0.019266811596450106,1.579331622206483,-0.29583414422644244,1.5373631283202527,0.08008747106154226,0.9968285024204774
-0.5935752742640285,-0.8754984077249564,-0.5858197112353846,-1.6319184706157481,-0.6439209162167846,0.36206941027214823,0.35268865596589305,0.5567243481984884,0.7813920496300597,-0.2852115724793929,1.5289783572009146,-1.593034932305078,-0.7150738826235884,1.2347133014314717,1.121685547383641,2.788029634651948,0.7945124291035353,-0.5167110326499096,1.0115610777177464,0.5002993116101648,0.30527646040513345,0.5122442736515016,-0.7424708758502816,0.06878824724308273,-2.1349391994742954,-1.0035656764492848,-0.5423735976260254,-0.9999949952580068,-1.0836241427939144,-0.7144894637714961,-1.4130286127406444,-0.37952476817198505,1.755546538994189,-0.9038343621061199,2.177032279119943,-1.1099153216713604,1.3664154678038525,0.5005533681682226
-0.5935752742640285,1.142206531932559,-0.5858197112353846,0.612775710310261,1.5529857391110689,0.36206941027214823,1.2420774405755364,0.5567243481984884,-0.8260430238946344,-0.2852115724793929,-0.13899803247281048,-1.593034932305078,-0.7150738826235884,-1.1635019296279825,-0.403105743590996,-0.35867624489035876,-1.2586335510551052,-0.5167110326499096,1.0115610777177464,0.5002993116101648,0.30527646040513345,0.5122442736515016,-0.7424708758502816,-1.0030763814401766,-2.1349391994742954,-0.13552709632247995,-0.5423735976260254,0.5570441919893597,1.0230864811853158,0.25215459693361225,0.2637182293839663,0.22958185438228482,-0.019266811596450106,0.2549764305730948,-0.8509674229368555,0.0246325854679023,-1.206240525680768,0.9968285024204774
-0.5935752742640285,1.142206531932559,-0.5858197112353846,0.612775710310261,-0.6439209162167846,0.36206941027214823,0.35268865596589305,-1.262431268450093,-0.02232548713228734,-0.2852115724793929,1.5289783572009146,-1.593034932305078,0.6522102445907456,2.4338209169611993,-0.403105743590996,-0.35867624489035876,0.7945124291035353,1.9353176859251158,-0.9885710532241613,0.5002993116101648,0.30527646040513345,0.5122442736515016,-0.7424708758502816,0.06878824724308273,-0.19509888245848667,-1.0035656764492848,-0.5423735976260254,-0.9999949952580068,1.0230864811853158,-0.7144894637714961,0.5990675978088884,1.1432417882136896,1.1639420887973093,0.9171540263897889,3.236832174839822,-1.1099153216713604,1.3664154678038525,-0.49199690033628696
-0.5935752742640285,1.142206531932559,1.0278894669433536,0.612775710310261,-0.6439209162167846,0.36206941027214823,1.2420774405755364,1.466302156522779,1.5851095863924067,0.8733910799271684,-0.13899803247281048,-1.593034932305078,-0.7150738826235884,0.03560568590174467,1.121685547383641,-0.35867624489035876,0.7945124291035353,-0.5167110326499096,1.0115610777177464,0.5002993116101648,0.30527646040513345,0.5122442736515016,-0.7424708758502816,0.06878824724308273,-0.19509888245848667,-0.13552709632247995,0.5549869371057006,-0.22147540163432355,-1.0836241427939144,-0.7144894637714961,-0.406980507465878,-0.37952476817198505,-0.019266811596450106,-0.4072011652435993,1.1172323834000635,0.0246325854679023,0.08008747106154226,1.4931036366727322
1.6847062931317278,-0.8754984077249564,0.22103487785398448,-1.6319184706157481,-0.6439209162167846,0.36206941027214823,-1.4260889132533936,-0.35285346012580227,-0.02232548713228734,-0.2852115724793929,-0.972986227309673,0.30985805319435167,-0.7150738826235884,-1.1635019296279825,-0.403105743590996,-0.35867624489035876,-1.2586335510551052,-0.5167110326499096,1.0115610777177464,0.5002993116101648,0.30527646040513345,0.5122442736515016,-0.7424708758502816,-1.0030763814401766,1.7447414345573222,1.6005500639311296,-0.5423735976260254,0.5570441919893597,-1.7858610174536578,-0.07006008996809053,-1.4130286127406444,-0.9886313907262549,0.5723376386004296,-1.234923160014467,-0.7904074288957195,0.7809978568940775,-1.206240525680768,-0.9882720345885417
-0.5935752742640285,1.142206531932559,-1.3926743003247537,0.612775710310261,1.5529857391110689,0.36206941027214823,-1.4260889132533936,-0.35285346012580227,-0.02232548713228734,-0.2852115724793929,-0.972986227309673,0.30985805319435167,0.6522102445907456,-1.1635019296279825,-0.403105743590996,-0.35867624489035876,-1.2586335510551052,-0.5167110326499096,1.0115610777177464,0.5002993116101648,0.30527646040513345,-1.9521936143308383,-0.7424708758502816,0.06878824724308273,0.7748212760494178,0.7325114838043248,0.5549869371057006,1.335563785613043,1.0230864811853158,-0.39227477686979334,-1.0776792443157222,-0.68407807944912,0.5723376386004296,-0.9038343621061199,-0.6491007761330689,1.1591804926071652,-1.206240525680768,-0.9882720345885417
-0.5935752742640285,-0.8754984077249564,-0.5858197112353846,0.612775710310261,-0.6439209162167846,0.36206941027214823,1.2420774405755364,-0.35285346012580227,-0.8260430238946344,0.8733910799271684,-0.13899803247281048,-1.593034932305078,-0.7150738826235884,0.03560568590174467,-0.403105743590996,-0.35867624489035876,-1.2586335510551052,-0.5167110326499096,-0.9885710532241613,0.5002993116101648,0.30527646040513345,0.5122442736515016,1.3468541764076536,0.06878824724308273,-1.1650190409663912,-0.13552709632247995,-0.5423735976260254,-0.9999949952580068,-0.381387268134171,-0.7144894637714961,1.9404650715085767,1.7523484107679594,-0.019266811596450106,1.91042042011483,1.1172323834000635,-0.7317326859582729,-1.206240525680768,0.5005533681682226
1.6847062931317278,-0.8754984077249564,0.22103487785398448,-1.6319184706157481,-0.6439209162167846,0.36206941027214823,0.35268865596589305,-1.262431268450093,-1.6297605606569814,-0.2852115724793929,1.5289783572009146,0.30985805319435167,-0.7150738826235884,0.03560568590174467,-0.403105743590996,-0.35867624489035876,0.7945124291035353,-0.5167110326499096,1.0115610777177464,-1.9988034698300843,0.30527646040513345,0.5122442736515016,-0.7424708758502816,0.06878824724308273,1.7447414345573222,0.7325114838043248,0.5549869371057006,0.5570441919893597,-1.7858610174536578,0.8965839707370178,-1.0776792443157222,-0.68407807944912,0.5723376386004296,-0.9038343621061199,-0.8096765179088081,0.7809978568940775,0.08008747106154226,-0.49199690033628696
1.6847062931317278,-0.8754984077249564,1.0278894669433536,0.612775710310261,1.5529857391110689,0.36206941027214823,-1.4260889132533936,-1.262431268450093,-0.02232548713228734,-2.6024168772925154,1.5289783572009146,0.30985805319435167,0.6522102445907456,0.03560568590174467,-0.403105743590996,2.788029634651948,-1.2586335510551052,-0.5167110326499096,-0.9885710532241613,0.5002993116101648,0.30527646040513345,-1.9521936143308383,-0.7424708758502816,-2.0749410101234362,-0.19509888245848667,1.6005500639311296,-0.5423735976260254,1.335563785613043,-0.381387268134171,0.574369283835315,-0.7423298758908001,-0.9886313907262549,-0.6108712617933298,-0.9038343621061199,-0.7668563201019444,1.1591804926071652,0.08008747106154226,-1.4845471688407965
-0.5935752742640285,-0.8754984077249564,-1.3926743003247537,0.612775710310261,1.5529857391110689,-2.7619013692660572,1.2420774405755364,0.5567243481984884,-0.02232548713228734,-0.2852115724793929,-0.972986227309673,0.30985805319435167,-0.7150738826235884,0.03560568590174467,-0.403105743590996,2.788029634651948,0.7945124291035353,1.9353176859251158,1.0115610777177464,0.5002993116101648,0.30527646040513345,0.5122442736515016,1.3468541764076536,1.1406528759263421,-1.1650190409663912,-1.0035656764492848,-0.5423735976260254,-0.9999949952580068,1.0230864811853158,-0.07006008996809053,-0.406980507465878,-0.07497145689485012,0.5723376386004296,-0.24165676628942578,-0.5784474497517436,-1.1099153216713604,2.6527434645461625,0.9968285024204774
-0.5935752742640285,1.142206531932559,-1.3926743003247537,0.612775710310261,-0.6439209162167846,0.36206941027214823,-0.5367001286437503,0.5567243481984884,-0.02232548713228734,-0.2852115724793929,-0.13899803247281048,0.30985805319435167,-0.7150738826235884,1.2347133014314717,-0.403105743590996,2.788029634651948,-1.2586335510551052,1.9353176859251158,-0.9885710532241613,-1.9988034698300843,0.30527646040513345,0.5122442736515016,-0.7424708758502816,1.1406528759263421,-0.19509888245848667,-1.0035656764492848,-0.5423735976260254,-0.22147540163432355,1.0230864811853158,-0.07006008996809053,-0.07163113904095586,-0.37952476817198505,-0.6108712617933298,-0.24165676628942578,-0.3664874706077677,-0.7317326859582729,1.3664154678038525,0.004278233915967804
-0.5935752742640285,-0.8754984077249564,-0.5858197112353846,0.612775710310261,-0.6439209162167846,0.36206941027214823,0.35268865596589305,0.5567243481984884,-0.02232548713228734,-0.2852115724793929,-0.13899803247281048,0.30985805319435167,-0.7150738826235884,1.2347133014314717,-0.403105743590996,-0.35867624489035876,0.7945124291035353,1.9353176859251158,-0.9885710532241613,0.5002993116101648,0.30527646040513345,0.5122442736515016,1.3468541764076536,0.06878824724308273,-0.19509888245848667,-0.13552709632247995,-0.5423735976260254,0.5570441919893597,0.3208496065255724,-0.7144894637714961,-1.4130286127406444,-1.29318470200339,-0.019266811596450106,-1.4004675589686404,2.177032279119943,0.0246325854679023,1.3664154678038525,0.5005533681682226
-0.5935752742640285,-0.8754984077249564,0.22103487785398448,0.612775710310261,1.5529857391110689,0.36206941027214823,-2.3154776978630367,-0.35285346012580227,-1.6297605606569814,-2.6024168772925154,-0.13899803247281048,-1.593034932305078,0.6522102445907456,1.2347133014314717,-0.403105743590996,-0.35867624489035876,-1.2586335510551052,-0.5167110326499096,-0.9885710532241613,0.5002993116101648,0.30527646040513345,0.5122442736515016,-0.7424708758502816,-1.0030763814401766,-0.19509888245848667,-0.13552709632247995,0.5549869371057006,0.5570441919893597,-1.0836241427939144,-0.7144894637714961,0.9344169662338104,0.8386884769365547,-0.019266811596450106,0.9171540263897889,2.177032279119943,0.4028152211809899,-1.206240525680768,-1.4845471688407965
1.6847062931317278,-0.8754984077249564,0.22103487785398448,-1.6319184706157481,-0.6439209162167846,0.36206941027214823,-0.5367001286437503,0.5567243481984884,-0.02232548713228734,-0.2852115724793929,-0.972986227309673,0.30985805319435167,0.6522102445907456,-1.1635019296279825,-0.403105743590996,-0.35867624489035876,0.7945124291035353,-0.5167110326499096,-0.9885710532241613,0.5002993116101648,0.30527646040513345,0.5122442736515016,-0.7424708758502816,1.1406528759263421,1.7447414345573222,1.6005500639311296,-0.5423735976260254,0.5570441919893597,-0.381387268134171,-0.39227477686979334,-0.406980507465878,-0.07497145689485012,0.5723376386004296,-0.24165676628942578,-0.6491007761330689,0.7809978568940775,0.08008747106154226,0.004278233915967804
-0.5935752742640285,-0.8754984077249564,0.22103487785398448,0.612775710310261,-0.6439209162167846,0.36206941027214823,1.2420774405755364,1.466302156522779,0.7813920496300597,2.0319937323337296,-0.13899803247281048,0.30985805319435167,0.6522102445907456,-1.1635019296279825,1.121685547383641,-0.35867624489035876,0.7945124291035353,-0.5167110326499096,-0.9885710532241613,0.5002993116101648,0.30527646040513345,0.5122442736515016,-0.7424708758502816,0.06878824724308273,-1.1650190409663912,0.7325114838043248,0.5549869371057006,0.5570441919893597,-1.0836241427939144,3.1520867790489375,2.275814439933499,2.0569017220450942,-0.019266811596450106,2.241509218023177,-0.9599754122109001,0.7809978568940775,0.08008747106154226,1.4931036366727322
-0.5935752742640285,-0.8754984077249564,0.22103487785398448,0.612775710310261,-0.6439209162167846,0.36206941027214823,-0.5367001286437503,-0.35285346012580227,-1.6297605606569814,-2.6024168772925154,-0.972986227309673,0.30985805319435167,-0.7150738826235884,1.2347133014314717,-0.403105743590996,-0.35867624489035876,0.7945124291035353,1.9353176859251158,1.0115610777177464,0.5002993116101648,0.30527646040513345,0.5122442736515016,-0.7424708758502816,0.06878824724308273,-0.19509888245848667,-0.13552709632247995,-0.5423735976260254,-0.9999949952580068,0.3208496065255724,-0.07006008996809053,-0.7423298758908001,-0.37952476817198505,0.5723376386004296,-0.5727455641977729,-0.3664874706077677,-0.7317326859582729,1.3664154678038525,-0.49199690033628696
-0.5935752742640285,1.142206531932559,-1.3926743003247537,0.612775710310261,1.5529857391110689,0.36206941027214823,1.2420774405755364,1.466302156522779,-0.8260430238946344,0.8733910799271684,-0.972986227309673,-1.593034932305078,-0.7150738826235884,-1.1635019296279825,-0.403105743590996,-0.35867624489035876,0.7945124291035353,1.9353176859251158,1.0115610777177464,0.5002993116101648,0.30527646040513345,0.5122442736515016,-0.7424708758502816,0.06878824724308273,-0.19509888245848667,-0.13552709632247995,-0.5423735976260254,0.5570441919893597,1.0230864811853158,-0.39227477686979334,0.9344169662338104,0.8386884769365547,-0.019266811596450106,0.9171540263897889,-0.6491007761330689,0.0246325854679023,1.3664154678038525,1.4931036366727322
-0.5935752742640285,-0.8754984077249564,1.0278894669433536,0.612775710310261,-0.6439209162167846,0.36206941027214823,1.2420774405755364,1.466302156522779,1.5851095863924067,-0.2852115724793929,-0.972986227309673,0.30985805319435167,-0.7150738826235884,0.03560568590174467,-0.403105743590996,-0.35867624489035876,0.7945124291035353,-0.5167110326499096,-0.9885710532241613,0.5002993116101648,0.30527646040513345,0.5122442736515016,-0.7424708758502816,0.06878824724308273,0.7748212760494178,0.7325114838043248,1.6523474718374265,0.5570441919893597,1.0230864811853158,-0.7144894637714961,0.2637182293839663,-0.07497145689485012,-0.6108712617933298,0.08943203161892128,1.1172323834000635,1.1591804926071652,0.08008747106154226,1.4931036366727322
-0.5935752742640285,-0.8754984077249564,0.22103487785398448,0.612775710310261,-0.6439209162167846,0.36206941027214823,-1.4260889132533936,-1.262431268450093,-1.6297605606569814,-0.2852115724793929,-0.972986227309673,-1.593034932305078,-0.7150738826235884,0.03560568590174467,-0.403105743590996,-0.35867624489035876,0.7945124291035353,-0.5167110326499096,-0.9885710532241613,-1.9988034698300843,0.30527646040513345,0.5122442736515016,-0.7424708758502816,1.1406528759263421,-0.19509888245848667,-0.13552709632247995,-0.5423735976260254,-0.9999949952580068,-0.381387268134171,-0.07006008996809053,-2.0837273495904887,-1.9022913245576598,-0.019266811596450106,-2.0626451547853346,-0.5784474497517436,-0.7317326859582729,0.08008747106154226,-1.4845471688407965
-0.5935752742640285,1.142206531932559,-1.3926743003247537,0.612775710310261,-0.6439209162167846,0.36206941027214823,1.2420774405755364,-0.35285346012580227,1.5851095863924067,-0.2852115724793929,-0.13899803247281048,0.30985805319435167,-0.7150738826235884,0.03560568590174467,-0.403105743590996,-0.35867624489035876,0.7945124291035353,-0.5167110326499096,-0.9885710532241613,0.5002993116101648,0.30527646040513345,-1.9521936143308383,-0.7424708758502816,0.06878824724308273,-0.19509888245848667,-0.13552709632247995,0.5549869371057006,-0.22147540163432355,1.0230864811853158,-0.07006008996809053,-0.07163113904095586,0.22958185438228482,0.5723376386004296,0.08943203161892128,-0.5784474497517436,0.0246325854679023,0.08008747106154226,0.5005533681682226
-0.5935752742640285,-0.8754984077249564,-0.5858197112353846,0.612775710310261,-0.6439209162167846,0.36206941027214823,0.35268865596589305,0.5567243481984884,-0.02232548713228734,-0.2852115724793929,-0.13899803247281048,-1.593034932305078,-0.7150738826235884,0.03560568590174467,-0.403105743590996,-0.35867624489035876,0.7945124291035353,1.9353176859251158,-0.9885710532241613,0.5002993116101648,0.30527646040513345,-1.9521936143308383,-0.7424708758502816,0.06878824724308273,-0.19509888245848667,-1.0035656764492848,-0.5423735976260254,-0.22147540163432355,1.0230864811853158,-0.07006008996809053,-1.7483779811655664,-0.37952476817198505,2.3471509891910687,-1.0693787610602934,-0.5784474497517436,-0.7317326859582729,1.3664154678038525,0.5005533681682226
-0.5935752742640285,1.142206531932559,-0.5858197112353846,0.612775710310261,-0.6439209162167846,0.36206941027214823,1.2420774405755364,1.466302156522779,1.5851095863924067,2.0319937323337296,-0.13899803247281048,0.30985805319435167,-0.7150738826235884,0.03560568590174467,-0.403105743590996,-0.35867624489035876,0.7945124291035353,1.9353176859251158,1.0115610777177464,0.5002993116101648,0.30527646040513345,0.5122442736515016,1.3468541764076536,0.06878824724308273,0.7748212760494178,1.6005500639311296,3.847068541300878,2.1140833792367264,1.0230864811853158,-0.07006008996809053,0.2637182293839663,-0.07497145689485012,-0.6108712617933298,0.08943203161892128,-0.5784474497517436,3.0500936711726037,1.3664154678038525,1.4931036366727322
-0.5935752742640285,-0.8754984077249564,-0.5858197112353846,0.612775710310261,-0.6439209162167846,0.36206941027214823,0.35268865596589305,0.5567243481984884,-0.02232548713228734,0.8733910799271684,-0.13899803247281048,0.30985805319435167,-0.7150738826235884,0.03560568590174467,-0.403105743590996,2.788029634651948,0.7945124291035353,1.9353176859251158,1.0115610777177464,0.5002993116101648,0.30527646040513345,0.5122442736515016,-0.7424708758502816,0.06878824724308273,-0.19509888245848667,-0.13552709632247995,0.5549869371057006,1.335563785613043,1.0230864811853158,7.9853070825744785,-0.07163113904095586,0.22958185438228482,0.5723376386004296,0.08943203161892128,-0.9638292300135178,0.7809978568940775,2.6527434645461625,0.5005533681682226
1.6847062931317278,-0.8754984077249564,1.0278894669433536,-1.6319184706157481,1.5529857391110689,0.36206941027214823,1.2420774405755364,1.466302156522779,-0.02232548713228734,-0.2852115724793929,1.5289783572009146,0.30985805319435167,0.6522102445907456,1.2347133014314717,-0.403105743590996,-0.35867624489035876,-1.2586335510551052,-0.5167110326499096,-0.9885710532241613,0.5002993116101648,0.30527646040513345,0.5122442736515016,-0.7424708758502816,1.1406528759263421,0.7748212760494178,0.7325114838043248,-0.5423735976260254,-0.9999949952580068,-1.7858610174536578,-0.7144894637714961,1.2697663346587327,1.7523484107679594,1.1639420887973093,1.579331622206483,2.177032279119943,-0.3535500502451853,-1.206240525680768,1.4931036366727322
1.6847062931317278,1.142206531932559,0.22103487785398448,-1.6319184706157481,-0.6439209162167846,0.36206941027214823,-0.5367001286437503,-0.35285346012580227,-0.02232548713228734,-0.2852115724793929,-0.972986227309673,0.30985805319435167,0.6522102445907456,-1.1635019296279825,-0.403105743590996,-0.35867624489035876,-1.2586335510551052,-0.5167110326499096,1.0115610777177464,0.5002993116101648,-3.2757193223247443,-1.9521936143308383,1.3468541764076536,1.1406528759263421,1.7447414345573222,1.6005500639311296,1.6523474718374265,2.1140833792367264,1.0230864811853158,-0.7144894637714961,-1.0776792443157222,0.5341351656594198,2.9387554393879487,-0.24165676628942578,0.05743248768018408,2.2937283997464277,-1.206240525680768,-0.49199690033628696
-0.5935752742640285,1.142206531932559,-0.5858197112353846,0.612775710310261,-0.6439209162167846,0.36206941027214823,1.2420774405755364,1.466302156522779,-0.8260430238946344,-0.2852115724793929,-0.972986227309673,0.30985805319435167,-0.7150738826235884,-1.1635019296279825,-0.403105743590996,-0.35867624489035876,0.7945124291035353,-0.5167110326499096,1.0115610777177464,0.5002993116101648,0.30527646040513345,0.5122442736515016,-0.7424708758502816,-1.0030763814401766,0.7748212760494178,0.7325114838043248,-0.5423735976260254,1.335563785613043,1.0230864811853158,-0.07006008996809053,0.2637182293839663,0.5341351656594198,0.5723376386004296,0.4205208295272683,-0.7904074288957195,0.7809978568940775,0.08008747106154226,1.4931036366727322
1.6847062931317278,-0.8754984077249564,0.22103487785398448,-1.6319184706157481,1.5529857391110689,-2.7619013692660572,0.35268865596589305,-1.262431268450093,-0.02232548713228734,-2.6024168772925154,-0.972986227309673,2.2127510386937814,0.6522102445907456,1.2347133014314717,-0.403105743590996,-0.35867624489035876,0.7945124291035353,1.9353176859251158,-0.9885710532241613,0.5002993116101648,-3.2757193223247443,-1.9521936143308383,-0.7424708758502816,0.06878824724308273,-1.1650190409663912,-0.13552709632247995,0.5549869371057006,-0.22147540163432355,-0.381387268134171,0.09104725348276087,-1.0776792443157222,-1.29318470200339,-0.6108712617933298,-1.234923160014467,-0.4724674601797556,0.0246325854679023,1.3664154678038525,-0.49199690033628696
-0.5935752742640285,1.142206531932559,1.0278894669433536,0.612775710310261,-0.6439209162167846,0.36206941027214823,1.2420774405755364,1.466302156522779,1.5851095863924067,0.8733910799271684,-0.13899803247281048,0.30985805319435167,0.6522102445907456,-1.1635019296279825,-0.403105743590996,-0.35867624489035876,-1.2586335510551052,-0.5167110326499096,1.0115610777177464,0.5002993116101648,0.30527646040513345,0.5122442736515016,-0.7424708758502816,-1.0030763814401766,-1.1650190409663912,0.7325114838043248,-0.5423735976260254,1.335563785613043,-0.381387268134171,0.25215459693361225,-0.07163113904095586,0.22958185438228482,0.5723376386004296,0.08943203161892128,-0.8509674229368555,0.7809978568940775,-1.206240525680768,1.4931036366727322
1.6847062931317278,-0.8754984077249564,-0.5858197112353846,-1.6319184706157481,1.5529857391110689,0.36206941027214823,-1.4260889132533936,-0.35285346012580227,-1.6297605606569814,-0.2852115724793929,-0.972986227309673,0.30985805319435167,-0.7150738826235884,0.03560568590174467,-0.403105743590996,-0.35867624489035876,-1.2586335510551052,-0.5167110326499096,1.0115610777177464,0.5002993116101648,-3.2757193223247443,0.5122442736515016,-0.7424708758502816,0.06878824724308273,0.7748212760494178,1.6005500639311296,-0.5423735976260254,0.5570441919893597,-0.381387268134171,-0.7144894637714961,-1.0776792443157222,-0.68407807944912,0.5723376386004296,-0.9038343621061199,1.1172323834000635,0.7809978568940775,-1.206240525680768,-0.9882720345885417
-0.5935752742640285,-0.8754984077249564,0.22103487785398448,0.612775710310261,-0.6439209162167846,0.36206941027214823,0.35268865596589305,-1.262431268450093,0.7813920496300597,0.8733910799271684,-0.972986227309673,-1.593034932305078,-0.7150738826235884,1.2347133014314717,-0.403105743590996,-0.35867624489035876,0.7945124291035353,-0.5167110326499096,-0.9885710532241613,-1.9988034698300843,0.30527646040513345,0.5122442736515016,-0.7424708758502816,-1.0030763814401766,0.7748212760494178,-0.13552709632247995,0.5549869371057006,0.5570441919893597,1.0230864811853158,-0.7144894637714961,1.9404650715085767,2.0569017220450942,0.5723376386004296,2.0759648190690037,2.177032279119943,0.4028152211809899,0.08008747106154226,-0.49199690033628696
1.6847062931317278,1.142206531932559,0.22103487785398448,0.612775710310261,-0.6439209162167846,0.36206941027214823,-1.4260889132533936,-0.35285346012580227,-0.02232548713228734,-0.2852115724793929,-0.972986227309673,-1.593034932305078,-0.7150738826235884,-1.1635019296279825,1.121685547383641,-0.35867624489035876,0.7945124291035353,-0.5167110326499096,1.0115610777177464,0.5002993116101648,-3.2757193223247443,0.5122442736515016,1.3468541764076536,1.1406528759263421,-0.19509888245848667,1.6005500639311296,3.847068541300878,2.1140833792367264,-1.7858610174536578,1.2187986576387206,-1.7483779811655664,-1.29318470200339,0.5723376386004296,-1.566011957922814,-0.9208443391381662,3.0500936711726037,0.08008747106154226,-0.9882720345885417
-0.5935752742640285,-0.8754984077249564,0.22103487785398448,0.612775710310261,-0.6439209162167846,0.36206941027214823,0.35268865596589305,-0.35285346012580227,-0.02232548713228734,-0.2852115724793929,-0.972986227309673,-1.593034932305078,-0.7150738826235884,0.03560568590174467,-0.403105743590996,-0.35867624489035876,-1.2586335510551052,-0.5167110326499096,1.0115610777177464,0.5002993116101648,0.30527646040513345,-1.9521936143308383,-0.7424708758502816,1.1406528759263421,0.7748212760494178,-1.0035656764492848,-0.5423735976260254,-0.9999949952580068,-0.381387268134171,-0.07006008996809053,0.9344169662338104,0.8386884769365547,-0.019266811596450106,0.9171540263897889,-0.5784474497517436,-1.1099153216713604,-1.206240525680768,0.004278233915967804
1.6847062931317278,-0.8754984077249564,-0.5858197112353846,0.612775710310261,-0.6439209162167846,0.36206941027214823,-1.4260889132533936,-0.35285346012580227,-0.02232548713228734,0.8733910799271684,-0.972986227309673,0.30985805319435167,-0.7150738826235884,1.2347133014314717,1.121685547383641,-0.35867624489035876,0.7945124291035353,-0.5167110326499096,-0.9885710532241613,0.5002993116101648,0.30527646040513345,-1.9521936143308383,-0.7424708758502816,-3.1468056388066956,-0.19509888245848667,-1.0035656764492848,-0.5423735976260254,-0.22147540163432355,0.3208496065255724,-0.7144894637714961,-0.406980507465878,-0.9886313907262549,-1.2024757119902096,-0.7382899631519464,2.177032279119943,-0.7317326859582729,0.08008747106154226,-0.9882720345885417
-0.5935752742640285,1.142206531932559,-1.3926743003247537,0.612775710310261,-0.6439209162167846,0.36206941027214823,1.2420774405755364,1.466302156522779,1.5851095863924067,-1.443814224885954,1.5289783572009146,0.30985805319435167,-0.7150738826235884,0.03560568590174467,-0.403105743590996,-0.35867624489035876,0.7945124291035353,-0.5167110326499096,1.0115610777177464,0.5002993116101648,0.30527646040513345,-1.9521936143308383,-0.7424708758502816,-1.0030763814401766,-1.1650190409663912,-1.0035656764492848,-0.5423735976260254,-0.9999949952580068,1.0230864811853158,-0.07006008996809053,0.9344169662338104,1.1432417882136896,0.5723376386004296,1.0826984253439624,-0.5784474497517436,-1.1099153216713604,0.08008747106154226,1.4931036366727322
-0.5935752742640285,-0.8754984077249564,-0.5858197112353846,0.612775710310261,-0.6439209162167846,0.36206941027214823,-1.4260889132533936,0.5567243481984884,-1.6297605606569814,0.8733910799271684,-0.13899803247281048,0.30985805319435167,-0.7150738826235884,0.03560568590174467,4.171268129332915,-0.35867624489035876,-1.2586335510551052,-0.5167110326499096,1.0115610777177464,-1.9988034698300843,0.30527646040513345,0.5122442736515016,1.3468541764076536,0.06878824724308273,-0.19509888245848667,1.6005500639311296,-0.5423735976260254,-0.9999949952580068,-0.381387268134171,-0.7144894637714961,-1.0776792443157222,-1.29318470200339,-0.6108712617933298,-1.234923160014467,1.1172323834000635,0.0246325854679023,-1.206240525680768,-0.49199690033628696
-0.5935752742640285,1.142206531932559,-0.5858197112353846,0.612775710310261,1.5529857391110689,0.36206941027214823,-0.5367001286437503,-0.35285346012580227,0.7813920496300597,0.8733910799271684,1.5289783572009146,-1.593034932305078,0.6522102445907456,-1.1635019296279825,-0.403105743590996,-0.35867624489035876,0.7945124291035353,-0.5167110326499096,1.0115610777177464,0.5002993116101648,0.30527646040513345,0.5122442736515016,-0.7424708758502816,-2.0749410101234362,-0.19509888245848667,-0.13552709632247995,0.5549869371057006,-0.22147540163432355,-1.0836241427939144,-0.07006008996809053,0.2637182293839663,-0.07497145689485012,-0.6108712617933298,0.08943203161892128,-0.7904074288957195,0.0246325854679023,0.08008747106154226,-0.49199690033628696
-0.5935752742640285,1.142206531932559,-0.5858197112353846,0.612775710310261,-0.6439209162167846,0.36206941027214823,0.35268865596589305,-0.35285346012580227,-1.6297605606569814,-0.2852115724793929,1.5289783572009146,0.30985805319435167,0.6522102445907456,1.2347133014314717,-0.403105743590996,-0.35867624489035876,-1.2586335510551052,-0.5167110326499096,1.0115610777177464,0.5002993116101648,0.30527646040513345,0.5122442736515016,1.3468541764076536,1.1406528759263421,-0.19509888245848667,-0.13552709632247995,-0.5423735976260254,0.5570441919893597,-1.0836241427939144,-0.7144894637714961,0.2637182293839663,0.22958185438228482,-0.019266811596450106,0.2549764305730948,2.177032279119943,0.0246325854679023,-1.206240525680768,0.004278233915967804
-0.5935752742640285,-0.8754984077249564,-0.5858197112353846,0.612775710310261,1.5529857391110689,0.36206941027214823,1.2420774405755364,1.466302156522779,1.5851095863924067,2.0319937323337296,1.5289783572009146,0.30985805319435167,-0.7150738826235884,0.03560568590174467,-0.403105743590996,-0.35867624489035876,0.7945124291035353,1.9353176859251158,-0.9885710532241613,0.5002993116101648,0.30527646040513345,0.5122442736515016,-0.7424708758502816,0.06878824724308273,1.7447414345573222,-1.0035656764492848,-0.5423735976260254,-0.22147540163432355,-0.381387268134171,-0.7144894637714961,-0.7423298758908001,-0.68407807944912,-0.019266811596450106,-0.7382899631519464,1.1172323834000635,-0.7317326859582729,1.3664154678038525,1.4931036366727322
1.6847062931317278,1.142206531932559,-0.5858197112353846,0.612775710310261,1.5529857391110689,0.36206941027214823,1.2420774405755364,1.466302156522779,1.5851095863924067,-1.443814224885954,0.6949901623640521,-1.593034932305078,-0.7150738826235884,-1.1635019296279825,-0.403105743590996,-0.35867624489035876,0.7945124291035353,-0.5167110326499096,-0.9885710532241613,0.5002993116101648,0.30527646040513345,0.5122442736515016,-0.7424708758502816,0.06878824724308273,-2.1349391994742954,-1.0035656764492848,0.5549869371057006,2.1140833792367264,1.0230864811853158,-0.7144894637714961,-0.07163113904095586,0.22958185438228482,0.5723376386004296,0.08943203161892128,0.05743248768018408,0.7809978568940775,0.08008747106154226,1.4931036366727322
-0.5935752742640285,1.142206531932559,1.0278894669433536,0.612775710310261,1.5529857391110689,0.36206941027214823,-0.5367001286437503,-0.35285346012580227,-0.02232548713228734,-0.2852115724793929,-0.972986227309673,0.30985805319435167,-0.7150738826235884,2.4338209169611993,-0.403105743590996,-0.35867624489035876,0.7945124291035353,-0.5167110326499096,1.0115610777177464,0.5002993116101648,0.30527646040513345,0.5122442736515016,-0.7424708758502816,0.06878824724308273,1.7447414345573222,1.6005500639311296,0.5549869371057006,1.335563785613043,1.0230864811853158,-0.39227477686979334,-0.7423298758908001,-0.9886313907262549,-0.6108712617933298,-0.9038343621061199,0.41069911958681043,1.5373631283202527,0.08008747106154226,-0.49199690033628696
-0.5935752742640285,-0.8754984077249564,-1.3926743003247537,0.612775710310261,-0.6439209162167846,-2.7619013692660572,1.2420774405755364,0.5567243481984884,0.7813920496300597,0.8733910799271684,1.5289783572009146,0.30985805319435167,-0.7150738826235884,0.03560568590174467,-0.403105743590996,-0.35867624489035876,0.7945124291035353,1.9353176859251158,1.0115610777177464,0.5002993116101648,0.30527646040513345,0.5122442736515016,-0.7424708758502816,0.06878824724308273,-0.19509888245848667,-1.0035656764492848,-0.5423735976260254,-0.9999949952580068,-1.7858610174536578,-0.7144894637714961,0.9344169662338104,1.1432417882136896,0.5723376386004296,1.0826984253439624,1.1172323834000635,-1.1099153216713604,1.3664154678038525,0.9968285024204774
-0.5935752742640285,1.142206531932559,1.0278894669433536,-1.6319184706157481,-0.6439209162167846,0.36206941027214823,-0.5367001286437503,-0.35285346012580227,0.7813920496300597,-0.2852115724793929,1.5289783572009146,0.30985805319435167,-0.7150738826235884,-1.1635019296279825,2.6464768383582777,-0.35867624489035876,0.7945124291035353,-0.5167110326499096,1.0115610777177464,0.5002993116101648,0.30527646040513345,0.5122442736515016,-0.7424708758502816,-1.0030763814401766,-0.19509888245848667,-0.13552709632247995,-0.5423735976260254,-0.22147540163432355,0.3208496065255724,-0.7144894637714961,-1.4130286127406444,-2.206844635834795,-1.7940801621870894,-1.897100755831161,0.05743248768018408,-0.3535500502451853,0.08008747106154226,-0.49199690033628696
1.6847062931317278,-0.8754984077249564,-0.5858197112353846,0.612775710310261,-0.6439209162167846,0.36206941027214823,0.35268865596589305,-0.35285346012580227,0.7813920496300597,-2.6024168772925154,-0.972986227309673,0.30985805319435167,-0.7150738826235884,-1.1635019296279825,-0.403105743590996,-0.35867624489035876,-1.2586335510551052,-0.5167110326499096,-0.9885710532241613,0.5002993116101648,0.30527646040513345,0.5122442736515016,-0.7424708758502816,-1.0030763814401766,-2.1349391994742954,-0.13552709632247995,-0.5423735976260254,1.335563785613043,-0.381387268134171,-0.39227477686979334,-1.4130286127406444,-1.5977380132805248,-0.6108712617933298,-1.566011957922814,-0.6491007761330689,0.4028152211809899,-1.206240525680768,0.004278233915967804
-0.5935752742640285,-0.8754984077249564,-1.3926743003247537,0.612775710310261,-0.6439209162167846,0.36206941027214823,1.2420774405755364,1.466302156522779,1.5851095863924067,0.8733910799271684,-0.972986227309673,0.30985805319435167,-0.7150738826235884,1.2347133014314717,-0.403105743590996,-0.35867624489035876,0.7945124291035353,1.9353176859251158,1.0115610777177464,0.5002993116101648,0.30527646040513345,0.5122442736515016,-0.7424708758502816,0.06878824724308273,-1.1650190409663912,-1.0035656764492848,-0.5423735976260254,-0.9999949952580068,1.0230864811853158,-0.39227477686979334,-0.7423298758908001,-0.07497145689485012,1.1639420887973093,-0.4072011652435993,0.05743248768018408,-1.1099153216713604,1.3664154678038525,1.4931036366727322
-0.5935752742640285,-0.8754984077249564,1.0278894669433536,0.612775710310261,-0.6439209162167846,0.36206941027214823,-0.5367001286437503,0.5567243481984884,-1.6297605606569814,-0.2852115724793929,-0.972986227309673,0.30985805319435167,-0.7150738826235884,1.2347133014314717,-0.403105743590996,-0.35867624489035876,0.7945124291035353,-0.5167110326499096,-0.9885710532241613,0.5002993116101648,0.30527646040513345,0.5122442736515016,-0.7424708758502816,0.06878824724308273,-0.19509888245848667,-0.13552709632247995,-0.5423735976260254,-0.22147540163432355,-0.381387268134171,-0.7144894637714961,-0.07163113904095586,0.22958185438228482,0.5723376386004296,0.08943203161892128,2.177032279119943,-0.3535500502451853,0.08008747106154226,0.004278233915967804
-0.5935752742640285,-0.8754984077249564,0.22103487785398448,0.612775710310261,-0.6439209162167846,0.36206941027214823,-1.4260889132533936,-1.262431268450093,-1.6297605606569814,-0.2852115724793929,1.5289783572009146,0.30985805319435167,-0.7150738826235884,1.2347133014314717,1.121685547383641,-0.35867624489035876,0.7945124291035353,-0.5167110326499096,1.0115610777177464,0.5002993116101648,0.30527646040513345,-1.9521936143308383,1.3468541764076536,0.06878824724308273,-0.19509888245848667,0.7325114838043248,-0.5423735976260254,-0.9999949952580068,1.0230864811853158,-0.7144894637714961,-1.7483779811655664,-1.9022913245576598,-0.6108712617933298,-1.897100755831161,2.177032279119943,-0.3535500502451853,0.08008747106154226,-1.4845471688407965
-0.5935752742640285,-0.8754984077249564,0.22103487785398448,-1.6319184706157481,-0.6439209162167846,0.36206941027214823,-0.5367001286437503,-0.35285346012580227,-0.02232548713228734,-0.2852115724793929,1.5289783572009146,0.30985805319435167,-0.7150738826235884,-1.1635019296279825,-0.403105743590996,-0.35867624489035876,0.7945124291035353,-0.5167110326499096,-0.9885710532241613,0.5002993116101648,0.30527646040513345,0.5122442736515016,-0.7424708758502816,1.1406528759263421,-0.19509888245848667,-1.0035656764492848,-0.5423735976260254,-0.22147540163432355,-0.381387268134171,2.185442718343829,-1.4130286127406444,-1.5977380132805248,-0.6108712617933298,-1.566011957922814,-0.9465884661597017,-0.7317326859582729,0.08008747106154226,-0.49199690033628696
1.6847062931317278,-0.8754984077249564,1.0278894669433536,-1.6319184706157481,-0.6439209162167846,0.36206941027214823,-1.4260889132533936,-1.262431268450093,-1.6297605606569814,-0.2852115724793929,0.6949901623640521,0.30985805319435167,-0.7150738826235884,0.03560568590174467,1.121685547383641,-0.35867624489035876,0.7945124291035353,-0.5167110326499096,-0.9885710532241613,0.5002993116101648,0.30527646040513345,0.5122442736515016,1.3468541764076536,0.06878824724308273,-0.19509888245848667,-1.0035656764492848,-0.5423735976260254,-0.9999949952580068,1.0230864811853158,0.7354766272861665,-1.4130286127406444,-1.29318470200339,-0.019266811596450106,-1.4004675589686404,-0.7904074288957195,-1.1099153216713604,0.08008747106154226,-1.4845471688407965
-0.5935752742640285,1.142206531932559,1.0278894669433536,-1.6319184706157481,1.5529857391110689,0.36206941027214823,0.35268865596589305,0.5567243481984884,-0.02232548713228734,0.8733910799271684,-0.972986227309673,0.30985805319435167,-0.7150738826235884,0.03560568590174467,1.121685547383641,-0.35867624489035876,0.7945124291035353,-0.5167110326499096,-0.9885710532241613,0.5002993116101648,0.30527646040513345,0.5122442736515016,1.3468541764076536,0.06878824724308273,-0.19509888245848667,-0.13552709632247995,-0.5423735976260254,0.5570441919893597,1.0230864811853158,0.574369283835315,-2.7544260864403327,-1.9022913245576598,1.1639420887973093,-2.393733952693682,-0.7668563201019444,0.0246325854679023,0.08008747106154226,0.5005533681682226
-0.5935752742640285,1.142206531932559,0.22103487785398448,0.612775710310261,1.5529857391110689,0.36206941027214823,1.2420774405755364,1.466302156522779,1.5851095863924067,-0.2852115724793929,1.5289783572009146,0.30985805319435167,-0.7150738826235884,0.03560568590174467,-0.403105743590996,-0.35867624489035876,0.7945124291035353,1.9353176859251158,1.0115610777177464,0.5002993116101648,0.30527646040513345,0.5122442736515016,-0.7424708758502816,0.06878824724308273,0.7748212760494178,0.7325114838043248,-0.5423735976260254,0.5570441919893597,1.0230864811853158,-0.7144894637714961,0.5990675978088884,-0.07497145689485012,-1.2024757119902096,0.2549764305730948,1.1172323834000635,0.4028152211809899,1.3664154678038525,1.4931036366727322
1.6847062931317278,-0.8754984077249564,1.0278894669433536,-1.6319184706157481,-0.6439209162167846,0.36206941027214823,-0.5367001286437503,-0.35285346012580227,-0.02232548713228734,-0.2852115724793929,0.6949901623640521,0.30985805319435167,0.6522102445907456,-1.1635019296279825,1.121685547383641,-0.35867624489035876,-1.2586335510551052,-0.5167110326499096,-0.9885710532241613,0.5002993116101648,-3.2757193223247443,0.5122442736515016,1.3468541764076536,1.1406528759263421,1.7447414345573222,1.6005500639311296,-0.5423735976260254,-0.9999949952580068,-0.381387268134171,-0.7144894637714961,-1.0776792443157222,-1.5977380132805248,-1.2024757119902096,-1.4004675589686404,0.05743248768018408,0.0246325854679023,-1.206240525680768,-0.49199690033628696
-0.5935752742640285,-0.8754984077249564,-1.3926743003247537,0.612775710310261,-0.6439209162167846,0.36206941027214823,1.2420774405755364,-0.35285346012580227,-0.8260430238946344,0.8733910799271684,-0.13899803247281048,0.30985805319435167,-0.7150738826235884,1.2347133014314717,-0.403105743590996,-0.35867624489035876,0.7945124291035353,-0.5167110326499096,1.0115610777177464,0.5002993116101648,0.30527646040513345,0.5122442736515016,1.3468541764076536,-1.0030763814401766,-1.1650190409663912,-1.0035656764492848,-0.5423735976260254,-0.9999949952580068,1.0230864811853158,-0.7144894637714961,0.9344169662338104,0.8386884769365547,-0.019266811596450106,0.9171540263897889,2.177032279119943,-1.1099153216713604,0.08008747106154226,0.5005533681682226
-0.5935752742640285,1.142206531932559,-0.5858197112353846,0.612775710310261,-0.6439209162167846,0.36206941027214823,1.2420774405755364,1.466302156522779,0.7813920496300597,0.8733910799271684,-0.972986227309673,0.30985805319435167,-0.7150738826235884,1.2347133014314717,-0.403105743590996,-0.35867624489035876,0.7945124291035353,-0.5167110326499096,1.0115610777177464,0.5002993116101648,0.30527646040513345,0.5122442736515016,-0.7424708758502816,1.1406528759263421,-0.19509888245848667,-0.13552709632247995,-0.5423735976260254,0.5570441919893597,1.0230864811853158,-0.7144894637714961,1.2697663346587327,0.5341351656594198,-1.2024757119902096,0.9171540263897889,2.177032279119943,0.0246325854679023,0.08008747106154226,1.4931036366727322
-0.5935752742640285,1.142206531932559,-1.3926743003247537,0.612775710310261,-0.6439209162167846,0.36206941027214823,1.2420774405755364,1.466302156522779,0.7813920496300597,-0.2852115724793929,-0.972986227309673,0.30985805319435167,-0.7150738826235884,-1.1635019296279825,-0.403105743590996,-0.35867624489035876,0.7945124291035353,1.9353176859251158,1.0115610777177464,-1.9988034698300843,0.30527646040513345,0.5122442736515016,-0.7424708758502816,1.1406528759263421,-0.19509888245848667,-0.13552709632247995,-0.5423735976260254,-0.9999949952580068,1.0230864811853158,-0.39227477686979334,0.2637182293839663,0.5341351656594198,0.5723376386004296,0.4205208295272683,-0.6491007761330689,-0.7317326859582729,1.3664154678038525,1.4931036366727322
-0.5935752742640285,1.142206531932559,0.22103487785398448,-1.6319184706157481,-0.6439209162167846,0.36206941027214823,-0.5367001286437503,-0.35285346012580227,-0.02232548713228734,0.8733910799271684,0.6949901623640521,0.30985805319435167,0.6522102445907456,-1.1635019296279825,-0.403105743590996,-0.35867624489035876,-1.2586335510551052,-0.5167110326499096,-0.9885710532241613,-1.9988034698300843,-3.2757193223247443,-1.9521936143308383,-0.7424708758502816,1.1406528759263421,-1.1650190409663912,-1.0035656764492848,-0.5423735976260254,-0.9999949952580068,0.3208496065255724,-0.7144894637714961,-0.7423298758908001,-0.37952476817198505,0.5723376386004296,-0.5727455641977729,0.05743248768018408,-1.1099153216713604,-1.206240525680768,-0.49199690033628696
-0.5935752742640285,-0.8754984077249564,-1.3926743003247537,-1.6319184706157481,1.5529857391110689,0.36206941027214823,-0.5367001286437503,-0.35285346012580227,-0.8260430238946344,0.8733910799271684,1.5289783572009146,0.30985805319435167,0.6522102445907456,0.03560568590174467,-0.403105743590996,2.788029634651948,0.7945124291035353,-0.5167110326499096,-0.9885710532241613,0.5002993116101648,0.30527646040513345,0.5122442736515016,-0.7424708758502816,0.06878824724308273,-2.1349391994742954,-0.13552709632247995,-0.5423735976260254,0.5570441919893597,0.3208496065255724,-0.7144894637714961,-0.07163113904095586,-0.37952476817198505,-0.6108712617933298,-0.24165676628942578,1.1172323834000635,0.0246325854679023,1.3664154678038525,-0.49199690033628696
1.6847062931317278,-0.8754984077249564,-0.5858197112353846,0.612775710310261,1.5529857391110689,0.36206941027214823,-0.5367001286437503,-1.262431268450093,-0.02232548713228734,0.8733910799271684,0.6949901623640521,0.30985805319435167,-0.7150738826235884,0.03560568590174467,-0.403105743590996,-0.35867624489035876,-1.2586335510551052,-0.5167110326499096,-0.9885710532241613,0.5002993116101648,0.30527646040513345,0.5122442736515016,1.3468541764076536,-1.0030763814401766,-1.1650190409663912,-1.0035656764492848,-0.5423735976260254,-0.9999949952580068,-0.381387268134171,-0.7144894637714961,0.9344169662338104,1.1432417882136896,0.5723376386004296,1.0826984253439624,1.1172323834000635,-1.1099153216713604,-1.206240525680768,-0.9882720345885417
-0.5935752742640285,1.142206531932559,0.22103487785398448,-1.6319184706157481,-0.6439209162167846,0.36206941027214823,-1.4260889132533936,0.5567243481984884,-0.02232548713228734,-0.2852115724793929,-0.972986227309673,-1.593034932305078,2.0194943718050795,0.03560568590174467,1.121685547383641,-0.35867624489035876,0.7945124291035353,-0.5167110326499096,1.0115610777177464,0.5002993116101648,0.30527646040513345,0.5122442736515016,-0.7424708758502816,1.1406528759263421,-1.1650190409663912,0.7325114838043248,-0.5423735976260254,1.335563785613043,1.0230864811853158,2.507657405245532,-0.7423298758908001,-1.29318470200339,-1.2024757119902096,-1.0693787610602934,-0.9014340846378021,0.7809978568940775,0.08008747106154226,-0.49199690033628696
-0.5935752742640285,-0.8754984077249564,-0.5858197112353846,0.612775710310261,-0.6439209162167846,-2.7619013692660572,0.35268865596589305,-1.262431268450093,0.7813920496300597,-0.2852115724793929,-0.972986227309673,0.30985805319435167,-0.7150738826235884,0.03560568590174467,4.171268129332915,-0.35867624489035876,0.7945124291035353,1.9353176859251158,-0.9885710532241613,0.5002993116101648,0.30527646040513345,0.5122442736515016,-0.7424708758502816,-2.0749410101234362,-0.19509888245848667,-0.13552709632247995,0.5549869371057006,-0.22147540163432355,0.3208496065255724,0.09104725348276087,-1.4130286127406444,-1.29318470200339,-0.019266811596450106,-1.4004675589686404,-0.6491007761330689,0.0246325854679023,1.3664154678038525,-0.49199690033628696
-0.5935752742640285,-0.8754984077249564,-1.3926743003247537,-1.6319184706157481,1.5529857391110689,0.36206941027214823,0.35268865596589305,-1.262431268450093,-0.02232548713228734,-0.2852115724793929,1.5289783572009146,-1.593034932305078,0.6522102445907456,2.4338209169611993,-0.403105743590996,-0.35867624489035876,0.7945124291035353,-0.5167110326499096,-0.9885710532241613,-1.9988034698300843,0.30527646040513345,0.5122442736515016,-0.7424708758502816,0.06878824724308273,0.7748212760494178,-1.0035656764492848,0.5549869371057006,0.5570441919893597,-0.381387268134171,0.25215459693361225,1.2697663346587327,1.1432417882136896,-0.019266811596450106,1.248242824298136,-0.3967674676283357,0.0246325854679023,0.08008747106154226,-0.49199690033628696
-0.5935752742640285,-0.8754984077249564,-0.5858197112353846,0.612775710310261,-0.6439209162167846,0.36206941027214823,-0.5367001286437503,0.5567243481984884,0.7813920496300597,0.8733910799271684,-0.972986227309673,0.30985805319435167,-0.7150738826235884,0.03560568590174467,-0.403105743590996,-0.35867624489035876,-1.2586335510551052,-0.5167110326499096,-0.9885710532241613,0.5002993116101648,0.30527646040513345,0.5122442736515016,-0.7424708758502816,0.06878824724308273,-0.19509888245848667,-0.13552709632247995,-0.5423735976260254,-0.9999949952580068,-1.0836241427939144,0.25215459693361225,0.2637182293839663,0.22958185438228482,-0.019266811596450106,0.2549764305730948,-0.6995674378340155,-0.7317326859582729,-1.206240525680768,0.004278233915967804
1.6847062931317278,1.142206531932559,0.22103487785398448,0.612775710310261,1.5529857391110689,0.36206941027214823,1.2420774405755364,1.466302156522779,-0.02232548713228734,0.8733910799271684,-0.13899803247281048,0.30985805319435167,-0.7150738826235884,1.2347133014314717,-0.403105743590996,-0.35867624489035876,0.7945124291035353,-0.5167110326499096,-0.9885710532241613,0.5002993116101648,0.30527646040513345,0.5122442736515016,-0.7424708758502816,0.06878824724308273,0.7748212760494178,-0.13552709632247995,-0.5423735976260254,-0.22147540163432355,1.0230864811853158,-0.7144894637714961,1.2697663346587327,0.8386884769365547,-0.6108712617933298,1.0826984253439624,2.177032279119943,-0.3535500502451853,0.08008747106154226,1.4931036366727322
-0.5935752742640285,-0.8754984077249564,-1.3926743003247537,0.612775710310261,-0.6439209162167846,0.36206941027214823,-1.4260889132533936,-1.262431268450093,-0.02232548713228734,-0.2852115724793929,-0.13899803247281048,-1.593034932305078,-0.7150738826235884,0.03560568590174467,-0.403105743590996,-0.35867624489035876,0.7945124291035353,-0.5167110326499096,1.0115610777177464,-1.9988034698300843,0.30527646040513345,0.5122442736515016,-0.7424708758502816,0.06878824724308273,-0.19509888245848667,-1.0035656764492848,0.5549869371057006,0.5570441919893597,0.3208496065255724,-0.39227477686979334,-0.7423298758908001,-0.37952476817198505,0.5723376386004296,-0.5727455641977729,-0.29583414422644244,0.0246325854679023,0.08008747106154226,-1.4845471688407965
-0.5935752742640285,1.142206531932559,-1.3926743003247537,0.612775710310261,-0.6439209162167846,0.36206941027214823,1.2420774405755364,0.5567243481984884,1.5851095863924067,0.8733910799271684,-0.972986227309673,-1.593034932305078,0.6522102445907456,2.4338209169611993,-0.403105743590996,2.788029634651948,0.7945124291035353,-0.5167110326499096,-0.9885710532241613,0.5002993116101648,0.30527646040513345,0.5122442736515016,-0.7424708758502816,-2.0749410101234362,-1.1650190409663912,-1.0035656764492848,-0.5423735976260254,-0.9999949952580068,-0.381387268134171,-0.7144894637714961,-1.4130286127406444,-0.68407807944912,1.1639420887973093,-1.0693787610602934,3.236832174839822,-1.1099153216713604,1.3664154678038525,0.9968285024204774
1.6847062931317278,-0.8754984077249564,-0.5858197112353846,0.612775710310261,-0.6439209162167846,0.36206941027214823,-0.5367001286437503,-1.262431268450093,-0.02232548713228734,0.8733910799271684,-0.972986227309673,0.30985805319435167,-0.7150738826235884,0.03560568590174467,-0.403105743590996,-0.35867624489035876,0.7945124291035353,-0.5167110326499096,1.0115610777177464,0.5002993116101648,0.30527646040513345,0.5122442736515016,-0.7424708758502816,1.1406528759263421,-0.19509888245848667,-0.13552709632247995,-0.5423735976260254,-0.9999949952580068,-1.7858610174536578,-0.7144894637714961,0.9344169662338104,0.5341351656594198,-0.6108712617933298,0.7516096274356154,1.1172323834000635,-0.7317326859582729,0.08008747106154226,-0.9882720345885417
-0.5935752742640285,-0.8754984077249564,-0.5858197112353846,0.612775710310261,-0.6439209162167846,0.36206941027214823,-0.5367001286437503,0.5567243481984884,0.7813920496300597,0.8733910799271684,-0.972986227309673,0.30985805319435167,-0.7150738826235884,0.03560568590174467,-0.403105743590996,-0.35867624489035876,-1.2586335510551052,-0.5167110326499096,-0.9885710532241613,0.5002993116101648,0.30527646040513345,0.5122442736515016,-0.7424708758502816,0.06878824724308273,-0.19509888245848667,-0.13552709632247995,-0.5423735976260254,-0.9999949952580068,-1.0836241427939144,0.8965839707370178,-0.07163113904095586,0.22958185438228482,0.5723376386004296,0.08943203161892128,-0.8096765179088081,-0.7317326859582729,-1.206240525680768,0.004278233915967804
-0.5935752742640285,1.142206531932559,0.22103487785398448,0.612775710310261,1.5529857391110689,0.36206941027214823,-1.4260889132533936,-1.262431268450093,-0.8260430238946344,-0.2852115724793929,-0.972986227309673,0.30985805319435167,0.6522102445907456,-1.1635019296279825,1.121685547383641,-0.35867624489035876,0.7945124291035353,-0.5167110326499096,1.0115610777177464,0.5002993116101648,0.30527646040513345,0.5122442736515016,-0.7424708758502816,0.06878824724308273,0.7748212760494178,0.7325114838043248,-0.5423735976260254,-0.22147540163432355,1.0230864811853158,-0.7144894637714961,-0.7423298758908001,-0.37952476817198505,0.5723376386004296,-0.5727455641977729,0.05743248768018408,0.0246325854679023,0.08008747106154226,-1.4845471688407965
1.6847062931317278,1.142206531932559,1.0278894669433536,0.612775710310261,1.5529857391110689,0.36206941027214823,-1.4260889132533936,0.5567243481984884,-1.6297605606569814,0.8733910799271684,-0.972986227309673,0.30985805319435167,-0.7150738826235884,-1.1635019296279825,-0.403105743590996,-0.35867624489035876,-1.2586335510551052,-0.5167110326499096,-0.9885710532241613,0.5002993116101648,-3.2757193223247443,0.5122442736515016,1.3468541764076536,0.06878824724308273,-0.19509888245848667,-0.13552709632247995,0.5549869371057006,0.5570441919893597,-0.381387268134171,-0.7144894637714961,-0.7423298758908001,-0.37952476817198505,0.5723376386004296,-0.5727455641977729,0.05743248768018408,0.4028152211809899,-1.206240525680768,-0.49199690033628696
-0.5935752742640285,1.142206531932559,-1.3926743003247537,0.612775710310261,-0.6439209162167846,0.36206941027214823,1.2420774405755364,1.466302156522779,0.7813920496300597,-0.2852115724793929,-0.972986227309673,0.30985805319435167,-0.7150738826235884,-1.1635019296279825,-0.403105743590996,-0.35867624489035876,0.7945124291035353,-0.5167110326499096,1.0115610777177464,-1.9988034698300843,0.30527646040513345,0.5122442736515016,-0.7424708758502816,1.1406528759263421,-0.19509888245848667,-0.13552709632247995,-0.5423735976260254,-0.9999949952580068,1.0230864811853158,-0.07006008996809053,-0.406980507465878,0.5341351656594198,1.755546538994189,0.08943203161892128,-0.7904074288957195,-0.7317326859582729,0.08008747106154226,1.4931036366727322
1.6847062931317278,-0.8754984077249564,1.8347440560327226,-1.6319184706157481,-0.6439209162167846,-2.7619013692660572,-1.4260889132533936,-1.262431268450093,-1.6297605606569814,-2.6024168772925154,-0.972986227309673,2.2127510386937814,0.6522102445907456,0.03560568590174467,4.171268129332915,-0.35867624489035876,0.7945124291035353,-0.5167110326499096,1.0115610777177464,0.5002993116101648,-3.2757193223247443,-1.9521936143308383,1.3468541764076536,-1.0030763814401766,1.7447414345573222,0.7325114838043248,-0.5423735976260254,1.335563785613043,-1.7858610174536578,-0.7144894637714961,-1.0776792443157222,-3.4250578809433345,-4.752102413171489,-2.393733952693682,1.1172323834000635,0.7809978568940775,0.08008747106154226,-1.4845471688407965
-0.5935752742640285,-0.8754984077249564,-0.5858197112353846,0.612775710310261,1.5529857391110689,0.36206941027214823,1.2420774405755364,1.466302156522779,-0.8260430238946344,-1.443814224885954,0.6949901623640521,0.30985805319435167,-0.7150738826235884,1.2347133014314717,-0.403105743590996,-0.35867624489035876,0.7945124291035353,-0.5167110326499096,1.0115610777177464,0.5002993116101648,0.30527646040513345,0.5122442736515016,1.3468541764076536,1.1406528759263421,0.7748212760494178,1.6005500639311296,-0.5423735976260254,-0.9999949952580068,0.3208496065255724,-0.39227477686979334,1.2697663346587327,1.1432417882136896,-0.019266811596450106,1.248242824298136,0.05743248768018408,0.0246325854679023,0.08008747106154226,1.4931036366727322
-0.5935752742640285,1.142206531932559,-1.3926743003247537,0.612775710310261,-0.6439209162167846,0.36206941027214823,1.2420774405755364,-0.35285346012580227,-0.8260430238946344,0.8733910799271684,0.6949901623640521,0.30985805319435167,-0.7150738826235884,-1.1635019296279825,-0.403105743590996,-0.35867624489035876,-1.2586335510551052,-0.5167110326499096,-0.9885710532241613,0.5002993116101648,0.30527646040513345,0.5122442736515016,-0.7424708758502816,-2.0749410101234362,-1.1650190409663912,0.7325114838043248,0.5549869371057006,1.335563785613043,-1.7858610174536578,-0.7144894637714961,-0.07163113904095586,-0.07497145689485012,-0.019266811596450106,-0.07611236733525226,0.05743248768018408,1.1591804926071652,-1.206240525680768,0.5005533681682226
1.6847062931317278,-0.8754984077249564,0.22103487785398448,0.612775710310261,-0.6439209162167846,0.36206941027214823,1.2420774405755364,-0.35285346012580227,1.5851095863924067,-0.2852115724793929,-0.972986227309673,-1.593034932305078,0.6522102445907456,2.4338209169611993,-0.403105743590996,-0.35867624489035876,-1.2586335510551052,-0.5167110326499096,-0.9885710532241613,0.5002993116101648,0.30527646040513345,0.5122442736515016,1.3468541764076536,0.06878824724308273,-1.1650190409663912,-0.13552709632247995,1.6523474718374265,-0.9999949952580068,1.0230864811853158,-0.7144894637714961,2.275814439933499,2.0569017220450942,-0.019266811596450106,2.241509218023177,3.236832174839822,0.0246325854679023,-1.206240525680768,0.5005533681682226
1.6847062931317278,-0.8754984077249564,1.0278894669433536,0.612775710310261,-0.6439209162167846,0.36206941027214823,-0.5367001286437503,0.5567243481984884,-1.6297605606569814,0.8733910799271684,-0.972986227309673,-1.593034932305078,0.6522102445907456,-1.1635019296279825,-0.403105743590996,-0.35867624489035876,0.7945124291035353,1.9353176859251158,-0.9885710532241613,0.5002993116101648,0.30527646040513345,0.5122442736515016,1.3468541764076536,1.1406528759263421,-1.1650190409663912,-0.13552709632247995,-0.5423735976260254,-0.22147540163432355,0.3208496065255724,-0.7144894637714961,-0.07163113904095586,-0.37952476817198505,-0.6108712617933298,-0.24165676628942578,0.05743248768018408,-0.3535500502451853,1.3664154678038525,0.004278233915967804
-0.5935752742640285,1.142206531932559,-1.3926743003247537,-1.6319184706157481,-0.6439209162167846,0.36206941027214823,1.2420774405755364,0.5567243481984884,1.5851095863924067,-2.6024168772925154,-0.972986227309673,0.30985805319435167,-0.7150738826235884,0.03560568590174467,-0.403105743590996,-0.35867624489035876,0.7945124291035353,-0.5167110326499096,1.0115610777177464,0.5002993116101648,0.30527646040513345,0.5122442736515016,1.3468541764076536,0.06878824724308273,1.7447414345573222,-1.0035656764492848,-0.5423735976260254,-0.9999949952580068,1.0230864811853158,-0.7144894637714961,0.5990675978088884,0.8386884769365547,0.5723376386004296,0.7516096274356154,1.1172323834000635,-1.1099153216713604,0.08008747106154226,0.9968285024204774
-0.5935752742640285,-0.8754984077249564,-1.3926743003247537,0.612775710310261,-0.6439209162167846,0.36206941027214823,-1.4260889132533936,-0.35285346012580227,-1.6297605606569814,0.8733910799271684,-0.972986227309673,0.30985805319435167,-0.7150738826235884,0.03560568590174467,-0.403105743590996,-0.35867624489035876,-1.2586335510551052,-0.5167110326499096,-0.9885710532241613,-1.9988034698300843,0.30527646040513345,0.5122442736515016,-0.7424708758502816,-1.0030763814401766,-1.1650190409663912,-0.13552709632247995,-0.5423735976260254,-0.22147540163432355,-1.7858610174536578,-0.39227477686979334,1.6051157030836547,1.1432417882136896,-0.6108712617933298,1.4137872232523094,-0.29583414422644244,-0.3535500502451853,-1.206240525680768,-0.9882720345885417
-0.5935752742640285,1.142206531932559,-1.3926743003247537,0.612775710310261,-0.6439209162167846,0.36206941027214823,1.2420774405755364,0.5567243481984884,1.5851095863924067,-0.2852115724793929,1.5289783572009146,0.30985805319435167,-0.7150738826235884,0.03560568590174467,-0.403105743590996,-0.35867624489035876,-1.2586335510551052,-0.5167110326499096,-0.9885710532241613,0.5002993116101648,0.30527646040513345,0.5122442736515016,-0.7424708758502816,0.06878824724308273,0.7748212760494178,-1.8716042565760895,-0.5423735976260254,-0.9999949952580068,-1.7858610174536578,-0.7144894637714961,0.2637182293839663,0.5341351656594198,0.5723376386004296,0.4205208295272683,1.1172323834000635,-1.4880979573844482,-1.206240525680768,0.9968285024204774
-0.5935752742640285,-0.8754984077249564,0.22103487785398448,0.612775710310261,1.5529857391110689,0.36206941027214823,-0.5367001286437503,-0.35285346012580227,0.7813920496300597,-0.2852115724793929,-0.972986227309673,0.30985805319435167,0.6522102445907456,0.03560568590174467,-0.403105743590996,2.788029634651948,0.7945124291035353,1.9353176859251158,-0.9885710532241613,0.5002993116101648,0.30527646040513345,0.5122442736515016,1.3468541764076536,0.06878824724308273,0.7748212760494178,0.7325114838043248,0.5549869371057006,0.5570441919893597,1.0230864811853158,0.25215459693361225,0.2637182293839663,0.22958185438228482,-0.019266811596450106,0.2549764305730948,-0.6995674378340155,0.7809978568940775,2.6527434645461625,-0.49199690033628696
-0.5935752742640285,1.142206531932559,0.22103487785398448,0.612775710310261,-0.6439209162167846,0.36206941027214823,0.35268865596589305,0.5567243481984884,-0.02232548713228734,0.8733910799271684,1.5289783572009146,0.30985805319435167,-0.7150738826235884,-1.1635019296279825,-0.403105743590996,-0.35867624489035876,-1.2586335510551052,-0.5167110326499096,1.0115610777177464,-1.9988034698300843,0.30527646040513345,0.5122442736515016,-0.7424708758502816,0.06878824724308273,-0.19509888245848667,1.6005500639311296,1.6523474718374265,2.1140833792367264,1.0230864811853158,-0.7144894637714961,1.9404650715085767,2.0569017220450942,0.5723376386004296,2.0759648190690037,0.05743248768018408,2.2937283997464277,-1.206240525680768,0.5005533681682226
-0.5935752742640285,1.142206531932559,-0.5858197112353846,-1.6319184706157481,-0.6439209162167846,0.36206941027214823,-0.5367001286437503,-0.35285346012580227,-1.6297605606569814,-0.2852115724793929,-0.972986227309673,0.30985805319435167,2.0194943718050795,-1.1635019296279825,-0.403105743590996,-0.35867624489035876,-1.2586335510551052,-0.5167110326499096,-0.9885710532241613,-1.9988034698300843,0.30527646040513345,-1.9521936143308383,-0.7424708758502816,0.06878824724308273,-1.1650190409663912,-1.0035656764492848,-0.5423735976260254,-0.22147540163432355,-0.381387268134171,-0.39227477686979334,1.9404650715085767,1.1432417882136896,-1.2024757119902096,1.579331622206483,-0.6491007761330689,-0.7317326859582729,-1.206240525680768,-0.49199690033628696
-0.5935752742640285,1.142206531932559,-0.5858197112353846,0.612775710310261,-0.6439209162167846,0.36206941027214823,-0.5367001286437503,-1.262431268450093,-0.02232548713228734,-0.2852115724793929,-0.972986227309673,0.30985805319435167,2.0194943718050795,-1.1635019296279825,-0.403105743590996,-0.35867624489035876,-1.2586335510551052,-0.5167110326499096,-0.9885710532241613,0.5002993116101648,0.30527646040513345,0.5122442736515016,-0.7424708758502816,0.06878824724308273,-0.19509888245848667,-0.13552709632247995,-0.5423735976260254,-0.9999949952580068,0.3208496065255724,0.4132619403844636,1.2697663346587327,1.4477950994908246,0.5723376386004296,1.4137872232523094,-0.8698924210747104,-0.7317326859582729,-1.206240525680768,-0.9882720345885417
-0.5935752742640285,-0.8754984077249564,0.22103487785398448,-1.6319184706157481,-0.6439209162167846,0.36206941027214823,-0.5367001286437503,1.466302156522779,-1.6297605606569814,-0.2852115724793929,-0.972986227309673,-1.593034932305078,-0.7150738826235884,1.2347133014314717,-0.403105743590996,-0.35867624489035876,0.7945124291035353,-0.5167110326499096,-0.9885710532241613,0.5002993116101648,0.30527646040513345,0.5122442736515016,1.3468541764076536,0.06878824724308273,0.7748212760494178,-0.13552709632247995,-0.5423735976260254,-0.9999949952580068,1.0230864811853158,0.4132619403844636,0.2637182293839663,0.8386884769365547,1.1639420887973093,0.5860652284814418,-0.6049424471447405,-0.7317326859582729,0.08008747106154226,0.5005533681682226
1.6847062931317278,1.142206531932559,1.8347440560327226,-1.6319184706157481,-0.6439209162167846,0.36206941027214823,-1.4260889132533936,-1.262431268450093,-0.02232548713228734,0.8733910799271684,-0.13899803247281048,2.2127510386937814,2.0194943718050795,0.03560568590174467,1.121685547383641,-0.35867624489035876,-1.2586335510551052,-0.5167110326499096,-0.9885710532241613,0.5002993116101648,0.30527646040513345,0.5122442736515016,-0.7424708758502816,1.1406528759263421,0.7748212760494178,0.7325114838043248,1.6523474718374265,0.5570441919893597,-1.0836241427939144,0.574369283835315,-0.406980507465878,-0.68407807944912,-0.6108712617933298,-0.5727455641977729,-0.7668563201019444,1.1591804926071652,-1.206240525680768,-1.4845471688407965
1.6847062931317278,-0.8754984077249564,1.0278894669433536,0.612775710310261,-0.6439209162167846,0.36206941027214823,-0.5367001286437503,-0.35285346012580227,-0.02232548713228734,-0.2852115724793929,-0.972986227309673,0.30985805319435167,0.6522102445907456,0.03560568590174467,-0.403105743590996,-0.35867624489035876,0.7945124291035353,-0.5167110326499096,-0.9885710532241613,-1.9988034698300843,0.30527646040513345,0.5122442736515016,1.3468541764076536,-3.1468056388066956,-0.19509888245848667,-1.8716042565760895,-0.5423735976260254,-0.9999949952580068,-1.0836241427939144,-0.07006008996809053,-1.0776792443157222,-0.9886313907262549,-0.019266811596450106,-1.0693787610602934,-0.5784474497517436,-1.4880979573844482,0.08008747106154226,-0.49199690033628696
-0.5935752742640285,1.142206531932559,-0.5858197112353846,-1.6319184706157481,-0.6439209162167846,0.36206941027214823,1.2420774405755364,1.466302156522779,1.5851095863924067,2.0319937323337296,-0.972986227309673,0.30985805319435167,-0.7150738826235884,-1.1635019296279825,-0.403105743590996,-0.35867624489035876,-1.2586335510551052,-0.5167110326499096,1.0115610777177464,0.5002993116101648,0.30527646040513345,0.5122442736515016,-0.7424708758502816,-1.0030763814401766,1.7447414345573222,1.6005500639311296,0.5549869371057006,2.1140833792367264,0.3208496065255724,0.574369283835315,0.9344169662338104,0.8386884769365547,-0.019266811596450106,0.9171540263897889,-0.8846118640708197,1.9155457640333402,-1.206240525680768,1.4931036366727322
-0.5935752742640285,-0.8754984077249564,0.22103487785398448,0.612775710310261,-0.6439209162167846,0.36206941027214823,1.2420774405755364,-0.35285346012580227,-0.02232548713228734,-0.2852115724793929,1.5289783572009146,0.30985805319435167,0.6522102445907456,1.2347133014314717,-0.403105743590996,-0.35867624489035876,0.7945124291035353,-0.5167110326499096,-0.9885710532241613,0.5002993116101648,0.30527646040513345,0.5122442736515016,-0.7424708758502816,0.06878824724308273,-0.19509888245848667,-0.13552709632247995,-0.5423735976260254,-0.9999949952580068,-0.381387268134171,-0.7144894637714961,1.6051157030836547,1.4477950994908246,-0.019266811596450106,1.579331622206483,2.177032279119943,-0.7317326859582729,0.08008747106154226,0.5005533681682226
1.6847062931317278,-0.8754984077249564,1.0278894669433536,0.612775710310261,-0.6439209162167846,0.36206941027214823,0.35268865596589305,0.5567243481984884,0.7813920496300597,0.8733910799271684,0.6949901623640521,0.30985805319435167,0.6522102445907456,0.03560568590174467,-0.403105743590996,-0.35867624489035876,0.7945124291035353,-0.5167110326499096,-0.9885710532241613,0.5002993116101648,0.30527646040513345,0.5122442736515016,1.3468541764076536,0.06878824724308273,-0.19509888245848667,-1.0035656764492848,-0.5423735976260254,0.5570441919893597,-0.381387268134171,0.25215459693361225,0.5990675978088884,0.22958185438228482,-0.6108712617933298,0.4205208295272683,-0.6995674378340155,-0.3535500502451853,0.08008747106154226,0.5005533681682226
-0.5935752742640285,-0.8754984077249564,0.22103487785398448,0.612775710310261,-0.6439209162167846,0.36206941027214823,-0.5367001286437503,1.466302156522779,0.7813920496300597,0.8733910799271684,1.5289783572009146,-1.593034932305078,-0.7150738826235884,0.03560568590174467,-0.403105743590996,-0.35867624489035876,0.7945124291035353,-0.5167110326499096,1.0115610777177464,0.5002993116101648,0.30527646040513345,-1.9521936143308383,-0.7424708758502816,1.1406528759263421,0.7748212760494178,-1.0035656764492848,0.5549869371057006,0.5570441919893597,1.0230864811853158,-0.7144894637714961,1.6051157030836547,1.7523484107679594,0.5723376386004296,1.7448760211606567,1.1172323834000635,0.0246325854679023,0.08008747106154226,0.5005533681682226
-0.5935752742640285,1.142206531932559,-0.5858197112353846,-1.6319184706157481,-0.6439209162167846,0.36206941027214823,-0.5367001286437503,-1.262431268450093,-0.02232548713228734,-0.2852115724793929,-0.972986227309673,0.30985805319435167,0.6522102445907456,-1.1635019296279825,-0.403105743590996,-0.35867624489035876,-1.2586335510551052,-0.5167110326499096,1.0115610777177464,-1.9988034698300843,0.30527646040513345,-1.9521936143308383,-0.7424708758502816,-1.0030763814401766,-0.19509888245848667,-1.0035656764492848,-0.5423735976260254,0.5570441919893597,-0.381387268134171,-0.39227477686979334,0.9344169662338104,0.5341351656594198,-0.6108712617933298,0.7516096274356154,-0.6491007761330689,-0.3535500502451853,-1.206240525680768,-0.9882720345885417
-0.5935752742640285,1.142206531932559,-0.5858197112353846,0.612775710310261,-0.6439209162167846,0.36206941027214823,1.2420774405755364,1.466302156522779,0.7813920496300597,2.0319937323337296,0.6949901623640521,-1.593034932305078,-0.7150738826235884,1.2347133014314717,-0.403105743590996,-0.35867624489035876,0.7945124291035353,-0.5167110326499096,1.0115610777177464,0.5002993116101648,0.30527646040513345,0.5122442736515016,1.3468541764076536,0.06878824724308273,0.7748212760494178,-0.13552709632247995,-0.5423735976260254,-0.9999949952580068,0.3208496065255724,-0.7144894637714961,1.6051157030836547,1.7523484107679594,0.5723376386004296,1.7448760211606567,2.177032279119943,-0.7317326859582729,0.08008747106154226,1.4931036366727322
-0.5935752742640285,-0.8754984077249564,1.0278894669433536,0.612775710310261,-0.6439209162167846,0.36206941027214823,-0.5367001286437503,-0.35285346012580227,-1.6297605606569814,-2.6024168772925154,0.6949901623640521,0.30985805319435167,-0.7150738826235884,1.2347133014314717,-0.403105743590996,-0.35867624489035876,0.7945124291035353,-0.5167110326499096,-0.9885710532241613,0.5002993116101648,0.30527646040513345,0.5122442736515016,-0.7424708758502816,0.06878824724308273,-0.19509888245848667,-0.13552709632247995,-0.5423735976260254,-0.22147540163432355,-1.0836241427939144,-0.7144894637714961,2.275814439933499,2.0569017220450942,-0.019266811596450106,2.241509218023177,2.177032279119943,-0.3535500502451853,0.08008747106154226,-0.49199690033628696
-0.5935752742640285,-0.8754984077249564,0.22103487785398448,0.612775710310261,-0.6439209162167846,0.36206941027214823,-0.5367001286437503,-0.35285346012580227,-0.02232548713228734,-0.2852115724793929,-0.972986227309673,0.30985805319435167,-0.7150738826235884,0.03560568590174467,-0.403105743590996,-0.35867624489035876,0.7945124291035353,-0.5167110326499096,-0.9885710532241613,0.5002993116101648,0.30527646040513345,-1.9521936143308383,1.3468541764076536,0.06878824724308273,-1.1650190409663912,-1.0035656764492848,-0.5423735976260254,-0.9999949952580068,-0.381387268134171,1.2187986576387206,-0.07163113904095586,-0.68407807944912,-1.2024757119902096,-0.4072011652435993,-0.8393212702366369,-1.1099153216713604,0.08008747106154226,-0.49199690033628696
-0.5935752742640285,-0.8754984077249564,0.22103487785398448,-1.6319184706157481,-0.6439209162167846,0.36206941027214823,0.35268865596589305,1.466302156522779,-1.6297605606569814,0.8733910799271684,-0.972986227309673,-1.593034932305078,-0.7150738826235884,1.2347133014314717,-0.403105743590996,-0.35867624489035876,0.7945124291035353,-0.5167110326499096,1.0115610777177464,-1.9988034698300843,0.30527646040513345,0.5122442736515016,-0.7424708758502816,0.06878824724308273,-0.19509888245848667,0.7325114838043248,0.5549869371057006,2.1140833792367264,1.0230864811853158,-0.39227477686979334,1.2697663346587327,1.1432417882136896,-0.019266811596450106,1.248242824298136,0.05743248768018408,1.5373631283202527,0.08008747106154226,0.9968285024204774
-0.5935752742640285,-0.8754984077249564,-0.5858197112353846,-1.6319184706157481,-0.6439209162167846,0.36206941027214823,1.2420774405755364,1.466302156522779,-0.8260430238946344,2.0319937323337296,0.6949901623640521,0.30985805319435167,-0.7150738826235884,0.03560568590174467,-0.403105743590996,-0.35867624489035876,0.7945124291035353,-0.5167110326499096,1.0115610777177464,0.5002993116101648,0.30527646040513345,-1.9521936143308383,-0.7424708758502816,-2.0749410101234362,0.7748212760494178,0.7325114838043248,0.5549869371057006,0.5570441919893597,0.3208496065255724,-0.7144894637714961,1.9404650715085767,1.4477950994908246,-0.6108712617933298,1.7448760211606567,1.1172323834000635,0.7809978568940775,0.08008747106154226,1.4931036366727322
-0.5935752742640285,1.142206531932559,-0.5858197112353846,0.612775710310261,-0.6439209162167846,0.36206941027214823,0.35268865596589305,-1.262431268450093,-0.02232548713228734,-0.2852115724793929,1.5289783572009146,0.30985805319435167,-0.7150738826235884,-1.1635019296279825,-0.403105743590996,-0.35867624489035876,-1.2586335510551052,-0.5167110326499096,1.0115610777177464,0.5002993116101648,0.30527646040513345,-1.9521936143308383,-0.7424708758502816,1.1406528759263421,-0.19509888245848667,-1.0035656764492848,0.5549869371057006,-0.22147540163432355,1.0230864811853158,-0.39227477686979334,0.2637182293839663,0.22958185438228482,-0.019266811596450106,0.2549764305730948,-0.6491007761330689,-0.3535500502451853,-1.206240525680768,-0.49199690033628696
1.6847062931317278,-0.8754984077249564,1.0278894669433536,0.612775710310261,-0.6439209162167846,0.36206941027214823,-1.4260889132533936,-1.262431268450093,-0.02232548713228734,-0.2852115724793929,-0.972986227309673,0.30985805319435167,2.0194943718050795,0.03560568590174467,2.6464768383582777,-0.35867624489035876,-1.2586335510551052,-0.5167110326499096,1.0115610777177464,0.5002993116101648,0.30527646040513345,-1.9521936143308383,1.3468541764076536,-1.0030763814401766,0.7748212760494178,0.7325114838043248,0.5549869371057006,-0.22147540163432355,1.0230864811853158,-0.23116743341894191,-1.4130286127406444,-0.9886313907262549,0.5723376386004296,-1.234923160014467,-0.4724674601797556,0.4028152211809899,-1.206240525680768,-1.4845471688407965
-0.5935752742640285,1.142206531932559,-0.5858197112353846,0.612775710310261,-0.6439209162167846,0.36206941027214823,1.2420774405755364,0.5567243481984884,-0.8260430238946344,0.8733910799271684,1.5289783572009146,0.30985805319435167,-0.7150738826235884,2.4338209169611993,-0.403105743590996,-0.35867624489035876,-1.2586335510551052,-0.5167110326499096,1.0115610777177464,0.5002993116101648,0.30527646040513345,0.5122442736515016,-0.7424708758502816,0.06878824724308273,-1.1650190409663912,-1.0035656764492848,-0.5423735976260254,-0.9999949952580068,-1.0836241427939144,-0.07006008996809053,2.611163808358421,2.3614550333222293,-0.019266811596450106,2.5725980159315243,-0.15452749146379174,-1.1099153216713604,-1.206240525680768,0.9968285024204774
1.6847062931317278,1.142206531932559,3.4484532342114607,-1.6319184706157481,-0.6439209162167846,0.36206941027214823,-1.4260889132533936,-1.262431268450093,-0.02232548713228734,-0.2852115724793929,-0.972986227309673,2.2127510386937814,-0.7150738826235884,-1.1635019296279825,4.171268129332915,-0.35867624489035876,-1.2586335510551052,-0.5167110326499096,-0.9885710532241613,-1.9988034698300843,0.30527646040513345,-1.9521936143308383,-0.7424708758502816,1.1406528759263421,1.7447414345573222,-0.13552709632247995,1.6523474718374265,0.5570441919893597,-0.381387268134171,-0.23116743341894191,-0.406980507465878,-0.9886313907262549,-1.2024757119902096,-0.7382899631519464,-0.7374174341097255,0.7809978568940775,-1.206240525680768,-1.4845471688407965
1.6847062931317278,1.142206531932559,-1.3926743003247537,-1.6319184706157481,-0.6439209162167846,0.36206941027214823,-1.4260889132533936,-0.35285346012580227,-0.02232548713228734,0.8733910799271684,-0.972986227309673,0.30985805319435167,2.0194943718050795,0.03560568590174467,-0.403105743590996,-0.35867624489035876,0.7945124291035353,-0.5167110326499096,1.0115610777177464,0.5002993116101648,0.30527646040513345,-1.9521936143308383,-0.7424708758502816,1.1406528759263421,1.7447414345573222,1.6005500639311296,-0.5423735976260254,0.5570441919893597,1.0230864811853158,1.0576913141878692,-0.7423298758908001,-0.07497145689485012,1.1639420887973093,-0.4072011652435993,-0.8257340920863822,0.7809978568940775,0.08008747106154226,-0.9882720345885417
-0.5935752742640285,1.142206531932559,-0.5858197112353846,0.612775710310261,-0.6439209162167846,0.36206941027214823,-1.4260889132533936,-0.35285346012580227,0.7813920496300597,0.8733910799271684,0.6949901623640521,0.30985805319435167,-0.7150738826235884,-1.1635019296279825,-0.403105743590996,-0.35867624489035876,0.7945124291035353,1.9353176859251158,1.0115610777177464,0.5002993116101648,0.30527646040513345,0.5122442736515016,1.3468541764076536,-1.0030763814401766,-0.19509888245848667,-0.13552709632247995,-0.5423735976260254,-0.22147540163432355,-0.381387268134171,-0.39227477686979334,-0.07163113904095586,0.22958185438228482,0.5723376386004296,0.08943203161892128,-0.6491007761330689,-0.3535500502451853,1.3664154678038525,-0.9882720345885417
-0.5935752742640285,1.142206531932559,1.0278894669433536,0.612775710310261,-0.6439209162167846,0.36206941027214823,-0.5367001286437503,-0.35285346012580227,-0.02232548713228734,-2.6024168772925154,-0.972986227309673,2.2127510386937814,-0.7150738826235884,-1.1635019296279825,1.121685547383641,-0.35867624489035876,0.7945124291035353,-0.5167110326499096,1.0115610777177464,-1.9988034698300843,-3.2757193223247443,0.5122442736515016,1.3468541764076536,0.06878824724308273,0.7748212760494178,-0.13552709632247995,0.5549869371057006,-0.22147540163432355,-1.7858610174536578,3.4743014659506404,-1.4130286127406444,-0.9886313907262549,0.5723376386004296,-1.234923160014467,-0.9631155600500702,0.0246325854679023,0.08008747106154226,-0.49199690033628696
-0.5935752742640285,-0.8754984077249564,0.22103487785398448,-1.6319184706157481,-0.6439209162167846,0.36206941027214823,-0.5367001286437503,-1.262431268450093,-1.6297605606569814,0.8733910799271684,1.5289783572009146,0.30985805319435167,0.6522102445907456,0.03560568590174467,-0.403105743590996,-0.35867624489035876,0.7945124291035353,-0.5167110326499096,1.0115610777177464,0.5002993116101648,0.30527646040513345,0.5122442736515016,-0.7424708758502816,0.06878824724308273,-1.1650190409663912,1.6005500639311296,-0.5423735976260254,-0.22147540163432355,1.0230864811853158,-0.7144894637714961,-0.07163113904095586,-0.37952476817198505,-0.6108712617933298,-0.24165676628942578,1.1172323834000635,0.4028152211809899,0.08008747106154226,-0.9882720345885417
-0.5935752742640285,1.142206531932559,-0.5858197112353846,0.612775710310261,-0.6439209162167846,0.36206941027214823,0.35268865596589305,-0.35285346012580227,-1.6297605606569814,-0.2852115724793929,1.5289783572009146,0.30985805319435167,0.6522102445907456,1.2347133014314717,-0.403105743590996,-0.35867624489035876,-1.2586335510551052,-0.5167110326499096,1.0115610777177464,0.5002993116101648,0.30527646040513345,0.5122442736515016,1.3468541764076536,1.1406528759263421,-0.19509888245848667,-0.13552709632247995,-0.5423735976260254,0.5570441919893597,-1.0836241427939144,0.8965839707370178,-0.07163113904095586,-0.68407807944912,-1.2024757119902096,-0.4072011652435993,-0.7133310728433646,0.0246325854679023,-1.206240525680768,0.004278233915967804
-0.5935752742640285,1.142206531932559,0.22103487785398448,0.612775710310261,1.5529857391110689,0.36206941027214823,1.2420774405755364,1.466302156522779,1.5851095863924067,-0.2852115724793929,1.5289783572009146,0.30985805319435167,-0.7150738826235884,0.03560568590174467,-0.403105743590996,-0.35867624489035876,0.7945124291035353,-0.5167110326499096,1.0115610777177464,0.5002993116101648,0.30527646040513345,0.5122442736515016,-0.7424708758502816,0.06878824724308273,0.7748212760494178,0.7325114838043248,-0.5423735976260254,0.5570441919893597,1.0230864811853158,-0.7144894637714961,-0.07163113904095586,-0.68407807944912,-1.2024757119902096,-0.4072011652435993,1.1172323834000635,0.4028152211809899,0.08008747106154226,1.4931036366727322
1.6847062931317278,1.142206531932559,0.22103487785398448,0.612775710310261,-0.6439209162167846,0.36206941027214823,0.35268865596589305,0.5567243481984884,0.7813920496300597,0.8733910799271684,-0.13899803247281048,0.30985805319435167,-0.7150738826235884,-1.1635019296279825,-0.403105743590996,-0.35867624489035876,0.7945124291035353,-0.5167110326499096,1.0115610777177464,0.5002993116101648,0.30527646040513345,0.5122442736515016,-0.7424708758502816,0.06878824724308273,-2.1349391994742954,0.7325114838043248,3.847068541300878,2.1140833792367264,-0.381387268134171,0.574369283835315,-1.4130286127406444,-0.37952476817198505,1.755546538994189,-0.9038343621061199,-0.8846118640708197,2.6719110354595155,0.08008747106154226,0.5005533681682226
-0.5935752742640285,1.142206531932559,0.22103487785398448,0.612775710310261,1.5529857391110689,0.36206941027214823,-0.5367001286437503,0.5567243481984884,0.7813920496300597,0.8733910799271684,1.5289783572009146,-1.593034932305078,-0.7150738826235884,0.03560568590174467,-0.403105743590996,-0.35867624489035876,0.7945124291035353,1.9353176859251158,-0.9885710532241613,-1.9988034698300843,0.30527646040513345,0.5122442736515016,-0.7424708758502816,1.1406528759263421,-0.19509888245848667,-0.13552709632247995,-0.5423735976260254,0.5570441919893597,-0.381387268134171,-0.39227477686979334,0.2637182293839663,-0.07497145689485012,-0.6108712617933298,0.08943203161892128,-0.29583414422644244,0.0246325854679023,1.3664154678038525,0.004278233915967804
1.6847062931317278,1.142206531932559,1.0278894669433536,0.612775710310261,-0.6439209162167846,0.36206941027214823,1.2420774405755364,1.466302156522779,1.5851095863924067,2.0319937323337296,-0.13899803247281048,-1.593034932305078,-0.7150738826235884,0.03560568590174467,-0.403105743590996,-0.35867624489035876,-1.2586335510551052,-0.5167110326499096,1.0115610777177464,-1.9988034698300843,0.30527646040513345,0.5122442736515016,-0.7424708758502816,-1.0030763814401766,-1.1650190409663912,0.7325114838043248,-0.5423735976260254,1.335563785613043,-1.0836241427939144,-0.07006008996809053,1.9404650715085767,2.0569017220450942,0.5723376386004296,2.0759648190690037,-0.5784474497517436,0.7809978568940775,-1.206240525680768,1.4931036366727322
-0.5935752742640285,1.142206531932559,-0.5858197112353846,0.612775710310261,-0.6439209162167846,0.36206941027214823,1.2420774405755364,0.5567243481984884,1.5851095863924067,-0.2852115724793929,-0.13899803247281048,0.30985805319435167,-0.7150738826235884,0.03560568590174467,-0.403105743590996,-0.35867624489035876,0.7945124291035353,1.9353176859251158,1.0115610777177464,0.5002993116101648,0.30527646040513345,0.5122442736515016,-0.7424708758502816,-1.0030763814401766,0.7748212760494178,-0.13552709632247995,0.5549869371057006,0.5570441919893597,-0.381387268134171,-0.07006008996809053,-0.07163113904095586,-0.37952476817198505,-0.6108712617933298,-0.24165676628942578,-0.5784474497517436,0.4028152211809899,1.3664154678038525,0.9968285024204774
-0.5935752742640285,-0.8754984077249564,-1.3926743003247537,0.612775710310261,-0.6439209162167846,0.36206941027214823,-0.5367001286437503,-1.262431268450093,0.7813920496300597,-0.2852115724793929,1.5289783572009146,-1.593034932305078,2.0194943718050795,1.2347133014314717,-0.403105743590996,-0.35867624489035876,0.7945124291035353,-0.5167110326499096,1.0115610777177464,0.5002993116101648,0.30527646040513345,0.5122442736515016,-0.7424708758502816,1.1406528759263421,-1.1650190409663912,-1.0035656764492848,-0.5423735976260254,-0.9999949952580068,0.3208496065255724,-0.07006008996809053,-0.406980507465878,0.22958185438228482,1.1639420887973093,-0.07611236733525226,-0.3664874706077677,-1.1099153216713604,0.08008747106154226,-0.9882720345885417
-0.5935752742640285,1.142206531932559,-1.3926743003247537,0.612775710310261,-0.6439209162167846,-2.7619013692660572,0.35268865596589305,1.466302156522779,0.7813920496300597,-0.2852115724793929,-0.972986227309673,0.30985805319435167,-0.7150738826235884,0.03560568590174467,-0.403105743590996,-0.35867624489035876,0.7945124291035353,1.9353176859251158,1.0115610777177464,0.5002993116101648,0.30527646040513345,0.5122442736515016,-0.7424708758502816,1.1406528759263421,0.7748212760494178,0.7325114838043248,-0.5423735976260254,-0.9999949952580068,-1.7858610174536578,-0.7144894637714961,1.6051157030836547,2.0569017220450942,1.1639420887973093,1.91042042011483,1.1172323834000635,-0.3535500502451853,1.3664154678038525,0.9968285024204774
-0.5935752742640285,-0.8754984077249564,0.22103487785398448,0.612775710310261,-0.6439209162167846,0.36206941027214823,1.2420774405755364,0.5567243481984884,-0.8260430238946344,-0.2852115724793929,1.5289783572009146,0.30985805319435167,-0.7150738826235884,1.2347133014314717,-0.403105743590996,-0.35867624489035876,0.7945124291035353,1.9353176859251158,1.0115610777177464,0.5002993116101648,0.30527646040513345,0.5122442736515016,1.3468541764076536,0.06878824724308273,0.7748212760494178,-0.13552709632247995,-0.5423735976260254,0.5570441919893597,0.3208496065255724,-0.7144894637714961,0.5990675978088884,1.1432417882136896,1.1639420887973093,0.9171540263897889,2.177032279119943,0.0246325854679023,1.3664154678038525,0.9968285024204774
-0.5935752742640285,1.142206531932559,-1.3926743003247537,0.612775710310261,-0.6439209162167846,0.36206941027214823,1.2420774405755364,0.5567243481984884,1.5851095863924067,-0.2852115724793929,1.5289783572009146,0.30985805319435167,-0.7150738826235884,0.03560568590174467,-0.403105743590996,-0.35867624489035876,-1.2586335510551052,-0.5167110326499096,-0.9885710532241613,0.5002993116101648,0.30527646040513345,0.5122442736515016,-0.7424708758502816,0.06878824724308273,0.7748212760494178,-1.8716042565760895,-0.5423735976260254,-0.9999949952580068,-1.7858610174536578,-0.7144894637714961,0.5990675978088884,0.8386884769365547,0.5723376386004296,0.7516096274356154,1.1172323834000635,-1.4880979573844482,-1.206240525680768,0.9968285024204774
-0.5935752742640285,1.142206531932559,0.22103487785398448,0.612775710310261,-0.6439209162167846,0.36206941027214823,0.35268865596589305,0.5567243481984884,-0.8260430238946344,-0.2852115724793929,-0.13899803247281048,0.30985805319435167,-0.7150738826235884,-1.1635019296279825,-0.403105743590996,-0.35867624489035876,0.7945124291035353,1.9353176859251158,-0.9885710532241613,0.5002993116101648,0.30527646040513345,0.5122442736515016,-0.7424708758502816,0.06878824724308273,0.7748212760494178,-0.13552709632247995,-0.5423735976260254,0.5570441919893597,1.0230864811853158,-0.07006008996809053,0.9344169662338104,0.22958185438228482,-1.2024757119902096,0.5860652284814418,-0.7904074288957195,0.0246325854679023,1.3664154678038525,0.5005533681682226
-0.5935752742640285,-0.8754984077249564,1.8347440560327226,0.612775710310261,1.5529857391110689,-2.7619013692660572,-1.4260889132533936,-1.262431268450093,-0.02232548713228734,-0.2852115724793929,-0.972986227309673,2.2127510386937814,2.0194943718050795,0.03560568590174467,2.6464768383582777,-0.35867624489035876,0.7945124291035353,-0.5167110326499096,-0.9885710532241613,-1.9988034698300843,0.30527646040513345,0.5122442736515016,1.3468541764076536,1.1406528759263421,-0.19509888245848667,0.7325114838043248,-0.5423735976260254,-0.9999949952580068,0.3208496065255724,-0.39227477686979334,-1.0776792443157222,-0.9886313907262549,-0.019266811596450106,-1.0693787610602934,-0.29583414422644244,-0.3535500502451853,0.08008747106154226,-1.4845471688407965
-0.5935752742640285,-0.8754984077249564,-1.3926743003247537,0.612775710310261,1.5529857391110689,-2.7619013692660572,1.2420774405755364,0.5567243481984884,-0.02232548713228734,-0.2852115724793929,-0.972986227309673,0.30985805319435167,-0.7150738826235884,0.03560568590174467,-0.403105743590996,2.788029634651948,0.7945124291035353,1.9353176859251158,1.0115610777177464,0.5002993116101648,0.30527646040513345,0.5122442736515016,1.3468541764076536,1.1406528759263421,-1.1650190409663912,-1.0035656764492848,-0.5423735976260254,-0.9999949952580068,1.0230864811853158,0.574369283835315,-1.0776792443157222,-0.9886313907262549,-0.019266811596450106,-1.0693787610602934,-0.7668563201019444,-1.1099153216713604,2.6527434645461625,0.9968285024204774
-0.5935752742640285,1.142206531932559,0.22103487785398448,0.612775710310261,-0.6439209162167846,0.36206941027214823,0.35268865596589305,0.5567243481984884,0.7813920496300597,0.8733910799271684,0.6949901623640521,0.30985805319435167,-0.7150738826235884,0.03560568590174467,-0.403105743590996,-0.35867624489035876,0.7945124291035353,-0.5167110326499096,1.0115610777177464,0.5002993116101648,0.30527646040513345,0.5122442736515016,1.3468541764076536,0.06878824724308273,-0.19509888245848667,0.7325114838043248,0.5549869371057006,0.5570441919893597,0.3208496065255724,0.25215459693361225,-0.07163113904095586,0.5341351656594198,1.1639420887973093,0.2549764305730948,-0.6995674378340155,0.7809978568940775,0.08008747106154226,0.5005533681682226
1.6847062931317278,1.142206531932559,0.22103487785398448,-1.6319184706157481,1.5529857391110689,0.36206941027214823,-0.5367001286437503,-0.35285346012580227,0.7813920496300597,0.8733910799271684,0.6949901623640521,0.30985805319435167,2.0194943718050795,2.4338209169611993,1.121685547383641,-0.35867624489035876,0.7945124291035353,-0.5167110326499096,-0.9885710532241613,0.5002993116101648,0.30527646040513345,-1.9521936143308383,-0.7424708758502816,-3.1468056388066956,-0.19509888245848667,1.6005500639311296,1.6523474718374265,2.1140833792367264,-0.381387268134171,-0.39227477686979334,-0.406980507465878,-0.9886313907262549,-1.2024757119902096,-0.7382899631519464,0.41069911958681043,2.2937283997464277,0.08008747106154226,-0.49199690033628696
1.6847062931317278,-0.8754984077249564,-0.5858197112353846,-1.6319184706157481,1.5529857391110689,0.36206941027214823,-0.5367001286437503,-0.35285346012580227,-0.02232548713228734,0.8733910799271684,-0.972986227309673,-1.593034932305078,-0.7150738826235884,0.03560568590174467,-0.403105743590996,-0.35867624489035876,-1.2586335510551052,-0.5167110326499096,1.0115610777177464,0.5002993116101648,0.30527646040513345,-1.9521936143308383,1.3468541764076536,1.1406528759263421,0.7748212760494178,-0.13552709632247995,-0.5423735976260254,-0.9999949952580068,-1.7858610174536578,-0.7144894637714961,-0.07163113904095586,0.5341351656594198,1.1639420887973093,0.2549764305730948,1.1172323834000635,-0.7317326859582729,-1.206240525680768,-0.49199690033628696
-0.5935752742640285,-0.8754984077249564,1.8347440560327226,0.612775710310261,-0.6439209162167846,0.36206941027214823,0.35268865596589305,0.5567243481984884,-0.02232548713228734,-0.2852115724793929,1.5289783572009146,2.2127510386937814,-0.7150738826235884,2.4338209169611993,-0.403105743590996,-0.35867624489035876,0.7945124291035353,-0.5167110326499096,1.0115610777177464,0.5002993116101648,0.30527646040513345,0.5122442736515016,-0.7424708758502816,0.06878824724308273,-0.19509888245848667,-0.13552709632247995,-0.5423735976260254,-0.22147540163432355,-0.381387268134171,-0.07006008996809053,0.2637182293839663,0.22958185438228482,-0.019266811596450106,0.2549764305730948,-0.15452749146379174,-0.3535500502451853,0.08008747106154226,0.5005533681682226
-0.5935752742640285,-0.8754984077249564,1.0278894669433536,-1.6319184706157481,-0.6439209162167846,0.36206941027214823,-1.4260889132533936,-1.262431268450093,-1.6297605606569814,-0.2852115724793929,-0.972986227309673,0.30985805319435167,2.0194943718050795,-1.1635019296279825,4.171268129332915,-0.35867624489035876,0.7945124291035353,-0.5167110326499096,1.0115610777177464,-1.9988034698300843,0.30527646040513345,-1.9521936143308383,-0.7424708758502816,1.1406528759263421,-1.1650190409663912,1.6005500639311296,-0.5423735976260254,2.1140833792367264,0.3208496065255724,0.25215459693361225,-0.7423298758908001,-0.9886313907262549,-0.6108712617933298,-0.9038343621061199,-0.8509674229368555,1.5373631283202527,0.08008747106154226,-1.4845471688407965
-0.5935752742640285,1.142206531932559,-0.5858197112353846,0.612775710310261,-0.6439209162167846,0.36206941027214823,0.35268865596589305,-1.262431268450093,-0.02232548713228734,-0.2852115724793929,1.5289783572009146,-1.593034932305078,0.6522102445907456,2.4338209169611993,-0.403105743590996,-0.35867624489035876,0.7945124291035353,-0.5167110326499096,-0.9885710532241613,0.5002993116101648,0.30527646040513345,0.5122442736515016,-0.7424708758502816,0.06878824724308273,-0.19509888245848667,-1.0035656764492848,-0.5423735976260254,-0.9999949952580068,1.0230864811853158,-0.39227477686979334,0.5990675978088884,-0.07497145689485012,-1.2024757119902096,0.2549764305730948,0.41069911958681043,-1.1099153216713604,0.08008747106154226,-0.49199690033628696
-0.5935752742640285,-0.8754984077249564,-1.3926743003247537,0.612775710310261,-0.6439209162167846,0.36206941027214823,1.2420774405755364,1.466302156522779,1.5851095863924067,-1.443814224885954,1.5289783572009146,0.30985805319435167,-0.7150738826235884,0.03560568590174467,-0.403105743590996,-0.35867624489035876,0.7945124291035353,-0.5167110326499096,-0.9885710532241613,0.5002993116101648,0.30527646040513345,0.5122442736515016,-0.7424708758502816,-1.0030763814401766,-0.19509888245848667,-0.13552709632247995,-0.5423735976260254,-0.22147540163432355,-1.0836241427939144,-0.39227477686979334,0.9344169662338104,0.8386884769365547,-0.019266811596450106,0.9171540263897889,-0.29583414422644244,-0.3535500502451853,0.08008747106154226,1.4931036366727322
-0.5935752742640285,1.142206531932559,-0.5858197112353846,0.612775710310261,1.5529857391110689,-2.7619013692660572,1.2420774405755364,1.466302156522779,1.5851095863924067,-1.443814224885954,1.5289783572009146,0.30985805319435167,-0.7150738826235884,0.03560568590174467,-0.403105743590996,-0.35867624489035876,0.7945124291035353,-0.5167110326499096,-0.9885710532241613,0.5002993116101648,0.30527646040513345,-1.9521936143308383,-0.7424708758502816,0.06878824724308273,-2.1349391994742954,-0.13552709632247995,1.6523474718374265,2.1140833792367264,1.0230864811853158,0.25215459693361225,-0.7423298758908001,-0.68407807944912,-0.019266811596450106,-0.7382899631519464,-0.6995674378340155,1.5373631283202527,0.08008747106154226,1.4931036366727322
-0.5935752742640285,1.142206531932559,0.22103487785398448,0.612775710310261,1.5529857391110689,0.36206941027214823,-0.5367001286437503,0.5567243481984884,0.7813920496300597,0.8733910799271684,1.5289783572009146,-1.593034932305078,-0.7150738826235884,0.03560568590174467,-0.403105743590996,-0.35867624489035876,0.7945124291035353,-0.5167110326499096,-0.9885710532241613,-1.9988034698300843,0.30527646040513345,0.5122442736515016,-0.7424708758502816,1.1406528759263421,-0.19509888245848667,-0.13552709632247995,-0.5423735976260254,0.5570441919893597,-0.381387268134171,-0.7144894637714961,-0.406980507465878,-0.07497145689485012,0.5723376386004296,-0.24165676628942578,1.1172323834000635,0.0246325854679023,0.08008747106154226,0.004278233915967804
-0.5935752742640285,-0.8754984077249564,-1.3926743003247537,0.612775710310261,-0.6439209162167846,0.36206941027214823,1.2420774405755364,1.466302156522779,0.7813920496300597,2.0319937323337296,0.6949901623640521,-1.593034932305078,-0.7150738826235884,0.03560568590174467,1.121685547383641,2.788029634651948,0.7945124291035353,-0.5167110326499096,1.0115610777177464,-1.9988034698300843,0.30527646040513345,0.5122442736515016,-0.7424708758502816,0.06878824724308273,0.7748212760494178,0.7325114838043248,-0.5423735976260254,-0.9999949952580068,-0.381387268134171,-0.39227477686979334,-1.4130286127406444,-1.29318470200339,-0.019266811596450106,-1.4004675589686404,-0.29583414422644244,-0.3535500502451853,1.3664154678038525,1.4931036366727322
1.6847062931317278,1.142206531932559,1.8347440560327226,-1.6319184706157481,-0.6439209162167846,0.36206941027214823,-1.4260889132533936,-1.262431268450093,-0.02232548713228734,0.8733910799271684,-0.13899803247281048,2.2127510386937814,2.0194943718050795,0.03560568590174467,4.171268129332915,-0.35867624489035876,-1.2586335510551052,-0.5167110326499096,-0.9885710532241613,0.5002993116101648,0.30527646040513345,0.5122442736515016,-0.7424708758502816,1.1406528759263421,0.7748212760494178,0.7325114838043248,1.6523474718374265,0.5570441919893597,-1.0836241427939144,0.574369283835315,-1.0776792443157222,-1.29318470200339,-0.6108712617933298,-1.234923160014467,-0.7668563201019444,1.1591804926071652,-1.206240525680768,-1.4845471688407965
-0.5935752742640285,1.142206531932559,-0.5858197112353846,0.612775710310261,-0.6439209162167846,0.36206941027214823,1.2420774405755364,1.466302156522779,1.5851095863924067,2.0319937323337296,-0.972986227309673,0.30985805319435167,-0.7150738826235884,-1.1635019296279825,-0.403105743590996,-0.35867624489035876,0.7945124291035353,-0.5167110326499096,-0.9885710532241613,0.5002993116101648,-3.2757193223247443,0.5122442736515016,1.3468541764076536,-1.0030763814401766,-0.19509888245848667,-1.0035656764492848,0.5549869371057006,-0.9999949952580068,1.0230864811853158,1.8632280314421263,-0.7423298758908001,-0.68407807944912,-0.019266811596450106,-0.7382899631519464,-0.9400262377032318,-0.7317326859582729,0.08008747106154226,1.4931036366727322
-0.5935752742640285,-0.8754984077249564,1.0278894669433536,0.612775710310261,-0.6439209162167846,-2.7619013692660572,0.35268865596589305,-0.35285346012580227,-0.02232548713228734,0.8733910799271684,-0.972986227309673,2.2127510386937814,-0.7150738826235884,1.2347133014314717,-0.403105743590996,-0.35867624489035876,0.7945124291035353,-0.5167110326499096,1.0115610777177464,-1.9988034698300843,0.30527646040513345,0.5122442736515016,1.3468541764076536,0.06878824724308273,-0.19509888245848667,-0.13552709632247995,3.847068541300878,-0.9999949952580068,1.0230864811853158,0.8965839707370178,0.2637182293839663,-0.07497145689485012,-0.6108712617933298,0.08943203161892128,-0.7133310728433646,0.7809978568940775,0.08008747106154226,0.004278233915967804
-0.5935752742640285,1.142206531932559,1.0278894669433536,0.612775710310261,-0.6439209162167846,0.36206941027214823,0.35268865596589305,-0.35285346012580227,0.7813920496300597,-0.2852115724793929,-0.972986227309673,0.30985805319435167,0.6522102445907456,-1.1635019296279825,1.121685547383641,-0.35867624489035876,-1.2586335510551052,-0.5167110326499096,-0.9885710532241613,0.5002993116101648,-3.2757193223247443,0.5122442736515016,-0.7424708758502816,0.06878824724308273,0.7748212760494178,1.6005500639311296,0.5549869371057006,1.335563785613043,1.0230864811853158,-0.7144894637714961,-1.7483779811655664,-0.9886313907262549,1.1639420887973093,-1.4004675589686404,0.05743248768018408,1.5373631283202527,-1.206240525680768,0.004278233915967804
-0.5935752742640285,-0.8754984077249564,-1.3926743003247537,0.612775710310261,-0.6439209162167846,0.36206941027214823,-0.5367001286437503,-0.35285346012580227,-0.02232548713228734,-0.2852115724793929,-0.972986227309673,0.30985805319435167,-0.7150738826235884,2.4338209169611993,-0.403105743590996,2.788029634651948,0.7945124291035353,1.9353176859251158,-0.9885710532241613,0.5002993116101648,0.30527646040513345,0.5122442736515016,-0.7424708758502816,1.1406528759263421,-2.1349391994742954,-1.0035656764492848,-0.5423735976260254,-0.9999949952580068,-0.381387268134171,0.574369283835315,-1.4130286127406444,-0.9886313907262549,0.5723376386004296,-1.234923160014467,-0.5313452321641934,-1.1099153216713604,2.6527434645461625,-0.49199690033628696
-0.5935752742640285,-0.8754984077249564,-1.3926743003247537,0.612775710310261,-0.6439209162167846,0.36206941027214823,1.2420774405755364,1.466302156522779,0.7813920496300597,0.8733910799271684,-0.972986227309673,0.30985805319435167,-0.7150738826235884,-1.1635019296279825,-0.403105743590996,2.788029634651948,0.7945124291035353,-0.5167110326499096,-0.9885710532241613,0.5002993116101648,0.30527646040513345,0.5122442736515016,-0.7424708758502816,-1.0030763814401766,-0.19509888245848667,0.7325114838043248,0.5549869371057006,0.5570441919893597,1.0230864811853158,-0.7144894637714961,0.5990675978088884,0.22958185438228482,-0.6108712617933298,0.4205208295272683,0.05743248768018408,0.7809978568940775,1.3664154678038525,1.4931036366727322
1.6847062931317278,1.142206531932559,1.0278894669433536,0.612775710310261,1.5529857391110689,0.36206941027214823,1.2420774405755364,1.466302156522779,0.7813920496300597,-0.2852115724793929,1.5289783572009146,0.30985805319435167,-0.7150738826235884,-1.1635019296279825,-0.403105743590996,-0.35867624489035876,0.7945124291035353,-0.5167110326499096,1.0115610777177464,0.5002993116101648,0.30527646040513345,0.5122442736515016,-0.7424708758502816,1.1406528759263421,0.7748212760494178,1.6005500639311296,-0.5423735976260254,-0.9999949952580068,1.0230864811853158,-0.23116743341894191,1.9404650715085767,1.7523484107679594,-0.019266811596450106,1.91042042011483,-0.7374174341097255,0.0246325854679023,0.08008747106154226,1.4931036366727322
1.6847062931317278,-0.8754984077249564,-0.5858197112353846,-1.6319184706157481,-0.6439209162167846,0.36206941027214823,-0.5367001286437503,0.5567243481984884,-0.02232548713228734,0.8733910799271684,-0.972986227309673,0.30985805319435167,2.0194943718050795,0.03560568590174467,-0.403105743590996,-0.35867624489035876,0.7945124291035353,-0.5167110326499096,-0.9885710532241613,0.5002993116101648,0.30527646040513345,0.5122442736515016,-0.7424708758502816,0.06878824724308273,1.7447414345573222,0.7325114838043248,-0.5423735976260254,-0.22147540163432355,-1.7858610174536578,-0.39227477686979334,1.2697663346587327,1.1432417882136896,-0.019266811596450106,1.248242824298136,-0.29583414422644244,0.0246325854679023,0.08008747106154226,0.004278233915967804
1.6847062931317278,-0.8754984077249564,0.22103487785398448,-1.6319184706157481,-0.6439209162167846,0.36206941027214823,-1.4260889132533936,-1.262431268450093,-1.6297605606569814,-2.6024168772925154,-0.972986227309673,-1.593034932305078,0.6522102445907456,-1.1635019296279825,-0.403105743590996,-0.35867624489035876,0.7945124291035353,-0.5167110326499096,1.0115610777177464,0.5002993116101648,-3.2757193223247443,0.5122442736515016,1.3468541764076536,-1.0030763814401766,1.7447414345573222,1.6005500639311296,0.5549869371057006,-0.22147540163432355,0.3208496065255724,-0.23116743341894191,-0.406980507465878,-0.07497145689485012,0.5723376386004296,-0.24165676628942578,-0.7374174341097255,0.7809978568940775,0.08008747106154226,-1.4845471688407965
-0.5935752742640285,-0.8754984077249564,-0.5858197112353846,0.612775710310261,-0.6439209162167846,0.36206941027214823,1.2420774405755364,0.5567243481984884,1.5851095863924067,-0.2852115724793929,0.6949901623640521,0.30985805319435167,-0.7150738826235884,0.03560568590174467,-0.403105743590996,-0.35867624489035876,-1.2586335510551052,1.9353176859251158,1.0115610777177464,0.5002993116101648,0.30527646040513345,0.5122442736515016,1.3468541764076536,-3.1468056388066956,-0.19509888245848667,-1.0035656764492848,-0.5423735976260254,-0.9999949952580068,-1.7858610174536578,0.8965839707370178,-0.07163113904095586,0.22958185438228482,0.5723376386004296,0.08943203161892128,-0.8096765179088081,-1.1099153216713604,0.08008747106154226,0.9968285024204774
1.6847062931317278,1.142206531932559,1.8347440560327226,-1.6319184706157481,-0.6439209162167846,0.36206941027214823,-1.4260889132533936,-1.262431268450093,-0.02232548713228734,0.8733910799271684,0.6949901623640521,0.30985805319435167,0.6522102445907456,-1.1635019296279825,1.121685547383641,-0.35867624489035876,-1.2586335510551052,-0.5167110326499096,-0.9885710532241613,0.5002993116101648,0.30527646040513345,-1.9521936143308383,-0.7424708758502816,0.06878824724308273,-0.19509888245848667,-1.0035656764492848,-0.5423735976260254,0.5570441919893597,1.0230864811853158,-0.7144894637714961,-2.0837273495904887,-0.9886313907262549,1.755546538994189,-1.566011957922814,0.05743248768018408,-0.3535500502451853,-1.206240525680768,-1.4845471688407965
-0.5935752742640285,1.142206531932559,-1.3926743003247537,0.612775710310261,-0.6439209162167846,0.36206941027214823,1.2420774405755364,1.466302156522779,-0.8260430238946344,0.8733910799271684,-0.13899803247281048,0.30985805319435167,-0.7150738826235884,0.03560568590174467,-0.403105743590996,-0.35867624489035876,0.7945124291035353,1.9353176859251158,-0.9885710532241613,-1.9988034698300843,0.30527646040513345,0.5122442736515016,-0.7424708758502816,1.1406528759263421,0.7748212760494178,-1.0035656764492848,1.6523474718374265,1.335563785613043,1.0230864811853158,-0.7144894637714961,-0.406980507465878,-0.07497145689485012,0.5723376386004296,-0.24165676628942578,1.1172323834000635,0.7809978568940775,1.3664154678038525,1.4931036366727322
1.6847062931317278,-0.8754984077249564,1.0278894669433536,0.612775710310261,-0.6439209162167846,0.36206941027214823,-0.5367001286437503,0.5567243481984884,-1.6297605606569814,0.8733910799271684,-0.972986227309673,-1.593034932305078,0.6522102445907456,-1.1635019296279825,-0.403105743590996,-0.35867624489035876,0.7945124291035353,-0.5167110326499096,-0.9885710532241613,0.5002993116101648,0.30527646040513345,0.5122442736515016,1.3468541764076536,1.1406528759263421,-1.1650190409663912,-0.13552709632247995,-0.5423735976260254,-0.22147540163432355,0.3208496065255724,-0.7144894637714961,-0.406980507465878,-0.37952476817198505,-0.019266811596450106,-0.4072011652435993,0.05743248768018408,-0.3535500502451853,0.08008747106154226,0.004278233915967804
1.6847062931317278,-0.8754984077249564,-0.5858197112353846,0.612775710310261,-0.6439209162167846,-2.7619013692660572,0.35268865596589305,-0.35285346012580227,0.7813920496300597,-2.6024168772925154,-0.972986227309673,0.30985805319435167,0.6522102445907456,0.03560568590174467,2.6464768383582777,-0.35867624489035876,0.7945124291035353,-0.5167110326499096,1.0115610777177464,0.5002993116101648,0.30527646040513345,-1.9521936143308383,1.3468541764076536,-2.0749410101234362,1.7447414345573222,1.6005500639311296,-0.5423735976260254,-0.9999949952580068,-1.7858610174536578,0.574369283835315,-2.0837273495904887,-1.9022913245576598,-0.019266811596450106,-2.0626451547853346,-0.7668563201019444,0.0246325854679023,0.08008747106154226,0.004278233915967804
-0.5935752742640285,-0.8754984077249564,1.0278894669433536,0.612775710310261,-0.6439209162167846,0.36206941027214823,-0.5367001286437503,-0.35285346012580227,-1.6297605606569814,-0.2852115724793929,-0.972986227309673,0.30985805319435167,3.3867784990194134,0.03560568590174467,-0.403105743590996,-0.35867624489035876,-1.2586335510551052,-0.5167110326499096,1.0115610777177464,0.5002993116101648,0.30527646040513345,-1.9521936143308383,1.3468541764076536,0.06878824724308273,-1.1650190409663912,1.6005500639311296,-0.5423735976260254,-0.9999949952580068,-1.0836241427939144,-0.39227477686979334,-0.406980507465878,-0.68407807944912,-0.6108712617933298,-0.5727455641977729,-0.29583414422644244,0.0246325854679023,-1.206240525680768,-0.49199690033628696
1.6847062931317278,-0.8754984077249564,1.0278894669433536,0.612775710310261,-0.6439209162167846,0.36206941027214823,0.35268865596589305,0.5567243481984884,0.7813920496300597,0.8733910799271684,-0.972986227309673,-1.593034932305078,-0.7150738826235884,0.03560568590174467,-0.403105743590996,-0.35867624489035876,0.7945124291035353,-0.5167110326499096,-0.9885710532241613,0.5002993116101648,0.30527646040513345,-1.9521936143308383,1.3468541764076536,1.1406528759263421,-0.19509888245848667,0.7325114838043248,-0.5423735976260254,-0.9999949952580068,1.0230864811853158,-0.7144894637714961,-0.406980507465878,-0.68407807944912,-0.6108712617933298,-0.5727455641977729,1.1172323834000635,-0.3535500502451853,0.08008747106154226,0.5005533681682226
-0.5935752742640285,-0.8754984077249564,0.22103487785398448,0.612775710310261,-0.6439209162167846,0.36206941027214823,-0.5367001286437503,0.5567243481984884,-1.6297605606569814,-0.2852115724793929,-0.13899803247281048,-1.593034932305078,0.6522102445907456,-1.1635019296279825,-0.403105743590996,-0.35867624489035876,0.7945124291035353,1.9353176859251158,-0.9885710532241613,0.5002993116101648,0.30527646040513345,-1.9521936143308383,-0.7424708758502816,-1.0030763814401766,-0.19509888245848667,-0.13552709632247995,-0.5423735976260254,1.335563785613043,-0.381387268134171,-0.23116743341894191,-1.4130286127406444,-1.29318470200339,-0.019266811596450106,-1.4004675589686404,-0.7374174341097255,0.4028152211809899,1.3664154678038525,0.004278233915967804
-0.5935752742640285,-0.8754984077249564,0.22103487785398448,0.612775710310261,-0.6439209162167846,0.36206941027214823,-1.4260889132533936,-1.262431268450093,-0.02232548713228734,0.8733910799271684,-0.972986227309673,-1.593034932305078,-0.7150738826235884,0.03560568590174467,-0.403105743590996,-0.35867624489035876,0.7945124291035353,-0.5167110326499096,-0.9885710532241613,0.5002993116101648,0.30527646040513345,-1.9521936143308383,-0.7424708758502816,0.06878824724308273,-0.19509888245848667,0.7325114838043248,-0.5423735976260254,-0.22147540163432355,1.0230864811853158,-0.07006008996809053,-0.07163113904095586,-0.37952476817198505,-0.6108712617933298,-0.24165676628942578,-0.5784474497517436,0.0246325854679023,0.08008747106154226,-1.4845471688407965
-0.5935752742640285,-0.8754984077249564,-1.3926743003247537,0.612775710310261,1.5529857391110689,0.36206941027214823,-1.4260889132533936,-1.262431268450093,-1.6297605606569814,-0.2852115724793929,0.6949901623640521,0.30985805319435167,-0.7150738826235884,0.03560568590174467,4.171268129332915,2.788029634651948,-1.2586335510551052,1.9353176859251158,-0.9885710532241613,0.5002993116101648,0.30527646040513345,0.5122442736515016,-0.7424708758502816,0.06878824724308273,-0.19509888245848667,-1.0035656764492848,0.5549869371057006,0.5570441919893597,-0.381387268134171,0.8965839707370178,-1.4130286127406444,-0.9886313907262549,0.5723376386004296,-1.234923160014467,-0.8096765179088081,0.0246325854679023,1.3664154678038525,-1.4845471688407965
-0.5935752742640285,1.142206531932559,1.0278894669433536,-1.6319184706157481,1.5529857391110689,0.36206941027214823,0.35268865596589305,0.5567243481984884,-0.02232548713228734,0.8733910799271684,-0.972986227309673,0.30985805319435167,-0.7150738826235884,0.03560568590174467,-0.403105743590996,-0.35867624489035876,0.7945124291035353,-0.5167110326499096,-0.9885710532241613,0.5002993116101648,0.30527646040513345,0.5122442736515016,1.3468541764076536,0.06878824724308273,-0.19509888245848667,-0.13552709632247995,-0.5423735976260254,0.5570441919893597,1.0230864811853158,0.574369283835315,-0.406980507465878,-0.68407807944912,-0.6108712617933298,-0.5727455641977729,-0.7668563201019444,0.0246325854679023,0.08008747106154226,0.5005533681682226
-0.5935752742640285,1.142206531932559,-1.3926743003247537,-1.6319184706157481,-0.6439209162167846,0.36206941027214823,1.2420774405755364,0.5567243481984884,1.5851095863924067,-2.6024168772925154,-0.972986227309673,0.30985805319435167,-0.7150738826235884,0.03560568590174467,-0.403105743590996,-0.35867624489035876,0.7945124291035353,-0.5167110326499096,1.0115610777177464,0.5002993116101648,0.30527646040513345,0.5122442736515016,1.3468541764076536,0.06878824724308273,1.7447414345573222,-1.0035656764492848,-0.5423735976260254,-0.9999949952580068,1.0230864811853158,-0.7144894637714961,1.9404650715085767,1.4477950994908246,-0.6108712617933298,1.7448760211606567,1.1172323834000635,-1.1099153216713604,0.08008747106154226,0.9968285024204774
-0.5935752742640285,-0.8754984077249564,0.22103487785398448,0.612775710310261,-0.6439209162167846,0.36206941027214823,1.2420774405755364,1.466302156522779,1.5851095863924067,2.0319937323337296,-0.972986227309673,0.30985805319435167,0.6522102445907456,1.2347133014314717,-0.403105743590996,-0.35867624489035876,0.7945124291035353,1.9353176859251158,-0.9885710532241613,-1.9988034698300843,0.30527646040513345,0.5122442736515016,1.3468541764076536,0.06878824724308273,-0.19509888245848667,-0.13552709632247995,-0.5423735976260254,-0.22147540163432355,0.3208496065255724,-0.07006008996809053,0.9344169662338104,0.8386884769365547,-0.019266811596450106,0.9171540263897889,-0.3664874706077677,-0.3535500502451853,1.3664154678038525,1.4931036366727322
-0.5935752742640285,1.142206531932559,1.0278894669433536,0.612775710310261,1.5529857391110689,-2.7619013692660572,1.2420774405755364,1.466302156522779,1.5851095863924067,2.0319937323337296,1.5289783572009146,0.30985805319435167,-0.7150738826235884,0.03560568590174467,-0.403105743590996,-0.35867624489035876,0.7945124291035353,-0.5167110326499096,1.0115610777177464,0.5002993116101648,0.30527646040513345,0.5122442736515016,-0.7424708758502816,1.1406528759263421,0.7748212760494178,-0.13552709632247995,-0.5423735976260254,-0.9999949952580068,-1.0836241427939144,-0.7144894637714961,1.9404650715085767,1.7523484107679594,-0.019266811596450106,1.91042042011483,1.1172323834000635,-0.7317326859582729,0.08008747106154226,1.4931036366727322
-0.5935752742640285,-0.8754984077249564,-0.5858197112353846,0.612775710310261,1.5529857391110689,0.36206941027214823,1.2420774405755364,0.5567243481984884,1.5851095863924067,0.8733910799271684,-0.972986227309673,0.30985805319435167,2.0194943718050795,0.03560568590174467,-0.403105743590996,-0.35867624489035876,0.7945124291035353,-0.5167110326499096,1.0115610777177464,0.5002993116101648,0.30527646040513345,0.5122442736515016,-0.7424708758502816,1.1406528759263421,0.7748212760494178,-0.13552709632247995,-0.5423735976260254,-0.22147540163432355,-1.7858610174536578,-0.39227477686979334,1.6051157030836547,1.1432417882136896,-0.6108712617933298,1.4137872232523094,-0.29583414422644244,-0.3535500502451853,0.08008747106154226,0.9968285024204774
1.6847062931317278,-0.8754984077249564,1.0278894669433536,0.612775710310261,-0.6439209162167846,0.36206941027214823,1.2420774405755364,1.466302156522779,1.5851095863924067,2.0319937323337296,1.5289783572009146,0.30985805319435167,0.6522102445907456,0.03560568590174467,-0.403105743590996,-0.35867624489035876,-1.2586335510551052,-0.5167110326499096,1.0115610777177464,-1.9988034698300843,0.30527646040513345,0.5122442736515016,-0.7424708758502816,0.06878824724308273,-0.19509888245848667,1.6005500639311296,-0.5423735976260254,-0.22147540163432355,-1.7858610174536578,-0.7144894637714961,2.275814439933499,2.0569017220450942,-0.019266811596450106,2.241509218023177,1.1172323834000635,0.4028152211809899,-1.206240525680768,1.4931036366727322
-0.5935752742640285,-0.8754984077249564,-1.3926743003247537,0.612775710310261,-0.6439209162167846,0.36206941027214823,-1.4260889132533936,-1.262431268450093,-0.02232548713228734,0.8733910799271684,-0.972986227309673,-1.593034932305078,-0.7150738826235884,0.03560568590174467,-0.403105743590996,-0.35867624489035876,0.7945124291035353,-0.5167110326499096,-0.9885710532241613,0.5002993116101648,0.30527646040513345,0.5122442736515016,-0.7424708758502816,0.06878824724308273,0.7748212760494178,-1.0035656764492848,-0.5423735976260254,-0.22147540163432355,1.0230864811853158,-0.7144894637714961,0.2637182293839663,0.22958185438228482,-0.019266811596450106,0.2549764305730948,1.1172323834000635,-0.7317326859582729,0.08008747106154226,-1.4845471688407965
-0.5935752742640285,1.142206531932559,2.641598645122092,0.612775710310261,-0.6439209162167846,-2.7619013692660572,0.35268865596589305,-0.35285346012580227,0.7813920496300597,-0.2852115724793929,-0.972986227309673,2.2127510386937814,-0.7150738826235884,-1.1635019296279825,2.6464768383582777,-0.35867624489035876,-1.2586335510551052,-0.5167110326499096,1.0115610777177464,0.5002993116101648,0.30527646040513345,-1.9521936143308383,-0.7424708758502816,1.1406528759263421,1.7447414345573222,-0.13552709632247995,-0.5423735976260254,-0.9999949952580068,1.0230864811853158,-0.7144894637714961,0.9344169662338104,1.1432417882136896,0.5723376386004296,1.0826984253439624,0.05743248768018408,-0.7317326859582729,-1.206240525680768,0.004278233915967804
-0.5935752742640285,-0.8754984077249564,1.8347440560327226,0.612775710310261,-0.6439209162167846,0.36206941027214823,-1.4260889132533936,-1.262431268450093,-1.6297605606569814,-1.443814224885954,-0.13899803247281048,2.2127510386937814,-0.7150738826235884,1.2347133014314717,2.6464768383582777,-0.35867624489035876,-1.2586335510551052,-0.5167110326499096,-0.9885710532241613,-1.9988034698300843,0.30527646040513345,0.5122442736515016,1.3468541764076536,0.06878824724308273,-2.1349391994742954,-1.0035656764492848,-0.5423735976260254,-0.9999949952580068,-0.381387268134171,1.5410133445404235,1.2697663346587327,0.5341351656594198,-1.2024757119902096,0.9171540263897889,-0.7904074288957195,-1.1099153216713604,-1.206240525680768,-1.4845471688407965
-0.5935752742640285,1.142206531932559,-0.5858197112353846,-1.6319184706157481,-0.6439209162167846,-2.7619013692660572,1.2420774405755364,1.466302156522779,-0.02232548713228734,2.0319937323337296,1.5289783572009146,0.30985805319435167,0.6522102445907456,1.2347133014314717,-0.403105743590996,-0.35867624489035876,0.7945124291035353,-0.5167110326499096,1.0115610777177464,0.5002993116101648,0.30527646040513345,0.5122442736515016,1.3468541764076536,-2.0749410101234362,0.7748212760494178,-0.13552709632247995,-0.5423735976260254,-0.9999949952580068,1.0230864811853158,-0.07006008996809053,0.5990675978088884,0.5341351656594198,-0.019266811596450106,0.5860652284814418,-0.3664874706077677,-0.7317326859582729,0.08008747106154226,1.4931036366727322
-0.5935752742640285,1.142206531932559,1.0278894669433536,0.612775710310261,-0.6439209162167846,0.36206941027214823,1.2420774405755364,0.5567243481984884,1.5851095863924067,-0.2852115724793929,-0.972986227309673,0.30985805319435167,-0.7150738826235884,0.03560568590174467,-0.403105743590996,-0.35867624489035876,0.7945124291035353,-0.5167110326499096,-0.9885710532241613,-1.9988034698300843,0.30527646040513345,0.5122442736515016,-0.7424708758502816,0.06878824724308273,-0.19509888245848667,-1.0035656764492848,-0.5423735976260254,-0.9999949952580068,-0.381387268134171,-0.39227477686979334,-0.406980507465878,-0.37952476817198505,-0.019266811596450106,-0.4072011652435993,-0.29583414422644244,-1.1099153216713604,0.08008747106154226,0.9968285024204774
-0.5935752742640285,-0.8754984077249564,-0.5858197112353846,0.612775710310261,1.5529857391110689,0.36206941027214823,-0.5367001286437503,-0.35285346012580227,0.7813920496300597,0.8733910799271684,-0.972986227309673,0.30985805319435167,2.0194943718050795,0.03560568590174467,-0.403105743590996,-0.35867624489035876,0.7945124291035353,-0.5167110326499096,-0.9885710532241613,0.5002993116101648,0.30527646040513345,0.5122442736515016,-0.7424708758502816,0.06878824724308273,-0.19509888245848667,-0.13552709632247995,0.5549869371057006,0.5570441919893597,0.3208496065255724,-0.7144894637714961,0.9344169662338104,0.5341351656594198,-0.6108712617933298,0.7516096274356154,1.1172323834000635,0.4028152211809899,0.08008747106154226,-0.49199690033628696
-0.5935752742640285,1.142206531932559,0.22103487785398448,0.612775710310261,-0.6439209162167846,0.36206941027214823,-0.5367001286437503,-1.262431268450093,-0.02232548713228734,-0.2852115724793929,-0.13899803247281048,0.30985805319435167,-0.7150738826235884,-1.1635019296279825,-0.403105743590996,-0.35867624489035876,0.7945124291035353,-0.5167110326499096,-0.9885710532241613,0.5002993116101648,0.30527646040513345,0.5122442736515016,-0.7424708758502816,1.1406528759263421,0.7748212760494178,1.6005500639311296,-0.5423735976260254,-0.22147540163432355,1.0230864811853158,2.8298720921472347,-0.7423298758908001,-1.29318470200339,-1.2024757119902096,-1.0693787610602934,-0.9562891517040484,0.4028152211809899,0.08008747106154226,-0.9882720345885417
-0.5935752742640285,-0.8754984077249564,0.22103487785398448,0.612775710310261,-0.6439209162167846,0.36206941027214823,-1.4260889132533936,-1.262431268450093,-0.02232548713228734,-0.2852115724793929,-0.972986227309673,0.30985805319435167,-0.7150738826235884,0.03560568590174467,-0.403105743590996,-0.35867624489035876,0.7945124291035353,-0.5167110326499096,-0.9885710532241613,-1.9988034698300843,0.30527646040513345,-1.9521936143308383,-0.7424708758502816,0.06878824724308273,0.7748212760494178,0.7325114838043248,-0.5423735976260254,0.5570441919893597,-1.7858610174536578,-0.7144894637714961,0.9344169662338104,1.1432417882136896,0.5723376386004296,1.0826984253439624,1.1172323834000635,0.4028152211809899,0.08008747106154226,-1.4845471688407965
-0.5935752742640285,1.142206531932559,0.22103487785398448,-1.6319184706157481,1.5529857391110689,0.36206941027214823,-1.4260889132533936,-0.35285346012580227,-0.02232548713228734,-0.2852115724793929,1.5289783572009146,0.30985805319435167,-0.7150738826235884,-1.1635019296279825,-0.403105743590996,-0.35867624489035876,-1.2586335510551052,-0.5167110326499096,-0.9885710532241613,0.5002993116101648,0.30527646040513345,-1.9521936143308383,-0.7424708758502816,-2.0749410101234362,-1.1650190409663912,-1.0035656764492848,1.6523474718374265,0.5570441919893597,1.0230864811853158,0.574369283835315,1.6051157030836547,0.22958185438228482,-2.385684612383969,0.9171540263897889,-0.8846118640708197,0.4028152211809899,-1.206240525680768,-0.9882720345885417
-0.5935752742640285,-0.8754984077249564,-0.5858197112353846,0.612775710310261,1.5529857391110689,0.36206941027214823,1.2420774405755364,0.5567243481984884,1.5851095863924067,0.8733910799271684,-0.972986227309673,0.30985805319435167,2.0194943718050795,0.03560568590174467,-0.403105743590996,-0.35867624489035876,0.7945124291035353,-0.5167110326499096,1.0115610777177464,0.5002993116101648,0.30527646040513345,0.5122442736515016,-0.7424708758502816,1.1406528759263421,0.7748212760494178,-0.13552709632247995,-0.5423735976260254,-0.22147540163432355,-1.7858610174536578,-0.39227477686979334,1.6051157030836547,1.1432417882136896,-0.6108712617933298,1.4137872232523094,-0.29583414422644244,-0.3535500502451853,0.08008747106154226,0.9968285024204774
-0.5935752742640285,-0.8754984077249564,-0.5858197112353846,0.612775710310261,1.5529857391110689,0.36206941027214823,-0.5367001286437503,-0.35285346012580227,-0.02232548713228734,-0.2852115724793929,-0.13899803247281048,0.30985805319435167,0.6522102445907456,0.03560568590174467,-0.403105743590996,-0.35867624489035876,0.7945124291035353,-0.5167110326499096,1.0115610777177464,-1.9988034698300843,0.30527646040513345,0.5122442736515016,1.3468541764076536,-1.0030763814401766,-0.19509888245848667,-0.13552709632247995,-0.5423735976260254,-0.22147540163432355,-0.381387268134171,1.8632280314421263,-0.07163113904095586,-0.07497145689485012,-0.019266811596450106,-0.07611236733525226,-0.8776850673667683,-0.3535500502451853,0.08008747106154226,-0.49199690033628696
-0.5935752742640285,-0.8754984077249564,1.0278894669433536,0.612775710310261,-0.6439209162167846,0.36206941027214823,1.2420774405755364,0.5567243481984884,-0.02232548713228734,-0.2852115724793929,1.5289783572009146,-1.593034932305078,-0.7150738826235884,2.4338209169611993,-0.403105743590996,-0.35867624489035876,0.7945124291035353,1.9353176859251158,-0.9885710532241613,0.5002993116101648,0.30527646040513345,0.5122442736515016,-0.7424708758502816,0.06878824724308273,-0.19509888245848667,-0.13552709632247995,-0.5423735976260254,-0.9999949952580068,-0.381387268134171,-0.7144894637714961,0.9344169662338104,0.5341351656594198,-0.6108712617933298,0.7516096274356154,3.236832174839822,-0.7317326859582729,1.3664154678038525,0.9968285024204774
-0.5935752742640285,1.142206531932559,0.22103487785398448,-1.6319184706157481,-0.6439209162167846,0.36206941027214823,-1.4260889132533936,-0.35285346012580227,-1.6297605606569814,-2.6024168772925154,-0.13899803247281048,0.30985805319435167,-0.7150738826235884,0.03560568590174467,-0.403105743590996,-0.35867624489035876,0.7945124291035353,-0.5167110326499096,1.0115610777177464,-1.9988034698300843,0.30527646040513345,-1.9521936143308383,1.3468541764076536,-1.0030763814401766,1.7447414345573222,-1.0035656764492848,0.5549869371057006,-0.22147540163432355,-1.7858610174536578,-0.39227477686979334,1.6051157030836547,1.7523484107679594,0.5723376386004296,1.7448760211606567,-0.29583414422644244,-0.3535500502451853,0.08008747106154226,-0.9882720345885417
-0.5935752742640285,1.142206531932559,0.22103487785398448,0.612775710310261,-0.6439209162167846,0.36206941027214823,-1.4260889132533936,0.5567243481984884,-1.6297605606569814,0.8733910799271684,-0.972986227309673,-1.593034932305078,-0.7150738826235884,-1.1635019296279825,-0.403105743590996,-0.35867624489035876,-1.2586335510551052,-0.5167110326499096,-0.9885710532241613,0.5002993116101648,-3.2757193223247443,0.5122442736515016,-0.7424708758502816,1.1406528759263421,-0.19509888245848667,-0.13552709632247995,-0.5423735976260254,1.335563785613043,-1.0836241427939144,-0.39227477686979334,-0.406980507465878,-0.37952476817198505,-0.019266811596450106,-0.4072011652435993,-0.6491007761330689,0.4028152211809899,-1.206240525680768,-0.49199690033628696
-0.5935752742640285,-0.8754984077249564,-0.5858197112353846,0.612775710310261,-0.6439209162167846,0.36206941027214823,0.35268865596589305,-0.35285346012580227,-0.02232548713228734,-0.2852115724793929,1.5289783572009146,0.30985805319435167,-0.7150738826235884,0.03560568590174467,-0.403105743590996,-0.35867624489035876,0.7945124291035353,1.9353176859251158,-0.9885710532241613,0.5002993116101648,0.30527646040513345,0.5122442736515016,-0.7424708758502816,-3.1468056388066956,-1.1650190409663912,-1.0035656764492848,-0.5423735976260254,-0.22147540163432355,-1.7858610174536578,1.5410133445404235,0.2637182293839663,0.5341351656594198,0.5723376386004296,0.4205208295272683,-0.8610607552770447,-0.7317326859582729,1.3664154678038525,0.004278233915967804
-0.5935752742640285,-0.8754984077249564,-0.5858197112353846,-1.6319184706157481,-0.6439209162167846,0.36206941027214823,-0.5367001286437503,-0.35285346012580227,0.7813920496300597,0.8733910799271684,1.5289783572009146,0.30985805319435167,0.6522102445907456,2.4338209169611993,-0.403105743590996,-0.35867624489035876,0.7945124291035353,-0.5167110326499096,1.0115610777177464,-1.9988034698300843,0.30527646040513345,0.5122442736515016,-0.7424708758502816,1.1406528759263421,-0.19509888245848667,1.6005500639311296,-0.5423735976260254,-0.9999949952580068,1.0230864811853158,0.25215459693361225,0.5990675978088884,0.5341351656594198,-0.019266811596450106,0.5860652284814418,-0.3967674676283357,0.0246325854679023,0.08008747106154226,-0.49199690033628696
-0.5935752742640285,-0.8754984077249564,1.8347440560327226,0.612775710310261,-0.6439209162167846,0.36206941027214823,1.2420774405755364,1.466302156522779,-0.8260430238946344,-0.2852115724793929,1.5289783572009146,2.2127510386937814,0.6522102445907456,0.03560568590174467,-0.403105743590996,-0.35867624489035876,0.7945124291035353,1.9353176859251158,1.0115610777177464,0.5002993116101648,0.30527646040513345,0.5122442736515016,-0.7424708758502816,-2.0749410101234362,-0.19509888245848667,0.7325114838043248,0.5549869371057006,0.5570441919893597,-1.0836241427939144,-0.7144894637714961,-0.406980507465878,-0.68407807944912,-0.6108712617933298,-0.5727455641977729,1.1172323834000635,0.7809978568940775,1.3664154678038525,1.4931036366727322
1.6847062931317278,-0.8754984077249564,1.0278894669433536,0.612775710310261,-0.6439209162167846,0.36206941027214823,-1.4260889132533936,-0.35285346012580227,-0.02232548713228734,-0.2852115724793929,-0.972986227309673,-1.593034932305078,-0.7150738826235884,0.03560568590174467,1.121685547383641,-0.35867624489035876,0.7945124291035353,-0.5167110326499096,1.0115610777177464,0.5002993116101648,0.30527646040513345,0.5122442736515016,1.3468541764076536,-1.0030763814401766,0.7748212760494178,0.7325114838043248,0.5549869371057006,0.5570441919893597,1.0230864811853158,0.7354766272861665,-0.7423298758908001,-0.9886313907262549,-0.6108712617933298,-0.9038343621061199,-0.7904074288957195,0.7809978568940775,0.08008747106154226,-0.9882720345885417
-0.5935752742640285,1.142206531932559,0.22103487785398448,0.612775710310261,1.5529857391110689,-2.7619013692660572,1.2420774405755364,1.466302156522779,-0.8260430238946344,-0.2852115724793929,1.5289783572009146,0.30985805319435167,-0.7150738826235884,1.2347133014314717,-0.403105743590996,-0.35867624489035876,0.7945124291035353,-0.5167110326499096,-0.9885710532241613,0.5002993116101648,0.30527646040513345,0.5122442736515016,-0.7424708758502816,0.06878824724308273,0.7748212760494178,-1.0035656764492848,-0.5423735976260254,-0.22147540163432355,0.3208496065255724,-0.39227477686979334,0.2637182293839663,1.1432417882136896,1.755546538994189,0.7516096274356154,0.05743248768018408,-0.7317326859582729,0.08008747106154226,1.4931036366727322
1.6847062931317278,-0.8754984077249564,-0.5858197112353846,0.612775710310261,-0.6439209162167846,0.36206941027214823,-0.5367001286437503,-0.35285346012580227,0.7813920496300597,-0.2852115724793929,-0.972986227309673,0.30985805319435167,-0.7150738826235884,-1.1635019296279825,-0.403105743590996,-0.35867624489035876,0.7945124291035353,1.9353176859251158,1.0115610777177464,0.5002993116101648,0.30527646040513345,-1.9521936143308383,1.3468541764076536,0.06878824724308273,-1.1650190409663912,1.6005500639311296,-0.5423735976260254,-0.22147540163432355,1.0230864811853158,-0.7144894637714961,1.9404650715085767,1.4477950994908246,-0.6108712617933298,1.7448760211606567,0.05743248768018408,0.4028152211809899,1.3664154678038525,-0.49199690033628696
-0.5935752742640285,1.142206531932559,1.0278894669433536,0.612775710310261,-0.6439209162167846,0.36206941027214823,-0.5367001286437503,-0.35285346012580227,0.7813920496300597,-0.2852115724793929,-0.13899803247281048,0.30985805319435167,-0.7150738826235884,0.03560568590174467,-0.403105743590996,-0.35867624489035876,0.7945124291035353,-0.5167110326499096,1.0115610777177464,0.5002993116101648,0.30527646040513345,0.5122442736515016,-0.7424708758502816,0.06878824724308273,0.7748212760494178,0.7325114838043248,0.5549869371057006,1.335563785613043,1.0230864811853158,0.8965839707370178,0.2637182293839663,-0.07497145689485012,-0.6108712617933298,0.08943203161892128,-0.8096765179088081,1.1591804926071652,0.08008747106154226,-0.49199690033628696
1.6847062931317278,-0.8754984077249564,0.22103487785398448,-1.6319184706157481,-0.6439209162167846,0.36206941027214823,-1.4260889132533936,-1.262431268450093,-1.6297605606569814,-0.2852115724793929,1.5289783572009146,0.30985805319435167,0.6522102445907456,-1.1635019296279825,-0.403105743590996,-0.35867624489035876,0.7945124291035353,-0.5167110326499096,1.0115610777177464,-1.9988034698300843,0.30527646040513345,0.5122442736515016,1.3468541764076536,0.06878824724308273,0.7748212760494178,1.6005500639311296,-0.5423735976260254,-0.22147540163432355,1.0230864811853158,-0.7144894637714961,-0.07163113904095586,-0.07497145689485012,-0.019266811596450106,-0.07611236733525226,0.05743248768018408,0.4028152211809899,0.08008747106154226,-1.4845471688407965
-0.5935752742640285,-0.8754984077249564,-0.5858197112353846,0.612775710310261,1.5529857391110689,0.36206941027214823,0.35268865596589305,-1.262431268450093,-0.02232548713228734,-0.2852115724793929,-0.13899803247281048,-1.593034932305078,-0.7150738826235884,0.03560568590174467,-0.403105743590996,2.788029634651948,0.7945124291035353,-0.5167110326499096,-0.9885710532241613,0.5002993116101648,0.30527646040513345,-1.9521936143308383,-0.7424708758502816,-1.0030763814401766,-0.19509888245848667,-0.13552709632247995,0.5549869371057006,0.5570441919893597,-1.0836241427939144,-0.07006008996809053,-1.4130286127406444,-1.5977380132805248,-0.6108712617933298,-1.566011957922814,-0.5784474497517436,0.4028152211809899,1.3664154678038525,-0.49199690033628696
1.6847062931317278,-0.8754984077249564,1.0278894669433536,-1.6319184706157481,1.5529857391110689,0.36206941027214823,1.2420774405755364,1.466302156522779,1.5851095863924067,0.8733910799271684,-0.972986227309673,0.30985805319435167,-0.7150738826235884,0.03560568590174467,-0.403105743590996,-0.35867624489035876,-1.2586335510551052,1.9353176859251158,1.0115610777177464,0.5002993116101648,0.30527646040513345,0.5122442736515016,-0.7424708758502816,1.1406528759263421,0.7748212760494178,-0.13552709632247995,1.6523474718374265,1.335563785613043,-1.0836241427939144,-0.07006008996809053,-1.0776792443157222,-0.68407807944912,0.5723376386004296,-0.9038343621061199,-0.5784474497517436,1.1591804926071652,0.08008747106154226,1.4931036366727322
-0.5935752742640285,-0.8754984077249564,-0.5858197112353846,-1.6319184706157481,-0.6439209162167846,0.36206941027214823,-1.4260889132533936,-1.262431268450093,-0.02232548713228734,0.8733910799271684,1.5289783572009146,0.30985805319435167,0.6522102445907456,-1.1635019296279825,-0.403105743590996,-0.35867624489035876,0.7945124291035353,-0.5167110326499096,1.0115610777177464,0.5002993116101648,0.30527646040513345,-1.9521936143308383,1.3468541764076536,-1.0030763814401766,-0.19509888245848667,-0.13552709632247995,-0.5423735976260254,-0.22147540163432355,-1.7858610174536578,0.574369283835315,0.2637182293839663,-0.07497145689485012,-0.6108712617933298,0.08943203161892128,-0.8846118640708197,-0.3535500502451853,0.08008747106154226,-1.4845471688407965
-0.5935752742640285,1.142206531932559,0.22103487785398448,0.612775710310261,1.5529857391110689,-2.7619013692660572,0.35268865596589305,-0.35285346012580227,1.5851095863924067,0.8733910799271684,-0.13899803247281048,0.30985805319435167,-0.7150738826235884,-1.1635019296279825,1.121685547383641,-0.35867624489035876,-1.2586335510551052,-0.5167110326499096,-0.9885710532241613,0.5002993116101648,0.30527646040513345,0.5122442736515016,-0.7424708758502816,0.06878824724308273,0.7748212760494178,0.7325114838043248,1.6523474718374265,1.335563785613043,-0.381387268134171,2.3465500617946806,-0.07163113904095586,-0.68407807944912,-1.2024757119902096,-0.4072011652435993,-0.9493774132537013,1.5373631283202527,-1.206240525680768,0.004278233915967804
-0.5935752742640285,1.142206531932559,1.0278894669433536,0.612775710310261,-0.6439209162167846,0.36206941027214823,-0.5367001286437503,-1.262431268450093,0.7813920496300597,0.8733910799271684,0.6949901623640521,0.30985805319435167,-0.7150738826235884,-1.1635019296279825,1.121685547383641,-0.35867624489035876,-1.2586335510551052,-0.5167110326499096,-0.9885710532241613,-1.9988034698300843,-3.2757193223247443,0.5122442736515016,-0.7424708758502816,-1.0030763814401766,-1.1650190409663912,1.6005500639311296,0.5549869371057006,2.1140833792367264,1.0230864811853158,-0.07006008996809053,-1.7483779811655664,-0.68407807944912,1.755546538994189,-1.234923160014467,-0.7904074288957195,1.9155457640333402,-1.206240525680768,-0.9882720345885417
-0.5935752742640285,1.142206531932559,-0.5858197112353846,0.612775710310261,1.5529857391110689,0.36206941027214823,-0.5367001286437503,-0.35285346012580227,-0.02232548713228734,-0.2852115724793929,1.5289783572009146,0.30985805319435167,0.6522102445907456,0.03560568590174467,-0.403105743590996,-0.35867624489035876,0.7945124291035353,-0.5167110326499096,1.0115610777177464,0.5002993116101648,0.30527646040513345,0.5122442736515016,-0.7424708758502816,1.1406528759263421,0.7748212760494178,0.7325114838043248,0.5549869371057006,1.335563785613043,1.0230864811853158,-0.39227477686979334,-0.406980507465878,-0.37952476817198505,-0.019266811596450106,-0.4072011652435993,-0.29583414422644244,1.1591804926071652,0.08008747106154226,-0.49199690033628696
-0.5935752742640285,-0.8754984077249564,-0.5858197112353846,0.612775710310261,-0.6439209162167846,0.36206941027214823,-0.5367001286437503,0.5567243481984884,-0.02232548713228734,-0.2852115724793929,1.5289783572009146,0.30985805319435167,-0.7150738826235884,0.03560568590174467,-0.403105743590996,2.788029634651948,0.7945124291035353,-0.5167110326499096,1.0115610777177464,0.5002993116101648,0.30527646040513345,-1.9521936143308383,-0.7424708758502816,0.06878824724308273,0.7748212760494178,-0.13552709632247995,-0.5423735976260254,0.5570441919893597,0.3208496065255724,-0.07006008996809053,-0.07163113904095586,0.22958185438228482,0.5723376386004296,0.08943203161892128,-0.5784474497517436,0.0246325854679023,1.3664154678038525,0.004278233915967804
-0.5935752742640285,-0.8754984077249564,-0.5858197112353846,0.612775710310261,-0.6439209162167846,0.36206941027214823,-0.5367001286437503,-0.35285346012580227,-1.6297605606569814,-0.2852115724793929,-0.13899803247281048,0.30985805319435167,-0.7150738826235884,0.03560568590174467,1.121685547383641,2.788029634651948,-1.2586335510551052,-0.5167110326499096,1.0115610777177464,0.5002993116101648,0.30527646040513345,0.5122442736515016,-0.7424708758502816,-1.0030763814401766,-2.1349391994742954,-1.0035656764492848,-0.5423735976260254,-0.9999949952580068,1.0230864811853158,1.2187986576387206,-1.0776792443157222,-0.37952476817198505,1.1639420887973093,-0.7382899631519464,-0.8393212702366369,-1.1099153216713604,0.08008747106154226,-0.49199690033628696
1.6847062931317278,-0.8754984077249564,-0.5858197112353846,0.612775710310261,-0.6439209162167846,0.36206941027214823,-1.4260889132533936,-1.262431268450093,-0.02232548713228734,-0.2852115724793929,-0.972986227309673,2.2127510386937814,-0.7150738826235884,2.4338209169611993,-0.403105743590996,2.788029634651948,0.7945124291035353,-0.5167110326499096,1.0115610777177464,0.5002993116101648,0.30527646040513345,0.5122442736515016,-0.7424708758502816,-2.0749410101234362,-1.1650190409663912,-1.8716042565760895,-0.5423735976260254,-0.9999949952580068,1.0230864811853158,-0.7144894637714961,0.9344169662338104,0.8386884769365547,-0.019266811596450106,0.9171540263897889,3.236832174839822,-1.4880979573844482,1.3664154678038525,-1.4845471688407965
1.6847062931317278,-0.8754984077249564,1.0278894669433536,-1.6319184706157481,-0.6439209162167846,0.36206941027214823,-0.5367001286437503,-0.35285346012580227,-1.6297605606569814,-0.2852115724793929,-0.972986227309673,0.30985805319435167,2.0194943718050795,0.03560568590174467,1.121685547383641,-0.35867624489035876,-1.2586335510551052,-0.5167110326499096,1.0115610777177464,0.5002993116101648,0.30527646040513345,-1.9521936143308383,1.3468541764076536,0.06878824724308273,-0.19509888245848667,-0.13552709632247995,-0.5423735976260254,-0.9999949952580068,0.3208496065255724,-0.7144894637714961,-0.7423298758908001,-3.4250578809433345,-5.343706863368368,-2.228189553739508,1.1172323834000635,-0.7317326859582729,-1.206240525680768,-0.49199690033628696
1.6847062931317278,-0.8754984077249564,-1.3926743003247537,-1.6319184706157481,-0.6439209162167846,0.36206941027214823,-1.4260889132533936,-1.262431268450093,-1.6297605606569814,0.8733910799271684,0.6949901623640521,0.30985805319435167,-0.7150738826235884,-1.1635019296279825,1.121685547383641,-0.35867624489035876,0.7945124291035353,-0.5167110326499096,-0.9885710532241613,0.5002993116101648,0.30527646040513345,-1.9521936143308383,1.3468541764076536,0.06878824724308273,-2.1349391994742954,-0.13552709632247995,-0.5423735976260254,-0.9999949952580068,-1.0836241427939144,0.25215459693361225,-0.406980507465878,-0.37952476817198505,-0.019266811596450106,-0.4072011652435993,-0.8509674229368555,-0.7317326859582729,0.08008747106154226,-1.4845471688407965
-0.5935752742640285,1.142206531932559,-0.5858197112353846,-1.6319184706157481,-0.6439209162167846,0.36206941027214823,1.2420774405755364,0.5567243481984884,0.7813920496300597,-0.2852115724793929,1.5289783572009146,0.30985805319435167,0.6522102445907456,-1.1635019296279825,-0.403105743590996,2.788029634651948,0.7945124291035353,-0.5167110326499096,1.0115610777177464,-1.9988034698300843,0.30527646040513345,0.5122442736515016,-0.7424708758502816,-1.0030763814401766,-0.19509888245848667,-0.13552709632247995,-0.5423735976260254,-0.9999949952580068,0.3208496065255724,-0.39227477686979334,-0.07163113904095586,1.1432417882136896,2.3471509891910687,0.5860652284814418,-0.6491007761330689,-0.7317326859582729,1.3664154678038525,0.9968285024204774
-0.5935752742640285,-0.8754984077249564,-1.3926743003247537,0.612775710310261,-0.6439209162167846,0.36206941027214823,1.2420774405755364,1.466302156522779,0.7813920496300597,-2.6024168772925154,-0.972986227309673,0.30985805319435167,-0.7150738826235884,1.2347133014314717,-0.403105743590996,-0.35867624489035876,0.7945124291035353,-0.5167110326499096,1.0115610777177464,0.5002993116101648,0.30527646040513345,0.5122442736515016,1.3468541764076536,0.06878824724308273,-0.19509888245848667,-0.13552709632247995,-0.5423735976260254,-0.9999949952580068,1.0230864811853158,-0.07006008996809053,0.5990675978088884,0.8386884769365547,0.5723376386004296,0.7516096274356154,-0.3664874706077677,-0.7317326859582729,0.08008747106154226,1.4931036366727322
-0.5935752742640285,1.142206531932559,1.8347440560327226,0.612775710310261,-0.6439209162167846,0.36206941027214823,-0.5367001286437503,-1.262431268450093,-0.02232548713228734,-0.2852115724793929,1.5289783572009146,0.30985805319435167,-0.7150738826235884,-1.1635019296279825,-0.403105743590996,-0.35867624489035876,-1.2586335510551052,-0.5167110326499096,-0.9885710532241613,0.5002993116101648,0.30527646040513345,0.5122442736515016,-0.7424708758502816,1.1406528759263421,-0.19509888245848667,0.7325114838043248,-0.5423735976260254,1.335563785613043,0.3208496065255724,0.8965839707370178,-1.4130286127406444,-0.07497145689485012,2.3471509891910687,-0.7382899631519464,-0.9060219629742516,0.7809978568940775,-1.206240525680768,-0.9882720345885417
1.6847062931317278,-0.8754984077249564,0.22103487785398448,-1.6319184706157481,-0.6439209162167846,0.36206941027214823,1.2420774405755364,-1.262431268450093,-0.02232548713228734,-0.2852115724793929,0.6949901623640521,0.30985805319435167,-0.7150738826235884,-1.1635019296279825,-0.403105743590996,-0.35867624489035876,-1.2586335510551052,-0.5167110326499096,-0.9885710532241613,0.5002993116101648,0.30527646040513345,0.5122442736515016,1.3468541764076536,0.06878824724308273,-1.1650190409663912,-0.13552709632247995,-0.5423735976260254,-0.22147540163432355,1.0230864811853158,-0.5533821203206447,0.5990675978088884,0.8386884769365547,0.5723376386004296,0.7516096274356154,-0.4724674601797556,-0.3535500502451853,-1.206240525680768,0.004278233915967804
-0.5935752742640285,-0.8754984077249564,1.0278894669433536,0.612775710310261,-0.6439209162167846,0.36206941027214823,-0.5367001286437503,-1.262431268450093,0.7813920496300597,-0.2852115724793929,1.5289783572009146,0.30985805319435167,-0.7150738826235884,0.03560568590174467,4.171268129332915,-0.35867624489035876,0.7945124291035353,-0.5167110326499096,1.0115610777177464,0.5002993116101648,-3.2757193223247443,0.5122442736515016,1.3468541764076536,1.1406528759263421,0.7748212760494178,1.6005500639311296,-0.5423735976260254,0.5570441919893597,1.0230864811853158,0.8965839707370178,-0.406980507465878,-0.68407807944912,-0.6108712617933298,-0.5727455641977729,-0.8096765179088081,0.7809978568940775,0.08008747106154226,-0.9882720345885417
1.6847062931317278,-0.8754984077249564,0.22103487785398448,-1.6319184706157481,-0.6439209162167846,0.36206941027214823,-1.4260889132533936,-1.262431268450093,-0.02232548713228734,-0.2852115724793929,0.6949901623640521,-1.593034932305078,-0.7150738826235884,-1.1635019296279825,1.121685547383641,-0.35867624489035876,0.7945124291035353,-0.5167110326499096,-0.9885710532241613,-1.9988034698300843,-3.2757193223247443,0.5122442736515016,-0.7424708758502816,1.1406528759263421,0.7748212760494178,0.7325114838043248,0.5549869371057006,-0.22147540163432355,1.0230864811853158,-0.7144894637714961,-1.7483779811655664,-1.5977380132805248,-0.019266811596450106,-1.7315563568769876,0.05743248768018408,0.4028152211809899,0.08008747106154226,-1.4845471688407965
-0.5935752742640285,-0.8754984077249564,-0.5858197112353846,0.612775710310261,-0.6439209162167846,0.36206941027214823,-0.5367001286437503,-0.35285346012580227,0.7813920496300597,-0.2852115724793929,1.5289783572009146,0.30985805319435167,0.6522102445907456,0.03560568590174467,-0.403105743590996,-0.35867624489035876,-1.2586335510551052,1.9353176859251158,1.0115610777177464,-1.9988034698300843,0.30527646040513345,0.5122442736515016,-0.7424708758502816,-1.0030763814401766,0.7748212760494178,0.7325114838043248,-0.5423735976260254,1.335563785613043,1.0230864811853158,-0.39227477686979334,0.5990675978088884,0.5341351656594198,-0.019266811596450106,0.5860652284814418,-0.29583414422644244,0.7809978568940775,0.08008747106154226,-0.49199690033628696
-0.5935752742640285,-0.8754984077249564,-0.5858197112353846,0.612775710310261,-0.6439209162167846,0.36206941027214823,-0.5367001286437503,-0.35285346012580227,-0.02232548713228734,-0.2852115724793929,-0.13899803247281048,0.30985805319435167,-0.7150738826235884,0.03560568590174467,-0.403105743590996,-0.35867624489035876,0.7945124291035353,-0.5167110326499096,-0.9885710532241613,-1.9988034698300843,0.30527646040513345,0.5122442736515016,-0.7424708758502816,1.1406528759263421,-2.1349391994742954,1.6005500639311296,-0.5423735976260254,-0.9999949952580068,0.3208496065255724,-0.7144894637714961,0.2637182293839663,0.22958185438228482,-0.019266811596450106,0.2549764305730948,1.1172323834000635,0.0246325854679023,0.08008747106154226,-0.49199690033628696
-0.5935752742640285,1.142206531932559,0.22103487785398448,0.612775710310261,-0.6439209162167846,0.36206941027214823,1.2420774405755364,1.466302156522779,0.7813920496300597,2.0319937323337296,-0.13899803247281048,0.30985805319435167,-0.7150738826235884,-1.1635019296279825,-0.403105743590996,-0.35867624489035876,-1.2586335510551052,-0.5167110326499096,-0.9885710532241613,0.5002993116101648,0.30527646040513345,0.5122442736515016,-0.7424708758502816,1.1406528759263421,-1.1650190409663912,-0.13552709632247995,-0.5423735976260254,-0.22147540163432355,1.0230864811853158,-0.07006008996809053,1.9404650715085767,1.1432417882136896,-1.2024757119902096,1.579331622206483,-0.7904074288957195,-0.3535500502451853,-1.206240525680768,1.4931036366727322
1.6847062931317278,1.142206531932559,1.0278894669433536,0.612775710310261,1.5529857391110689,0.36206941027214823,-1.4260889132533936,-1.262431268450093,-1.6297605606569814,-2.6024168772925154,-0.972986227309673,0.30985805319435167,0.6522102445907456,0.03560568590174467,-0.403105743590996,-0.35867624489035876,0.7945124291035353,-0.5167110326499096,1.0115610777177464,0.5002993116101648,0.30527646040513345,-1.9521936143308383,-0.7424708758502816,0.06878824724308273,-0.19509888245848667,-0.13552709632247995,-0.5423735976260254,1.335563785613043,1.0230864811853158,0.25215459693361225,-0.406980507465878,-0.68407807944912,-0.6108712617933298,-0.5727455641977729,-0.6995674378340155,0.4028152211809899,0.08008747106154226,-1.4845471688407965
-0.5935752742640285,1.142206531932559,0.22103487785398448,-1.6319184706157481,-0.6439209162167846,0.36206941027214823,-1.4260889132533936,-0.35285346012580227,-1.6297605606569814,-2.6024168772925154,-0.13899803247281048,0.30985805319435167,-0.7150738826235884,0.03560568590174467,-0.403105743590996,-0.35867624489035876,0.7945124291035353,1.9353176859251158,1.0115610777177464,-1.9988034698300843,0.30527646040513345,-1.9521936143308383,1.3468541764076536,-1.0030763814401766,1.7447414345573222,-1.0035656764492848,0.5549869371057006,-0.22147540163432355,-1.7858610174536578,-0.39227477686979334,1.2697663346587327,0.8386884769365547,-0.6108712617933298,1.0826984253439624,-0.29583414422644244,-0.3535500502451853,1.3664154678038525,-0.9882720345885417
-0.5935752742640285,1.142206531932559,-1.3926743003247537,0.612775710310261,-0.6439209162167846,0.36206941027214823,0.35268865596589305,1.466302156522779,0.7813920496300597,0.8733910799271684,-0.13899803247281048,-1.593034932305078,-0.7150738826235884,-1.1635019296279825,-0.403105743590996,2.788029634651948,-1.2586335510551052,-0.5167110326499096,-0.9885710532241613,0.5002993116101648,0.30527646040513345,0.5122442736515016,-0.7424708758502816,1.1406528759263421,1.7447414345573222,1.6005500639311296,1.6523474718374265,-0.22147540163432355,1.0230864811853158,-0.39227477686979334,-0.7423298758908001,-0.68407807944912,-0.019266811596450106,-0.7382899631519464,-0.6491007761330689,1.1591804926071652,0.08008747106154226,0.9968285024204774
1.6847062931317278,-0.8754984077249564,0.22103487785398448,0.612775710310261,-0.6439209162167846,0.36206941027214823,-0.5367001286437503,-0.35285346012580227,-0.02232548713228734,-2.6024168772925154,-0.972986227309673,0.30985805319435167,-0.7150738826235884,-1.1635019296279825,-0.403105743590996,-0.35867624489035876,0.7945124291035353,-0.5167110326499096,1.0115610777177464,0.5002993116101648,-3.2757193223247443,-1.9521936143308383,-0.7424708758502816,0.06878824724308273,1.7447414345573222,-0.13552709632247995,-0.5423735976260254,-0.9999949952580068,1.0230864811853158,-0.07006008996809053,-0.7423298758908001,-0.68407807944912,-0.019266811596450106,-0.7382899631519464,-0.7904074288957195,-0.7317326859582729,0.08008747106154226,-0.49199690033628696
-0.5935752742640285,-0.8754984077249564,-0.5858197112353846,0.612775710310261,1.5529857391110689,0.36206941027214823,-0.5367001286437503,-0.35285346012580227,0.7813920496300597,0.8733910799271684,-0.972986227309673,0.30985805319435167,2.0194943718050795,0.03560568590174467,-0.403105743590996,-0.35867624489035876,0.7945124291035353,1.9353176859251158,-0.9885710532241613,0.5002993116101648,0.30527646040513345,0.5122442736515016,-0.7424708758502816,0.06878824724308273,-0.19509888245848667,-0.13552709632247995,0.5549869371057006,0.5570441919893597,0.3208496065255724,-0.39227477686979334,0.2637182293839663,0.5341351656594198,0.5723376386004296,0.4205208295272683,-0.29583414422644244,0.4028152211809899,1.3664154678038525,-0.49199690033628696
1.6847062931317278,1.142206531932559,1.0278894669433536,0.612775710310261,-0.6439209162167846,0.36206941027214823,0.35268865596589305,0.5567243481984884,-1.6297605606569814,-2.6024168772925154,-0.972986227309673,0.30985805319435167,-0.7150738826235884,0.03560568590174467,2.6464768383582777,-0.35867624489035876,0.7945124291035353,-0.5167110326499096,1.0115610777177464,0.5002993116101648,-3.2757193223247443,0.5122442736515016,-0.7424708758502816,0.06878824724308273,0.7748212760494178,1.6005500639311296,-0.5423735976260254,0.5570441919893597,-0.381387268134171,0.7354766272861665,-2.4190767180154107,-0.9886313907262549,2.3471509891910687,-1.7315563568769876,-0.7904074288957195,0.7809978568940775,0.08008747106154226,0.5005533681682226
-0.5935752742640285,-0.8754984077249564,0.22103487785398448,0.612775710310261,-0.6439209162167846,0.36206941027214823,1.2420774405755364,1.466302156522779,1.5851095863924067,0.8733910799271684,-0.972986227309673,0.30985805319435167,-0.7150738826235884,1.2347133014314717,-0.403105743590996,-0.35867624489035876,0.7945124291035353,1.9353176859251158,1.0115610777177464,0.5002993116101648,0.30527646040513345,0.5122442736515016,-0.7424708758502816,1.1406528759263421,0.7748212760494178,0.7325114838043248,-0.5423735976260254,0.5570441919893597,0.3208496065255724,0.4132619403844636,-0.406980507465878,-0.68407807944912,-0.6108712617933298,-0.5727455641977729,-0.6049424471447405,0.4028152211809899,1.3664154678038525,1.4931036366727322
1.6847062931317278,1.142206531932559,1.8347440560327226,0.612775710310261,1.5529857391110689,0.36206941027214823,-1.4260889132533936,-1.262431268450093,-0.02232548713228734,-2.6024168772925154,-0.972986227309673,-1.593034932305078,-0.7150738826235884,-1.1635019296279825,-0.403105743590996,-0.35867624489035876,-1.2586335510551052,-0.5167110326499096,-0.9885710532241613,0.5002993116101648,0.30527646040513345,0.5122442736515016,-0.7424708758502816,-1.0030763814401766,-1.1650190409663912,-0.13552709632247995,1.6523474718374265,0.5570441919893597,1.0230864811853158,0.09104725348276087,-1.0776792443157222,-0.68407807944912,0.5723376386004296,-0.9038343621061199,-0.8257340920863822,0.7809978568940775,-1.206240525680768,-1.4845471688407965
-0.5935752742640285,-0.8754984077249564,-0.5858197112353846,0.612775710310261,-0.6439209162167846,0.36206941027214823,0.35268865596589305,0.5567243481984884,-0.02232548713228734,-0.2852115724793929,1.5289783572009146,0.30985805319435167,2.0194943718050795,0.03560568590174467,-0.403105743590996,2.788029634651948,0.7945124291035353,-0.5167110326499096,1.0115610777177464,0.5002993116101648,0.30527646040513345,-1.9521936143308383,-0.7424708758502816,1.1406528759263421,-0.19509888245848667,-1.0035656764492848,-0.5423735976260254,-0.9999949952580068,0.3208496065255724,-0.39227477686979334,0.5990675978088884,0.8386884769365547,0.5723376386004296,0.7516096274356154,-0.29583414422644244,-1.1099153216713604,1.3664154678038525,0.5005533681682226
-0.5935752742640285,-0.8754984077249564,-0.5858197112353846,0.612775710310261,-0.6439209162167846,0.36206941027214823,-0.5367001286437503,-0.35285346012580227,0.7813920496300597,-0.2852115724793929,1.5289783572009146,0.30985805319435167,0.6522102445907456,0.03560568590174467,-0.403105743590996,-0.35867624489035876,-1.2586335510551052,-0.5167110326499096,1.0115610777177464,-1.9988034698300843,0.30527646040513345,0.5122442736515016,-0.7424708758502816,-1.0030763814401766,0.7748212760494178,0.7325114838043248,-0.5423735976260254,1.335563785613043,1.0230864811853158,-0.7144894637714961,0.5990675978088884,0.22958185438228482,-0.6108712617933298,0.4205208295272683,1.1172323834000635,0.7809978568940775,-1.206240525680768,-0.49199690033628696
1.6847062931317278,-0.8754984077249564,-0.5858197112353846,0.612775710310261,1.5529857391110689,0.36206941027214823,1.2420774405755364,-1.262431268450093,-0.02232548713228734,-0.2852115724793929,-0.13899803247281048,0.30985805319435167,0.6522102445907456,0.03560568590174467,-0.403105743590996,-0.35867624489035876,0.7945124291035353,-0.5167110326499096,1.0115610777177464,0.5002993116101648,0.30527646040513345,0.5122442736515016,-0.7424708758502816,-3.1468056388066956,-1.1650190409663912,0.7325114838043248,0.5549869371057006,-0.22147540163432355,-1.7858610174536578,0.574369283835315,-0.7423298758908001,-0.37952476817198505,0.5723376386004296,-0.5727455641977729,-0.7668563201019444,0.4028152211809899,0.08008747106154226,0.004278233915967804
-0.5935752742640285,-0.8754984077249564,-1.3926743003247537,0.612775710310261,-0.6439209162167846,0.36206941027214823,1.2420774405755364,1.466302156522779,1.5851095863924067,2.0319937323337296,-0.972986227309673,0.30985805319435167,0.6522102445907456,-1.1635019296279825,-0.403105743590996,-0.35867624489035876,-1.2586335510551052,-0.5167110326499096,1.0115610777177464,0.5002993116101648,0.30527646040513345,0.5122442736515016,-0.7424708758502816,0.06878824724308273,-0.19509888245848667,-1.0035656764492848,-0.5423735976260254,-0.9999949952580068,1.0230864811853158,-0.7144894637714961,1.6051157030836547,1.4477950994908246,-0.019266811596450106,1.579331622206483,0.05743248768018408,-1.1099153216713604,-1.206240525680768,1.4931036366727322
-0.5935752742640285,-0.8754984077249564,-0.5858197112353846,0.612775710310261,-0.6439209162167846,0.36206941027214823,1.2420774405755364,1.466302156522779,-0.8260430238946344,-1.443814224885954,1.5289783572009146,0.30985805319435167,-0.7150738826235884,0.03560568590174467,-0.403105743590996,-0.35867624489035876,0.7945124291035353,-0.5167110326499096,-0.9885710532241613,0.5002993116101648,0.30527646040513345,0.5122442736515016,1.3468541764076536,0.06878824724308273,0.7748212760494178,-1.0035656764492848,-0.5423735976260254,-0.9999949952580068,-0.381387268134171,-0.7144894637714961,1.6051157030836547,1.4477950994908246,-0.019266811596450106,1.579331622206483,1.1172323834000635,-1.1099153216713604,0.08008747106154226,1.4931036366727322
-0.5935752742640285,-0.8754984077249564,-0.5858197112353846,0.612775710310261,1.5529857391110689,0.36206941027214823,-0.5367001286437503,-0.35285346012580227,-0.02232548713228734,-2.6024168772925154,-0.972986227309673,-1.593034932305078,0.6522102445907456,0.03560568590174467,1.121685547383641,2.788029634651948,-1.2586335510551052,-0.5167110326499096,1.0115610777177464,0.5002993116101648,0.30527646040513345,0.5122442736515016,-0.7424708758502816,0.06878824724308273,-0.19509888245848667,-0.13552709632247995,0.5549869371057006,-0.22147540163432355,1.0230864811853158,1.5410133445404235,-0.406980507465878,-0.37952476817198505,-0.019266811596450106,-0.4072011652435993,-0.8610607552770447,0.0246325854679023,0.08008747106154226,-0.49199690033628696
-0.5935752742640285,-0.8754984077249564,1.8347440560327226,0.612775710310261,1.5529857391110689,-2.7619013692660572,-0.5367001286437503,0.5567243481984884,-1.6297605606569814,-0.2852115724793929,-0.13899803247281048,2.2127510386937814,0.6522102445907456,-1.1635019296279825,1.121685547383641,-0.35867624489035876,-1.2586335510551052,-0.5167110326499096,-0.9885710532241613,0.5002993116101648,-3.2757193223247443,0.5122442736515016,-0.7424708758502816,-2.0749410101234362,-1.1650190409663912,-0.13552709632247995,1.6523474718374265,1.335563785613043,1.0230864811853158,1.8632280314421263,-0.406980507465878,-0.07497145689485012,0.5723376386004296,-0.24165676628942578,-0.9400262377032318,1.1591804926071652,-1.206240525680768,0.004278233915967804
-0.5935752742640285,1.142206531932559,-1.3926743003247537,0.612775710310261,1.5529857391110689,0.36206941027214823,1.2420774405755364,1.466302156522779,1.5851095863924067,-0.2852115724793929,-0.13899803247281048,2.2127510386937814,-0.7150738826235884,-1.1635019296279825,-0.403105743590996,-0.35867624489035876,0.7945124291035353,-0.5167110326499096,-0.9885710532241613,-1.9988034698300843,0.30527646040513345,0.5122442736515016,1.3468541764076536,1.1406528759263421,0.7748212760494178,-0.13552709632247995,0.5549869371057006,1.335563785613043,1.0230864811853158,0.574369283835315,0.2637182293839663,0.22958185438228482,-0.019266811596450106,0.2549764305730948,-0.8846118640708197,0.7809978568940775,0.08008747106154226,1.4931036366727322
-0.5935752742640285,1.142206531932559,1.0278894669433536,0.612775710310261,1.5529857391110689,0.36206941027214823,1.2420774405755364,0.5567243481984884,1.5851095863924067,0.8733910799271684,-0.972986227309673,0.30985805319435167,0.6522102445907456,-1.1635019296279825,-0.403105743590996,-0.35867624489035876,-1.2586335510551052,1.9353176859251158,1.0115610777177464,0.5002993116101648,0.30527646040513345,0.5122442736515016,-0.7424708758502816,0.06878824724308273,-1.1650190409663912,-0.13552709632247995,-0.5423735976260254,-0.22147540163432355,-1.7858610174536578,0.574369283835315,-0.406980507465878,-0.07497145689485012,0.5723376386004296,-0.24165676628942578,-0.8846118640708197,-0.3535500502451853,0.08008747106154226,0.9968285024204774
1.6847062931317278,-0.8754984077249564,-0.5858197112353846,-1.6319184706157481,-0.6439209162167846,0.36206941027214823,-0.5367001286437503,-0.35285346012580227,-1.6297605606569814,-0.2852115724793929,-0.972986227309673,0.30985805319435167,0.6522102445907456,0.03560568590174467,1.121685547383641,-0.35867624489035876,0.7945124291035353,-0.5167110326499096,1.0115610777177464,-1.9988034698300843,0.30527646040513345,-1.9521936143308383,-0.7424708758502816,0.06878824724308273,0.7748212760494178,0.7325114838043248,0.5549869371057006,0.5570441919893597,1.0230864811853158,-0.39227477686979334,0.2637182293839663,-0.07497145689485012,-0.6108712617933298,0.08943203161892128,-0.29583414422644244,0.7809978568940775,0.08008747106154226,-0.49199690033628696
-0.5935752742640285,1.142206531932559,-1.3926743003247537,0.612775710310261,-0.6439209162167846,0.36206941027214823,1.2420774405755364,1.466302156522779,0.7813920496300597,2.0319937323337296,-0.972986227309673,-1.593034932305078,-0.7150738826235884,0.03560568590174467,-0.403105743590996,-0.35867624489035876,0.7945124291035353,-0.5167110326499096,1.0115610777177464,0.5002993116101648,0.30527646040513345,0.5122442736515016,-0.7424708758502816,0.06878824724308273,-0.19509888245848667,-0.13552709632247995,-0.5423735976260254,-0.9999949952580068,1.0230864811853158,-0.7144894637714961,0.9344169662338104,1.1432417882136896,0.5723376386004296,1.0826984253439624,1.1172323834000635,-0.7317326859582729,0.08008747106154226,1.4931036366727322
-0.5935752742640285,-0.8754984077249564,1.0278894669433536,0.612775710310261,-0.6439209162167846,0.36206941027214823,0.35268865596589305,0.5567243481984884,-1.6297605606569814,-0.2852115724793929,-0.972986227309673,-1.593034932305078,-0.7150738826235884,0.03560568590174467,-0.403105743590996,-0.35867624489035876,0.7945124291035353,-0.5167110326499096,-0.9885710532241613,0.5002993116101648,0.30527646040513345,0.5122442736515016,-0.7424708758502816,0.06878824724308273,-2.1349391994742954,0.7325114838043248,-0.5423735976260254,-0.9999949952580068,-0.381387268134171,0.574369283835315,-0.07163113904095586,0.22958185438228482,0.5723376386004296,0.08943203161892128,-0.7668563201019444,-0.3535500502451853,0.08008747106154226,0.5005533681682226
-0.5935752742640285,-0.8754984077249564,1.8347440560327226,0.612775710310261,-0.6439209162167846,0.36206941027214823,-2.3154776978630367,-1.262431268450093,-1.6297605606569814,-0.2852115724793929,-0.972986227309673,2.2127510386937814,-0.7150738826235884,0.03560568590174467,4.171268129332915,-0.35867624489035876,0.7945124291035353,-0.5167110326499096,-0.9885710532241613,-1.9988034698300843,-3.2757193223247443,-1.9521936143308383,-0.7424708758502816,-1.0030763814401766,0.7748212760494178,-1.0035656764492848,-0.5423735976260254,-0.9999949952580068,1.0230864811853158,-0.39227477686979334,-1.4130286127406444,-0.9886313907262549,0.5723376386004296,-1.234923160014467,-0.29583414422644244,-1.1099153216713604,0.08008747106154226,-1.9808223030930514
-0.5935752742640285,-0.8754984077249564,-0.5858197112353846,0.612775710310261,-0.6439209162167846,0.36206941027214823,-0.5367001286437503,-0.35285346012580227,-1.6297605606569814,-0.2852115724793929,-0.13899803247281048,0.30985805319435167,-0.7150738826235884,0.03560568590174467,1.121685547383641,2.788029634651948,-1.2586335510551052,-0.5167110326499096,1.0115610777177464,0.5002993116101648,0.30527646040513345,0.5122442736515016,-0.7424708758502816,-1.0030763814401766,-2.1349391994742954,-1.0035656764492848,-0.5423735976260254,-0.9999949952580068,1.0230864811853158,0.25215459693361225,-0.406980507465878,0.5341351656594198,1.755546538994189,0.08943203161892128,-0.6995674378340155,-1.1099153216713604,0.08008747106154226,-0.49199690033628696
-0.5935752742640285,-0.8754984077249564,-0.5858197112353846,0.612775710310261,-0.6439209162167846,0.36206941027214823,1.2420774405755364,1.466302156522779,-0.8260430238946344,-0.2852115724793929,-0.13899803247281048,0.30985805319435167,-0.7150738826235884,-1.1635019296279825,-0.403105743590996,-0.35867624489035876,0.7945124291035353,-0.5167110326499096,-0.9885710532241613,0.5002993116101648,0.30527646040513345,0.5122442736515016,-0.7424708758502816,0.06878824724308273,0.7748212760494178,0.7325114838043248,-0.5423735976260254,-0.22147540163432355,-1.0836241427939144,-0.07006008996809053,0.9344169662338104,0.8386884769365547,-0.019266811596450106,0.9171540263897889,-0.7904074288957195,0.0246325854679023,0.08008747106154226,1.4931036366727322
1.6847062931317278,-0.8754984077249564,1.0278894669433536,-1.6319184706157481,1.5529857391110689,0.36206941027214823,1.2420774405755364,1.466302156522779,1.5851095863924067,0.8733910799271684,-0.972986227309673,0.30985805319435167,-0.7150738826235884,0.03560568590174467,-0.403105743590996,-0.35867624489035876,-1.2586335510551052,-0.5167110326499096,1.0115610777177464,0.5002993116101648,0.30527646040513345,0.5122442736515016,-0.7424708758502816,1.1406528759263421,0.7748212760494178,-0.13552709632247995,1.6523474718374265,1.335563785613043,-1.0836241427939144,-0.5533821203206447,0.5990675978088884,0.8386884769365547,0.5723376386004296,0.7516096274356154,0.05743248768018408,1.1591804926071652,-1.206240525680768,1.4931036366727322
-0.5935752742640285,-0.8754984077249564,-1.3926743003247537,-1.6319184706157481,-0.6439209162167846,0.36206941027214823,-1.4260889132533936,-1.262431268450093,-0.02232548713228734,-0.2852115724793929,1.5289783572009146,0.30985805319435167,-0.7150738826235884,0.03560568590174467,-0.403105743590996,2.788029634651948,0.7945124291035353,-0.5167110326499096,-0.9885710532241613,-1.9988034698300843,0.30527646040513345,0.5122442736515016,1.3468541764076536,-1.0030763814401766,-0.19509888245848667,0.7325114838043248,0.5549869371057006,1.335563785613043,1.0230864811853158,-0.39227477686979334,0.5990675978088884,-0.07497145689485012,-1.2024757119902096,0.2549764305730948,-0.29583414422644244,1.1591804926071652,1.3664154678038525,-1.4845471688407965
-0.5935752742640285,-0.8754984077249564,1.0278894669433536,0.612775710310261,-0.6439209162167846,0.36206941027214823,-1.4260889132533936,1.466302156522779,-0.02232548713228734,2.0319937323337296,-0.13899803247281048,0.30985805319435167,-0.7150738826235884,0.03560568590174467,-0.403105743590996,2.788029634651948,0.7945124291035353,-0.5167110326499096,-0.9885710532241613,-1.9988034698300843,0.30527646040513345,-1.9521936143308383,1.3468541764076536,-1.0030763814401766,0.7748212760494178,0.7325114838043248,-0.5423735976260254,-0.22147540163432355,1.0230864811853158,-0.39227477686979334,-0.406980507465878,-0.37952476817198505,-0.019266811596450106,-0.4072011652435993,-0.29583414422644244,0.0246325854679023,1.3664154678038525,0.004278233915967804
1.6847062931317278,1.142206531932559,0.22103487785398448,-1.6319184706157481,-0.6439209162167846,0.36206941027214823,-1.4260889132533936,-1.262431268450093,-0.02232548713228734,0.8733910799271684,-0.972986227309673,0.30985805319435167,0.6522102445907456,-1.1635019296279825,-0.403105743590996,-0.35867624489035876,0.7945124291035353,-0.5167110326499096,1.0115610777177464,-1.9988034698300843,0.30527646040513345,0.5122442736515016,1.3468541764076536,0.06878824724308273,1.7447414345573222,1.6005500639311296,-0.5423735976260254,0.5570441919893597,-1.0836241427939144,-0.7144894637714961,-0.406980507465878,-0.68407807944912,-0.6108712617933298,-0.5727455641977729,0.05743248768018408,0.7809978568940775,0.08008747106154226,-1.4845471688407965
1.6847062931317278,-0.8754984077249564,-0.5858197112353846,-1.6319184706157481,-0.6439209162167846,-2.7619013692660572,-0.5367001286437503,-0.35285346012580227,-0.8260430238946344,-0.2852115724793929,-0.972986227309673,0.30985805319435167,-0.7150738826235884,0.03560568590174467,-0.403105743590996,-0.35867624489035876,-1.2586335510551052,-0.5167110326499096,-0.9885710532241613,-1.9988034698300843,0.30527646040513345,-1.9521936143308383,1.3468541764076536,-1.0030763814401766,-0.19509888245848667,-1.0035656764492848,-0.5423735976260254,-0.9999949952580068,-0.381387268134171,-0.39227477686979334,-1.0776792443157222,-0.37952476817198505,1.1639420887973093,-0.7382899631519464,-0.29583414422644244,-1.1099153216713604,-1.206240525680768,-0.49199690033628696
-0.5935752742640285,1.142206531932559,-1.3926743003247537,-1.6319184706157481,-0.6439209162167846,0.36206941027214823,-0.5367001286437503,0.5567243481984884,-1.6297605606569814,0.8733910799271684,-0.972986227309673,0.30985805319435167,-0.7150738826235884,0.03560568590174467,-0.403105743590996,2.788029634651948,-1.2586335510551052,1.9353176859251158,1.0115610777177464,0.5002993116101648,0.30527646040513345,-1.9521936143308383,-0.7424708758502816,0.06878824724308273,0.7748212760494178,0.7325114838043248,-0.5423735976260254,-0.9999949952580068,-1.7858610174536578,-0.7144894637714961,-1.4130286127406444,-0.9886313907262549,0.5723376386004296,-1.234923160014467,1.1172323834000635,-0.3535500502451853,1.3664154678038525,0.004278233915967804
-0.5935752742640285,1.142206531932559,-0.5858197112353846,0.612775710310261,1.5529857391110689,0.36206941027214823,-0.5367001286437503,-0.35285346012580227,-0.02232548713228734,-0.2852115724793929,-0.13899803247281048,0.30985805319435167,-0.7150738826235884,0.03560568590174467,-0.403105743590996,-0.35867624489035876,-1.2586335510551052,-0.5167110326499096,-0.9885710532241613,0.5002993116101648,0.30527646040513345,0.5122442736515016,-0.7424708758502816,0.06878824724308273,0.7748212760494178,0.7325114838043248,-0.5423735976260254,-0.9999949952580068,-0.381387268134171,-0.7144894637714961,0.5990675978088884,0.22958185438228482,-0.6108712617933298,0.4205208295272683,1.1172323834000635,-0.3535500502451853,-1.206240525680768,-0.49199690033628696
1.6847062931317278,-0.8754984077249564,-0.5858197112353846,-1.6319184706157481,-0.6439209162167846,0.36206941027214823,-0.5367001286437503,0.5567243481984884,-1.6297605606569814,0.8733910799271684,-0.972986227309673,0.30985805319435167,0.6522102445907456,0.03560568590174467,-0.403105743590996,-0.35867624489035876,-1.2586335510551052,-0.5167110326499096,-0.9885710532241613,0.5002993116101648,0.30527646040513345,-1.9521936143308383,-0.7424708758502816,0.06878824724308273,1.7447414345573222,-1.0035656764492848,-0.5423735976260254,-0.22147540163432355,1.0230864811853158,-0.7144894637714961,1.6051157030836547,1.7523484107679594,0.5723376386004296,1.7448760211606567,1.1172323834000635,-0.7317326859582729,-1.206240525680768,0.004278233915967804
1.6847062931317278,-0.8754984077249564,0.22103487785398448,-1.6319184706157481,-0.6439209162167846,0.36206941027214823,-1.4260889132533936,-0.35285346012580227,-0.02232548713228734,0.8733910799271684,-0.972986227309673,-1.593034932305078,0.6522102445907456,0.03560568590174467,-0.403105743590996,-0.35867624489035876,-1.2586335510551052,-0.5167110326499096,-0.9885710532241613,-1.9988034698300843,0.30527646040513345,-1.9521936143308383,-0.7424708758502816,-1.0030763814401766,-1.1650190409663912,-1.0035656764492848,-0.5423735976260254,-0.22147540163432355,-0.381387268134171,-0.7144894637714961,0.2637182293839663,-0.07497145689485012,-0.6108712617933298,0.08943203161892128,1.1172323834000635,-0.7317326859582729,-1.206240525680768,-0.9882720345885417
-0.5935752742640285,1.142206531932559,-0.5858197112353846,0.612775710310261,-0.6439209162167846,0.36206941027214823,-1.4260889132533936,-2.1720090767743834,-0.02232548713228734,-0.2852115724793929,1.5289783572009146,0.30985805319435167,0.6522102445907456,0.03560568590174467,-0.403105743590996,-0.35867624489035876,0.7945124291035353,-0.5167110326499096,1.0115610777177464,0.5002993116101648,0.30527646040513345,0.5122442736515016,1.3468541764076536,0.06878824724308273,-0.19509888245848667,-1.0035656764492848,-0.5423735976260254,-0.9999949952580068,-0.381387268134171,-0.7144894637714961,1.6051157030836547,1.7523484107679594,0.5723376386004296,1.7448760211606567,1.1172323834000635,-1.1099153216713604,0.08008747106154226,-1.9808223030930514
1.6847062931317278,1.142206531932559,0.22103487785398448,0.612775710310261,-0.6439209162167846,0.36206941027214823,0.35268865596589305,1.466302156522779,0.7813920496300597,-0.2852115724793929,0.6949901623640521,0.30985805319435167,-0.7150738826235884,0.03560568590174467,1.121685547383641,-0.35867624489035876,0.7945124291035353,-0.5167110326499096,1.0115610777177464,-1.9988034698300843,0.30527646040513345,0.5122442736515016,1.3468541764076536,1.1406528759263421,0.7748212760494178,0.7325114838043248,1.6523474718374265,1.335563785613043,1.0230864811853158,0.574369283835315,-1.0776792443157222,-0.68407807944912,0.5723376386004296,-0.9038343621061199,-0.7668563201019444,1.5373631283202527,0.08008747106154226,0.9968285024204774
-0.5935752742640285,-0.8754984077249564,-1.3926743003247537,0.612775710310261,1.5529857391110689,0.36206941027214823,-1.4260889132533936,-1.262431268450093,-1.6297605606569814,-0.2852115724793929,0.6949901623640521,0.30985805319435167,-0.7150738826235884,0.03560568590174467,-0.403105743590996,2.788029634651948,-1.2586335510551052,-0.5167110326499096,-0.9885710532241613,0.5002993116101648,0.30527646040513345,0.5122442736515016,-0.7424708758502816,0.06878824724308273,-0.19509888245848667,-1.0035656764492848,0.5549869371057006,0.5570441919893597,-0.381387268134171,0.25215459693361225,0.2637182293839663,0.5341351656594198,0.5723376386004296,0.4205208295272683,-0.6995674378340155,0.0246325854679023,0.08008747106154226,-1.4845471688407965
-0.5935752742640285,-0.8754984077249564,1.0278894669433536,-1.6319184706157481,-0.6439209162167846,0.36206941027214823,0.35268865596589305,-1.262431268450093,-0.02232548713228734,-0.2852115724793929,1.5289783572009146,0.30985805319435167,-0.7150738826235884,0.03560568590174467,1.121685547383641,-0.35867624489035876,-1.2586335510551052,-0.5167110326499096,1.0115610777177464,0.5002993116101648,0.30527646040513345,0.5122442736515016,1.3468541764076536,1.1406528759263421,-0.19509888245848667,-0.13552709632247995,-0.5423735976260254,-0.9999949952580068,0.3208496065255724,1.8632280314421263,-0.7423298758908001,-0.9886313907262549,-0.6108712617933298,-0.9038343621061199,-0.8776850673667683,-0.7317326859582729,-1.206240525680768,-0.49199690033628696
-0.5935752742640285,-0.8754984077249564,0.22103487785398448,0.612775710310261,1.5529857391110689,0.36206941027214823,-0.5367001286437503,1.466302156522779,0.7813920496300597,0.8733910799271684,-0.972986227309673,-1.593034932305078,-0.7150738826235884,0.03560568590174467,-0.403105743590996,-0.35867624489035876,-1.2586335510551052,-0.5167110326499096,1.0115610777177464,0.5002993116101648,0.30527646040513345,0.5122442736515016,1.3468541764076536,0.06878824724308273,-0.19509888245848667,-1.0035656764492848,-0.5423735976260254,-0.9999949952580068,1.0230864811853158,0.574369283835315,0.9344169662338104,1.1432417882136896,0.5723376386004296,1.0826984253439624,-0.7668563201019444,-1.1099153216713604,-1.206240525680768,0.5005533681682226
-0.5935752742640285,-0.8754984077249564,0.22103487785398448,0.612775710310261,-0.6439209162167846,0.36206941027214823,0.35268865596589305,-1.262431268450093,0.7813920496300597,0.8733910799271684,-0.972986227309673,-1.593034932305078,-0.7150738826235884,1.2347133014314717,-0.403105743590996,-0.35867624489035876,0.7945124291035353,-0.5167110326499096,-0.9885710532241613,-1.9988034698300843,0.30527646040513345,0.5122442736515016,-0.7424708758502816,-1.0030763814401766,0.7748212760494178,-0.13552709632247995,0.5549869371057006,0.5570441919893597,1.0230864811853158,-0.5533821203206447,0.2637182293839663,0.8386884769365547,1.1639420887973093,0.5860652284814418,0.5873324355401238,0.4028152211809899,0.08008747106154226,-0.49199690033628696
-0.5935752742640285,-0.8754984077249564,-1.3926743003247537,0.612775710310261,-0.6439209162167846,0.36206941027214823,1.2420774405755364,-0.35285346012580227,-0.02232548713228734,-0.2852115724793929,1.5289783572009146,0.30985805319435167,-0.7150738826235884,1.2347133014314717,-0.403105743590996,-0.35867624489035876,0.7945124291035353,-0.5167110326499096,1.0115610777177464,0.5002993116101648,0.30527646040513345,0.5122442736515016,-0.7424708758502816,1.1406528759263421,-0.19509888245848667,-0.13552709632247995,-0.5423735976260254,0.5570441919893597,-1.7858610174536578,-0.07006008996809053,1.2697663346587327,1.1432417882136896,-0.019266811596450106,1.248242824298136,-0.3664874706077677,0.0246325854679023,0.08008747106154226,0.5005533681682226
1.6847062931317278,-0.8754984077249564,0.22103487785398448,-1.6319184706157481,-0.6439209162167846,0.36206941027214823,-1.4260889132533936,-0.35285346012580227,-0.02232548713228734,-0.2852115724793929,-0.972986227309673,0.30985805319435167,-0.7150738826235884,-1.1635019296279825,-0.403105743590996,-0.35867624489035876,-1.2586335510551052,-0.5167110326499096,1.0115610777177464,0.5002993116101648,0.30527646040513345,0.5122442736515016,-0.7424708758502816,-1.0030763814401766,1.7447414345573222,1.6005500639311296,-0.5423735976260254,0.5570441919893597,-1.7858610174536578,1.5410133445404235,-1.7483779811655664,-1.9022913245576598,-0.6108712617933298,-1.897100755831161,-0.93171408165837,0.7809978568940775,-1.206240525680768,-0.9882720345885417
1.6847062931317278,-0.8754984077249564,-0.5858197112353846,-1.6319184706157481,1.5529857391110689,0.36206941027214823,-1.4260889132533936,-1.262431268450093,-1.6297605606569814,-0.2852115724793929,-0.972986227309673,-1.593034932305078,2.0194943718050795,0.03560568590174467,-0.403105743590996,-0.35867624489035876,0.7945124291035353,-0.5167110326499096,-0.9885710532241613,0.5002993116101648,0.30527646040513345,-1.9521936143308383,-0.7424708758502816,1.1406528759263421,-0.19509888245848667,-1.0035656764492848,-0.5423735976260254,-0.9999949952580068,-1.7858610174536578,-0.7144894637714961,1.6051157030836547,1.7523484107679594,0.5723376386004296,1.7448760211606567,1.1172323834000635,-1.1099153216713604,0.08008747106154226,-1.4845471688407965
1.6847062931317278,-0.8754984077249564,0.22103487785398448,0.612775710310261,1.5529857391110689,0.36206941027214823,1.2420774405755364,1.466302156522779,-1.6297605606569814,-2.6024168772925154,-0.972986227309673,0.30985805319435167,-0.7150738826235884,0.03560568590174467,-0.403105743590996,-0.35867624489035876,0.7945124291035353,-0.5167110326499096,1.0115610777177464,0.5002993116101648,0.30527646040513345,0.5122442736515016,1.3468541764076536,-2.0749410101234362,-0.19509888245848667,0.7325114838043248,-0.5423735976260254,-0.9999949952580068,-1.7858610174536578,-0.07006008996809053,1.2697663346587327,0.8386884769365547,-0.6108712617933298,1.0826984253439624,-0.5784474497517436,-0.3535500502451853,0.08008747106154226,1.4931036366727322
-0.5935752742640285,1.142206531932559,0.22103487785398448,0.612775710310261,-0.6439209162167846,0.36206941027214823,0.35268865596589305,-1.262431268450093,0.7813920496300597,-0.2852115724793929,0.6949901623640521,0.30985805319435167,-0.7150738826235884,0.03560568590174467,-0.403105743590996,-0.35867624489035876,-1.2586335510551052,1.9353176859251158,1.0115610777177464,0.5002993116101648,0.30527646040513345,0.5122442736515016,1.3468541764076536,1.1406528759263421,0.7748212760494178,0.7325114838043248,1.6523474718374265,1.335563785613043,1.0230864811853158,-0.39227477686979334,-0.7423298758908001,-0.68407807944912,-0.019266811596450106,-0.7382899631519464,-0.29583414422644244,1.5373631283202527,0.08008747106154226,-0.49199690033628696
-0.5935752742640285,-0.8754984077249564,1.8347440560327226,0.612775710310261,1.5529857391110689,0.36206941027214823,-1.4260889132533936,-1.262431268450093,-1.6297605606569814,-0.2852115724793929,1.5289783572009146,2.2127510386937814,-0.7150738826235884,0.03560568590174467,1.121685547383641,2.788029634651948,0.7945124291035353,-0.5167110326499096,1.0115610777177464,-1.9988034698300843,0.30527646040513345,0.5122442736515016,-0.7424708758502816,0.06878824724308273,0.7748212760494178,-0.13552709632247995,-0.5423735976260254,0.5570441919893597,-0.381387268134171,2.185442718343829,0.2637182293839663,-0.37952476817198505,-1.2024757119902096,-0.07611236733525226,-0.890809524279708,0.0246325854679023,1.3664154678038525,-1.4845471688407965
1.6847062931317278,-0.8754984077249564,-1.3926743003247537,-1.6319184706157481,1.5529857391110689,0.36206941027214823,-0.5367001286437503,-0.35285346012580227,-0.02232548713228734,-0.2852115724793929,0.6949901623640521,-1.593034932305078,-0.7150738826235884,1.2347133014314717,-0.403105743590996,2.788029634651948,0.7945124291035353,-0.5167110326499096,-0.9885710532241613,0.5002993116101648,0.30527646040513345,-1.9521936143308383,-0.7424708758502816,0.06878824724308273,0.7748212760494178,-0.13552709632247995,0.5549869371057006,-0.22147540163432355,1.0230864811853158,-0.39227477686979334,0.9344169662338104,-0.07497145689485012,-1.7940801621870894,0.4205208295272683,0.05743248768018408,0.0246325854679023,1.3664154678038525,-0.49199690033628696
-0.5935752742640285,-0.8754984077249564,-0.5858197112353846,0.612775710310261,-0.6439209162167846,0.36206941027214823,-0.5367001286437503,-0.35285346012580227,0.7813920496300597,0.8733910799271684,-0.13899803247281048,0.30985805319435167,-0.7150738826235884,-1.1635019296279825,-0.403105743590996,-0.35867624489035876,0.7945124291035353,-0.5167110326499096,-0.9885710532241613,-1.9988034698300843,0.30527646040513345,0.5122442736515016,-0.7424708758502816,-3.1468056388066956,-1.1650190409663912,-1.0035656764492848,-0.5423735976260254,0.5570441919893597,1.0230864811853158,0.25215459693361225,-0.406980507465878,-0.07497145689485012,0.5723376386004296,-0.24165676628942578,-0.8509674229368555,-0.3535500502451853,0.08008747106154226,-0.49199690033628696
-0.5935752742640285,1.142206531932559,0.22103487785398448,0.612775710310261,-0.6439209162167846,0.36206941027214823,0.35268865596589305,0.5567243481984884,-0.02232548713228734,-0.2852115724793929,1.5289783572009146,-1.593034932305078,-0.7150738826235884,0.03560568590174467,-0.403105743590996,-0.35867624489035876,-1.2586335510551052,-0.5167110326499096,1.0115610777177464,-1.9988034698300843,0.30527646040513345,0.5122442736515016,-0.7424708758502816,0.06878824724308273,-0.19509888245848667,0.7325114838043248,-0.5423735976260254,1.335563785613043,0.3208496065255724,-0.07006008996809053,-0.07163113904095586,-0.68407807944912,-1.2024757119902096,-0.4072011652435993,-0.5784474497517436,0.7809978568940775,-1.206240525680768,0.5005533681682226
-0.5935752742640285,-0.8754984077249564,1.0278894669433536,0.612775710310261,1.5529857391110689,-2.7619013692660572,-0.5367001286437503,1.466302156522779,0.7813920496300597,-0.2852115724793929,-0.972986227309673,0.30985805319435167,0.6522102445907456,0.03560568590174467,1.121685547383641,-0.35867624489035876,0.7945124291035353,-0.5167110326499096,-0.9885710532241613,0.5002993116101648,0.30527646040513345,0.5122442736515016,-0.7424708758502816,0.06878824724308273,-0.19509888245848667,-0.13552709632247995,-0.5423735976260254,-0.9999949952580068,-0.381387268134171,2.185442718343829,-0.406980507465878,-0.37952476817198505,-0.019266811596450106,-0.4072011652435993,-0.890809524279708,-0.7317326859582729,0.08008747106154226,0.5005533681682226
-0.5935752742640285,1.142206531932559,-0.5858197112353846,0.612775710310261,-0.6439209162167846,0.36206941027214823,-1.4260889132533936,-2.1720090767743834,-0.02232548713228734,-0.2852115724793929,1.5289783572009146,0.30985805319435167,0.6522102445907456,0.03560568590174467,-0.403105743590996,-0.35867624489035876,0.7945124291035353,1.9353176859251158,1.0115610777177464,0.5002993116101648,0.30527646040513345,0.5122442736515016,1.3468541764076536,0.06878824724308273,-0.19509888245848667,-1.0035656764492848,-0.5423735976260254,-0.9999949952580068,-0.381387268134171,-0.39227477686979334,0.5990675978088884,1.1432417882136896,1.1639420887973093,0.9171540263897889,-0.29583414422644244,-1.1099153216713604,1.3664154678038525,-1.9808223030930514
1.6847062931317278,1.142206531932559,1.0278894669433536,-1.6319184706157481,1.5529857391110689,0.36206941027214823,-1.4260889132533936,-1.262431268450093,-1.6297605606569814,-0.2852115724793929,0.6949901623640521,0.30985805319435167,0.6522102445907456,0.03560568590174467,1.121685547383641,-0.35867624489035876,-1.2586335510551052,-0.5167110326499096,1.0115610777177464,-1.9988034698300843,-3.2757193223247443,-1.9521936143308383,-0.7424708758502816,0.06878824724308273,0.7748212760494178,-0.13552709632247995,0.5549869371057006,0.5570441919893597,1.0230864811853158,-0.39227477686979334,0.5990675978088884,0.22958185438228482,-0.6108712617933298,0.4205208295272683,-0.29583414422644244,0.4028152211809899,-1.206240525680768,-1.4845471688407965
1.6847062931317278,-0.8754984077249564,-0.5858197112353846,0.612775710310261,1.5529857391110689,0.36206941027214823,-1.4260889132533936,-1.262431268450093,-1.6297605606569814,-0.2852115724793929,0.6949901623640521,0.30985805319435167,2.0194943718050795,0.03560568590174467,-0.403105743590996,-0.35867624489035876,0.7945124291035353,-0.5167110326499096,-0.9885710532241613,0.5002993116101648,0.30527646040513345,0.5122442736515016,-0.7424708758502816,0.06878824724308273,-0.19509888245848667,-1.0035656764492848,-0.5423735976260254,0.5570441919893597,1.0230864811853158,0.25215459693361225,-1.7483779811655664,-0.9886313907262549,1.1639420887973093,-1.4004675589686404,-0.6995674378340155,-0.3535500502451853,0.08008747106154226,-1.4845471688407965
-0.5935752742640285,1.142206531932559,-0.5858197112353846,0.612775710310261,1.5529857391110689,0.36206941027214823,-1.4260889132533936,-1.262431268450093,0.7813920496300597,-0.2852115724793929,-0.972986227309673,0.30985805319435167,-0.7150738826235884,0.03560568590174467,2.6464768383582777,-0.35867624489035876,-1.2586335510551052,-0.5167110326499096,-0.9885710532241613,0.5002993116101648,0.30527646040513345,-1.9521936143308383,1.3468541764076536,0.06878824724308273,0.7748212760494178,0.7325114838043248,-0.5423735976260254,0.5570441919893597,1.0230864811853158,-0.7144894637714961,-0.406980507465878,-0.37952476817198505,-0.019266811596450106,-0.4072011652435993,1.1172323834000635,0.4028152211809899,-1.206240525680768,-1.4845471688407965
-0.5935752742640285,-0.8754984077249564,0.22103487785398448,0.612775710310261,1.5529857391110689,0.36206941027214823,1.2420774405755364,-0.35285346012580227,1.5851095863924067,0.8733910799271684,1.5289783572009146,0.30985805319435167,-0.7150738826235884,2.4338209169611993,-0.403105743590996,-0.35867624489035876,0.7945124291035353,1.9353176859251158,1.0115610777177464,0.5002993116101648,0.30527646040513345,0.5122442736515016,-0.7424708758502816,0.06878824724308273,-1.1650190409663912,-0.13552709632247995,-0.5423735976260254,-0.9999949952580068,0.3208496065255724,0.25215459693361225,0.9344169662338104,0.22958185438228482,-1.2024757119902096,0.5860652284814418,-0.3967674676283357,-0.7317326859582729,1.3664154678038525,0.5005533681682226
-0.5935752742640285,-0.8754984077249564,1.0278894669433536,0.612775710310261,-0.6439209162167846,0.36206941027214823,1.2420774405755364,1.466302156522779,-0.8260430238946344,-1.443814224885954,1.5289783572009146,-1.593034932305078,-0.7150738826235884,0.03560568590174467,1.121685547383641,2.788029634651948,0.7945124291035353,-0.5167110326499096,1.0115610777177464,0.5002993116101648,0.30527646040513345,0.5122442736515016,1.3468541764076536,-2.0749410101234362,0.7748212760494178,0.7325114838043248,-0.5423735976260254,-0.9999949952580068,0.3208496065255724,1.702120687991275,-0.7423298758908001,-0.9886313907262549,-0.6108712617933298,-0.9038343621061199,-0.8698924210747104,-0.3535500502451853,1.3664154678038525,1.4931036366727322
-0.5935752742640285,-0.8754984077249564,-0.5858197112353846,0.612775710310261,1.5529857391110689,0.36206941027214823,0.35268865596589305,0.5567243481984884,-0.02232548713228734,-0.2852115724793929,1.5289783572009146,0.30985805319435167,0.6522102445907456,0.03560568590174467,-0.403105743590996,-0.35867624489035876,0.7945124291035353,1.9353176859251158,1.0115610777177464,0.5002993116101648,0.30527646040513345,0.5122442736515016,-0.7424708758502816,0.06878824724308273,0.7748212760494178,1.6005500639311296,-0.5423735976260254,-0.9999949952580068,0.3208496065255724,-0.07006008996809053,-0.406980507465878,-0.07497145689485012,0.5723376386004296,-0.24165676628942578,-0.5784474497517436,0.0246325854679023,1.3664154678038525,0.5005533681682226
1.6847062931317278,1.142206531932559,1.0278894669433536,0.612775710310261,1.5529857391110689,0.36206941027214823,-1.4260889132533936,0.5567243481984884,-1.6297605606569814,0.8733910799271684,-0.972986227309673,0.30985805319435167,-0.7150738826235884,-1.1635019296279825,1.121685547383641,-0.35867624489035876,-1.2586335510551052,-0.5167110326499096,-0.9885710532241613,0.5002993116101648,-3.2757193223247443,0.5122442736515016,1.3468541764076536,0.06878824724308273,-0.19509888245848667,-0.13552709632247995,0.5549869371057006,0.5570441919893597,-0.381387268134171,0.4132619403844636,-1.0776792443157222,-1.29318470200339,-0.6108712617933298,-1.234923160014467,-0.8698924210747104,0.4028152211809899,-1.206240525680768,-0.49199690033628696
-0.5935752742640285,1.142206531932559,-0.5858197112353846,0.612775710310261,-0.6439209162167846,0.36206941027214823,-0.5367001286437503,0.5567243481984884,-0.02232548713228734,-0.2852115724793929,-0.13899803247281048,-1.593034932305078,0.6522102445907456,-1.1635019296279825,-0.403105743590996,-0.35867624489035876,-1.2586335510551052,-0.5167110326499096,-0.9885710532241613,0.5002993116101648,0.30527646040513345,0.5122442736515016,-0.7424708758502816,1.1406528759263421,-0.19509888245848667,-0.13552709632247995,-0.5423735976260254,-0.9999949952580068,-0.381387268134171,-0.7144894637714961,0.5990675978088884,0.8386884769365547,0.5723376386004296,0.7516096274356154,0.05743248768018408,-0.7317326859582729,-1.206240525680768,0.004278233915967804
1.6847062931317278,-0.8754984077249564,0.22103487785398448,-1.6319184706157481,-0.6439209162167846,0.36206941027214823,1.2420774405755364,-0.35285346012580227,-0.02232548713228734,-0.2852115724793929,-0.972986227309673,0.30985805319435167,0.6522102445907456,0.03560568590174467,-0.403105743590996,2.788029634651948,0.7945124291035353,-0.5167110326499096,-0.9885710532241613,-1.9988034698300843,0.30527646040513345,0.5122442736515016,-0.7424708758502816,0.06878824724308273,-0.19509888245848667,-0.13552709632247995,0.5549869371057006,0.5570441919893597,1.0230864811853158,-0.7144894637714961,1.9404650715085767,2.0569017220450942,0.5723376386004296,2.0759648190690037,1.1172323834000635,0.4028152211809899,1.3664154678038525,0.5005533681682226
-0.5935752742640285,-0.8754984077249564,1.0278894669433536,0.612775710310261,1.5529857391110689,-2.7619013692660572,-0.5367001286437503,-0.35285346012580227,0.7813920496300597,-0.2852115724793929,1.5289783572009146,0.30985805319435167,0.6522102445907456,0.03560568590174467,-0.403105743590996,-0.35867624489035876,0.7945124291035353,-0.5167110326499096,-0.9885710532241613,0.5002993116101648,0.30527646040513345,0.5122442736515016,-0.7424708758502816,0.06878824724308273,-2.1349391994742954,0.7325114838043248,-0.5423735976260254,0.5570441919893597,0.3208496065255724,0.8965839707370178,0.9344169662338104,1.7523484107679594,1.755546538994189,1.4137872232523094,-0.8096765179088081,0.4028152211809899,0.08008747106154226,-0.49199690033628696
-0.5935752742640285,1.142206531932559,-1.3926743003247537,0.612775710310261,1.5529857391110689,-2.7619013692660572,1.2420774405755364,1.466302156522779,1.5851095863924067,2.0319937323337296,-0.972986227309673,0.30985805319435167,-0.7150738826235884,-1.1635019296279825,-0.403105743590996,-0.35867624489035876,-1.2586335510551052,-0.5167110326499096,1.0115610777177464,0.5002993116101648,0.30527646040513345,0.5122442736515016,-0.7424708758502816,1.1406528759263421,1.7447414345573222,-0.13552709632247995,-0.5423735976260254,-0.9999949952580068,0.3208496065255724,0.25215459693361225,2.275814439933499,2.3614550333222293,0.5723376386004296,2.407053616977351,-0.8509674229368555,-0.7317326859582729,-1.206240525680768,1.4931036366727322
-0.5935752742640285,1.142206531932559,1.8347440560327226,-1.6319184706157481,1.5529857391110689,0.36206941027214823,-0.5367001286437503,-1.262431268450093,-1.6297605606569814,0.8733910799271684,-0.972986227309673,0.30985805319435167,0.6522102445907456,1.2347133014314717,1.121685547383641,-0.35867624489035876,-1.2586335510551052,-0.5167110326499096,1.0115610777177464,0.5002993116101648,0.30527646040513345,0.5122442736515016,1.3468541764076536,0.06878824724308273,-0.19509888245848667,-1.8716042565760895,-0.5423735976260254,-0.9999949952580068,1.0230864811853158,-0.7144894637714961,-0.7423298758908001,-0.37952476817198505,0.5723376386004296,-0.5727455641977729,2.177032279119943,-1.4880979573844482,-1.206240525680768,-0.9882720345885417
-0.5935752742640285,-0.8754984077249564,0.22103487785398448,0.612775710310261,-0.6439209162167846,-2.7619013692660572,-0.5367001286437503,-1.262431268450093,-0.02232548713228734,-0.2852115724793929,-0.972986227309673,0.30985805319435167,0.6522102445907456,1.2347133014314717,-0.403105743590996,-0.35867624489035876,-1.2586335510551052,-0.5167110326499096,1.0115610777177464,0.5002993116101648,0.30527646040513345,0.5122442736515016,1.3468541764076536,-1.0030763814401766,-1.1650190409663912,-0.13552709632247995,-0.5423735976260254,-0.22147540163432355,-0.381387268134171,0.8965839707370178,0.2637182293839663,-0.37952476817198505,-1.2024757119902096,-0.07611236733525226,-0.7133310728433646,-0.3535500502451853,-1.206240525680768,-0.9882720345885417
-0.5935752742640285,1.142206531932559,-0.5858197112353846,0.612775710310261,-0.6439209162167846,0.36206941027214823,0.35268865596589305,-0.35285346012580227,0.7813920496300597,0.8733910799271684,-0.972986227309673,0.30985805319435167,0.6522102445907456,-1.1635019296279825,1.121685547383641,-0.35867624489035876,0.7945124291035353,-0.5167110326499096,1.0115610777177464,-1.9988034698300843,-3.2757193223247443,-1.9521936143308383,-0.7424708758502816,0.06878824724308273,1.7447414345573222,-1.0035656764492848,-0.5423735976260254,-0.9999949952580068,-1.0836241427939144,1.8632280314421263,0.2637182293839663,-0.07497145689485012,-0.6108712617933298,0.08943203161892128,-0.9400262377032318,-1.1099153216713604,0.08008747106154226,0.004278233915967804
-0.5935752742640285,1.142206531932559,1.0278894669433536,0.612775710310261,-0.6439209162167846,0.36206941027214823,1.2420774405755364,1.466302156522779,-0.02232548713228734,-0.2852115724793929,-0.972986227309673,0.30985805319435167,-0.7150738826235884,1.2347133014314717,-0.403105743590996,-0.35867624489035876,-1.2586335510551052,-0.5167110326499096,1.0115610777177464,0.5002993116101648,0.30527646040513345,0.5122442736515016,-0.7424708758502816,0.06878824724308273,-0.19509888245848667,-0.13552709632247995,0.5549869371057006,-0.22147540163432355,-0.381387268134171,-0.23116743341894191,-0.7423298758908001,0.22958185438228482,1.755546538994189,-0.24165676628942578,-0.20751748624978578,0.0246325854679023,-1.206240525680768,1.4931036366727322
-0.5935752742640285,-0.8754984077249564,1.8347440560327226,0.612775710310261,-0.6439209162167846,0.36206941027214823,-1.4260889132533936,-1.262431268450093,-0.02232548713228734,-0.2852115724793929,-0.972986227309673,2.2127510386937814,2.0194943718050795,1.2347133014314717,-0.403105743590996,-0.35867624489035876,-1.2586335510551052,-0.5167110326499096,1.0115610777177464,0.5002993116101648,-3.2757193223247443,-1.9521936143308383,1.3468541764076536,-3.1468056388066956,1.7447414345573222,1.6005500639311296,2.7497080065691524,0.5570441919893597,1.0230864811853158,1.2187986576387206,-0.406980507465878,-0.37952476817198505,-0.019266811596450106,-0.4072011652435993,-0.7577982013351077,1.9155457640333402,-1.206240525680768,-1.4845471688407965
1.6847062931317278,-0.8754984077249564,0.22103487785398448,-1.6319184706157481,-0.6439209162167846,0.36206941027214823,-0.5367001286437503,-0.35285346012580227,-1.6297605606569814,-0.2852115724793929,0.6949901623640521,0.30985805319435167,-0.7150738826235884,-1.1635019296279825,-0.403105743590996,-0.35867624489035876,0.7945124291035353,1.9353176859251158,-0.9885710532241613,0.5002993116101648,0.30527646040513345,0.5122442736515016,-0.7424708758502816,1.1406528759263421,-2.1349391994742954,-0.13552709632247995,-0.5423735976260254,-0.22147540163432355,1.0230864811853158,0.09104725348276087,-0.7423298758908001,-0.68407807944912,-0.019266811596450106,-0.7382899631519464,-0.8257340920863822,-0.3535500502451853,1.3664154678038525,-0.49199690033628696
1.6847062931317278,-0.8754984077249564,1.0278894669433536,0.612775710310261,1.5529857391110689,0.36206941027214823,-0.5367001286437503,-0.35285346012580227,0.7813920496300597,0.8733910799271684,-0.972986227309673,-1.593034932305078,0.6522102445907456,1.2347133014314717,-0.403105743590996,-0.35867624489035876,-1.2586335510551052,-0.5167110326499096,-0.9885710532241613,0.5002993116101648,0.30527646040513345,0.5122442736515016,1.3468541764076536,1.1406528759263421,0.7748212760494178,1.6005500639311296,-0.5423735976260254,1.335563785613043,-0.381387268134171,-0.7144894637714961,-0.07163113904095586,0.22958185438228482,0.5723376386004296,0.08943203161892128,2.177032279119943,1.1591804926071652,-1.206240525680768,-0.49199690033628696
-0.5935752742640285,1.142206531932559,0.22103487785398448,-1.6319184706157481,-0.6439209162167846,0.36206941027214823,0.35268865596589305,1.466302156522779,-1.6297605606569814,-0.2852115724793929,-0.972986227309673,0.30985805319435167,2.0194943718050795,0.03560568590174467,-0.403105743590996,-0.35867624489035876,-1.2586335510551052,-0.5167110326499096,-0.9885710532241613,0.5002993116101648,0.30527646040513345,-1.9521936143308383,-0.7424708758502816,1.1406528759263421,0.7748212760494178,1.6005500639311296,0.5549869371057006,1.335563785613043,1.0230864811853158,-0.7144894637714961,-0.406980507465878,-3.4250578809433345,-5.935311313565248,-2.0626451547853346,1.1172323834000635,1.5373631283202527,-1.206240525680768,0.9968285024204774
-0.5935752742640285,-0.8754984077249564,-0.5858197112353846,0.612775710310261,-0.6439209162167846,-2.7619013692660572,0.35268865596589305,0.5567243481984884,-0.02232548713228734,-0.2852115724793929,-0.972986227309673,2.2127510386937814,0.6522102445907456,-1.1635019296279825,2.6464768383582777,-0.35867624489035876,0.7945124291035353,-0.5167110326499096,1.0115610777177464,-1.9988034698300843,0.30527646040513345,0.5122442736515016,1.3468541764076536,0.06878824724308273,-0.19509888245848667,-1.0035656764492848,-0.5423735976260254,-0.9999949952580068,1.0230864811853158,-0.7144894637714961,-2.4190767180154107,-3.4250578809433345,-2.385684612383969,-3.055911548510376,0.05743248768018408,-1.1099153216713604,0.08008747106154226,0.5005533681682226
-0.5935752742640285,-0.8754984077249564,-1.3926743003247537,0.612775710310261,-0.6439209162167846,0.36206941027214823,1.2420774405755364,-0.35285346012580227,-0.02232548713228734,-0.2852115724793929,1.5289783572009146,0.30985805319435167,-0.7150738826235884,1.2347133014314717,-0.403105743590996,-0.35867624489035876,0.7945124291035353,-0.5167110326499096,1.0115610777177464,0.5002993116101648,0.30527646040513345,0.5122442736515016,-0.7424708758502816,1.1406528759263421,-0.19509888245848667,-0.13552709632247995,-0.5423735976260254,0.5570441919893597,-1.7858610174536578,-0.07006008996809053,0.5990675978088884,0.8386884769365547,0.5723376386004296,0.7516096274356154,-0.3664874706077677,0.0246325854679023,0.08008747106154226,0.5005533681682226
-0.5935752742640285,1.142206531932559,4.2553078233008295,0.612775710310261,-0.6439209162167846,0.36206941027214823,0.35268865596589305,-1.262431268450093,0.7813920496300597,0.8733910799271684,0.6949901623640521,0.30985805319435167,-0.7150738826235884,-1.1635019296279825,4.171268129332915,-0.35867624489035876,-1.2586335510551052,-0.5167110326499096,-0.9885710532241613,-1.9988034698300843,-3.2757193223247443,0.5122442736515016,1.3468541764076536,1.1406528759263421,0.7748212760494178,1.6005500639311296,3.847068541300878,2.1140833792367264,-1.7858610174536578,1.8632280314421263,-1.7483779811655664,-0.9886313907262549,1.1639420887973093,-1.4004675589686404,-0.9400262377032318,3.0500936711726037,-1.206240525680768,-0.49199690033628696
-0.5935752742640285,1.142206531932559,-0.5858197112353846,-1.6319184706157481,-0.6439209162167846,0.36206941027214823,1.2420774405755364,1.466302156522779,1.5851095863924067,2.0319937323337296,-0.972986227309673,0.30985805319435167,-0.7150738826235884,-1.1635019296279825,-0.403105743590996,-0.35867624489035876,-1.2586335510551052,1.9353176859251158,1.0115610777177464,0.5002993116101648,0.30527646040513345,0.5122442736515016,-0.7424708758502816,-1.0030763814401766,1.7447414345573222,1.6005500639311296,0.5549869371057006,2.1140833792367264,0.3208496065255724,0.574369283835315,2.275814439933499,2.0569017220450942,-0.019266811596450106,2.241509218023177,-0.8846118640708197,1.9155457640333402,0.08008747106154226,1.4931036366727322
1.6847062931317278,-0.8754984077249564,-0.5858197112353846,0.612775710310261,-0.6439209162167846,0.36206941027214823,0.35268865596589305,0.5567243481984884,-0.02232548713228734,-0.2852115724793929,1.5289783572009146,0.30985805319435167,-0.7150738826235884,-1.1635019296279825,-0.403105743590996,-0.35867624489035876,-1.2586335510551052,-0.5167110326499096,1.0115610777177464,0.5002993116101648,-3.2757193223247443,0.5122442736515016,1.3468541764076536,0.06878824724308273,1.7447414345573222,0.7325114838043248,-0.5423735976260254,-0.9999949952580068,0.3208496065255724,-0.7144894637714961,0.9344169662338104,0.5341351656594198,-0.6108712617933298,0.7516096274356154,0.05743248768018408,-0.3535500502451853,-1.206240525680768,0.5005533681682226
-0.5935752742640285,-0.8754984077249564,0.22103487785398448,0.612775710310261,1.5529857391110689,0.36206941027214823,-0.5367001286437503,-0.35285346012580227,0.7813920496300597,-0.2852115724793929,-0.972986227309673,0.30985805319435167,0.6522102445907456,0.03560568590174467,-0.403105743590996,2.788029634651948,0.7945124291035353,-0.5167110326499096,-0.9885710532241613,0.5002993116101648,0.30527646040513345,0.5122442736515016,1.3468541764076536,0.06878824724308273,0.7748212760494178,0.7325114838043248,0.5549869371057006,0.5570441919893597,1.0230864811853158,0.25215459693361225,0.2637182293839663,0.22958185438228482,-0.019266811596450106,0.2549764305730948,-0.6995674378340155,0.7809978568940775,1.3664154678038525,-0.49199690033628696
-0.5935752742640285,-0.8754984077249564,1.0278894669433536,-1.6319184706157481,-0.6439209162167846,0.36206941027214823,0.35268865596589305,-1.262431268450093,-0.02232548713228734,-0.2852115724793929,1.5289783572009146,0.30985805319435167,-0.7150738826235884,0.03560568590174467,-0.403105743590996,-0.35867624489035876,-1.2586335510551052,-0.5167110326499096,1.0115610777177464,0.5002993116101648,0.30527646040513345,0.5122442736515016,1.3468541764076536,1.1406528759263421,-0.19509888245848667,-0.13552709632247995,-0.5423735976260254,-0.9999949952580068,0.3208496065255724,-0.07006008996809053,-1.0776792443157222,-0.9886313907262549,-0.019266811596450106,-1.0693787610602934,-0.5784474497517436,-0.7317326859582729,-1.206240525680768,-0.49199690033628696
-0.5935752742640285,-0.8754984077249564,1.0278894669433536,0.612775710310261,-0.6439209162167846,0.36206941027214823,-0.5367001286437503,0.5567243481984884,-1.6297605606569814,-0.2852115724793929,-0.972986227309673,0.30985805319435167,-0.7150738826235884,1.2347133014314717,-0.403105743590996,-0.35867624489035876,0.7945124291035353,-0.5167110326499096,-0.9885710532241613,0.5002993116101648,0.30527646040513345,0.5122442736515016,-0.7424708758502816,0.06878824724308273,-0.19509888245848667,-0.13552709632247995,-0.5423735976260254,-0.22147540163432355,-0.381387268134171,-0.07006008996809053,-0.07163113904095586,-0.37952476817198505,-0.6108712617933298,-0.24165676628942578,-0.3664874706077677,-0.3535500502451853,0.08008747106154226,0.004278233915967804
-0.5935752742640285,1.142206531932559,-0.5858197112353846,0.612775710310261,-0.6439209162167846,0.36206941027214823,1.2420774405755364,1.466302156522779,0.7813920496300597,2.0319937323337296,0.6949901623640521,-1.593034932305078,-0.7150738826235884,1.2347133014314717,-0.403105743590996,-0.35867624489035876,0.7945124291035353,-0.5167110326499096,1.0115610777177464,0.5002993116101648,0.30527646040513345,0.5122442736515016,1.3468541764076536,0.06878824724308273,0.7748212760494178,-0.13552709632247995,-0.5423735976260254,-0.9999949952580068,0.3208496065255724,-0.7144894637714961,1.6051157030836547,1.4477950994908246,-0.019266811596450106,1.579331622206483,2.177032279119943,-0.7317326859582729,0.08008747106154226,1.4931036366727322
1.6847062931317278,-0.8754984077249564,1.8347440560327226,0.612775710310261,1.5529857391110689,0.36206941027214823,0.35268865596589305,-0.35285346012580227,0.7813920496300597,0.8733910799271684,-0.13899803247281048,2.2127510386937814,0.6522102445907456,0.03560568590174467,2.6464768383582777,-0.35867624489035876,-1.2586335510551052,-0.5167110326499096,1.0115610777177464,0.5002993116101648,0.30527646040513345,-1.9521936143308383,1.3468541764076536,-1.0030763814401766,-1.1650190409663912,-1.0035656764492848,-0.5423735976260254,-0.9999949952580068,-0.381387268134171,-0.07006008996809053,-1.4130286127406444,-1.29318470200339,-0.019266811596450106,-1.4004675589686404,-0.5784474497517436,-1.1099153216713604,-1.206240525680768,0.004278233915967804
-0.5935752742640285,1.142206531932559,-0.5858197112353846,-1.6319184706157481,-0.6439209162167846,-2.7619013692660572,1.2420774405755364,1.466302156522779,-0.02232548713228734,2.0319937323337296,1.5289783572009146,0.30985805319435167,0.6522102445907456,1.2347133014314717,-0.403105743590996,-0.35867624489035876,0.7945124291035353,-0.5167110326499096,1.0115610777177464,0.5002993116101648,0.30527646040513345,0.5122442736515016,1.3468541764076536,-2.0749410101234362,0.7748212760494178,-0.13552709632247995,-0.5423735976260254,-0.9999949952580068,1.0230864811853158,0.4132619403844636,1.2697663346587327,1.4477950994908246,0.5723376386004296,1.4137872232523094,-0.6049424471447405,-0.7317326859582729,0.08008747106154226,1.4931036366727322
1.6847062931317278,1.142206531932559,1.0278894669433536,-1.6319184706157481,-0.6439209162167846,0.36206941027214823,-1.4260889132533936,0.5567243481984884,-1.6297605606569814,-0.2852115724793929,-0.972986227309673,0.30985805319435167,0.6522102445907456,0.03560568590174467,-0.403105743590996,-0.35867624489035876,0.7945124291035353,1.9353176859251158,-0.9885710532241613,0.5002993116101648,0.30527646040513345,-1.9521936143308383,-0.7424708758502816,-1.0030763814401766,-0.19509888245848667,0.7325114838043248,0.5549869371057006,1.335563785613043,-0.381387268134171,-0.7144894637714961,-1.0776792443157222,-0.37952476817198505,1.1639420887973093,-0.7382899631519464,1.1172323834000635,1.1591804926071652,1.3664154678038525,-0.49199690033628696
-0.5935752742640285,1.142206531932559,1.0278894669433536,0.612775710310261,-0.6439209162167846,0.36206941027214823,1.2420774405755364,-0.35285346012580227,-0.8260430238946344,-0.2852115724793929,1.5289783572009146,-1.593034932305078,-0.7150738826235884,0.03560568590174467,-0.403105743590996,-0.35867624489035876,0.7945124291035353,1.9353176859251158,1.0115610777177464,0.5002993116101648,0.30527646040513345,0.5122442736515016,1.3468541764076536,1.1406528759263421,0.7748212760494178,1.6005500639311296,-0.5423735976260254,0.5570441919893597,1.0230864811853158,0.8965839707370178,-0.406980507465878,-0.68407807944912,-0.6108712617933298,-0.5727455641977729,-0.8096765179088081,0.7809978568940775,1.3664154678038525,0.5005533681682226
-0.5935752742640285,1.142206531932559,1.8347440560327226,0.612775710310261,1.5529857391110689,-2.7619013692660572,1.2420774405755364,0.5567243481984884,0.7813920496300597,-2.6024168772925154,1.5289783572009146,0.30985805319435167,-0.7150738826235884,0.03560568590174467,-0.403105743590996,-0.35867624489035876,0.7945124291035353,-0.5167110326499096,-0.9885710532241613,0.5002993116101648,0.30527646040513345,0.5122442736515016,-0.7424708758502816,0.06878824724308273,-0.19509888245848667,-1.8716042565760895,-0.5423735976260254,-0.9999949952580068,-1.7858610174536578,-0.07006008996809053,-0.07163113904095586,0.5341351656594198,1.1639420887973093,0.2549764305730948,-0.5784474497517436,-1.4880979573844482,0.08008747106154226,0.9968285024204774
-0.5935752742640285,1.142206531932559,-0.5858197112353846,0.612775710310261,-0.6439209162167846,0.36206941027214823,-1.4260889132533936,0.5567243481984884,-1.6297605606569814,0.8733910799271684,-0.972986227309673,-1.593034932305078,-0.7150738826235884,-1.1635019296279825,1.121685547383641,-0.35867624489035876,-1.2586335510551052,-0.5167110326499096,-0.9885710532241613,0.5002993116101648,-3.2757193223247443,0.5122442736515016,-0.7424708758502816,1.1406528759263421,-0.19509888245848667,-0.13552709632247995,-0.5423735976260254,1.335563785613043,-1.0836241427939144,-0.39227477686979334,-0.7423298758908001,-0.9886313907262549,-0.6108712617933298,-0.9038343621061199,-0.6491007761330689,0.4028152211809899,-1.206240525680768,-0.49199690033628696
-0.5935752742640285,1.142206531932559,-1.3926743003247537,0.612775710310261,-0.6439209162167846,0.36206941027214823,1.2420774405755364,0.5567243481984884,1.5851095863924067,-0.2852115724793929,-0.13899803247281048,0.30985805319435167,-0.7150738826235884,0.03560568590174467,-0.403105743590996,-0.35867624489035876,0.7945124291035353,-0.5167110326499096,1.0115610777177464,0.5002993116101648,0.30527646040513345,0.5122442736515016,-0.7424708758502816,0.06878824724308273,-0.19509888245848667,-0.13552709632247995,0.5549869371057006,0.5570441919893597,1.0230864811853158,-0.7144894637714961,-0.07163113904095586,-0.07497145689485012,-0.019266811596450106,-0.07611236733525226,1.1172323834000635,0.4028152211809899,0.08008747106154226,0.9968285024204774
-0.5935752742640285,-0.8754984077249564,0.22103487785398448,0.612775710310261,1.5529857391110689,-2.7619013692660572,1.2420774405755364,-0.35285346012580227,1.5851095863924067,-0.2852115724793929,-0.972986227309673,0.30985805319435167,-0.7150738826235884,0.03560568590174467,-0.403105743590996,-0.35867624489035876,0.7945124291035353,-0.5167110326499096,1.0115610777177464,0.5002993116101648,0.30527646040513345,-1.9521936143308383,-0.7424708758502816,0.06878824724308273,-0.19509888245848667,-1.0035656764492848,-0.5423735976260254,-0.9999949952580068,0.3208496065255724,-0.07006008996809053,1.2697663346587327,0.8386884769365547,-0.6108712617933298,1.0826984253439624,-0.5784474497517436,-1.1099153216713604,0.08008747106154226,0.5005533681682226
-0.5935752742640285,-0.8754984077249564,-0.5858197112353846,0.612775710310261,-0.6439209162167846,0.36206941027214823,0.35268865596589305,1.466302156522779,-1.6297605606569814,-0.2852115724793929,-0.972986227309673,0.30985805319435167,-0.7150738826235884,0.03560568590174467,-0.403105743590996,-0.35867624489035876,0.7945124291035353,-0.5167110326499096,-0.9885710532241613,0.5002993116101648,0.30527646040513345,0.5122442736515016,-0.7424708758502816,-2.0749410101234362,0.7748212760494178,-0.13552709632247995,-0.5423735976260254,-0.22147540163432355,-0.381387268134171,1.2187986576387206,-2.0837273495904887,-1.9022913245576598,-0.019266811596450106,-2.0626451547853346,-0.8393212702366369,-0.3535500502451853,0.08008747106154226,0.9968285024204774
1.6847062931317278,1.142206531932559,0.22103487785398448,-1.6319184706157481,-0.6439209162167846,0.36206941027214823,-0.5367001286437503,-0.35285346012580227,-0.02232548713228734,-0.2852115724793929,-0.972986227309673,0.30985805319435167,2.0194943718050795,-1.1635019296279825,1.121685547383641,-0.35867624489035876,0.7945124291035353,-0.5167110326499096,-0.9885710532241613,-1.9988034698300843,0.30527646040513345,0.5122442736515016,-0.7424708758502816,0.06878824724308273,0.7748212760494178,1.6005500639311296,-0.5423735976260254,-0.22147540163432355,1.0230864811853158,-0.7144894637714961,-0.406980507465878,-0.68407807944912,-0.6108712617933298,-0.5727455641977729,0.05743248768018408,0.4028152211809899,0.08008747106154226,-0.49199690033628696
1.6847062931317278,-0.8754984077249564,-0.5858197112353846,-1.6319184706157481,-0.6439209162167846,0.36206941027214823,-1.4260889132533936,-1.262431268450093,-1.6297605606569814,-0.2852115724793929,-0.972986227309673,-1.593034932305078,0.6522102445907456,0.03560568590174467,4.171268129332915,2.788029634651948,0.7945124291035353,-0.5167110326499096,-0.9885710532241613,0.5002993116101648,0.30527646040513345,-1.9521936143308383,-0.7424708758502816,-1.0030763814401766,0.7748212760494178,-0.13552709632247995,-0.5423735976260254,-0.9999949952580068,-1.7858610174536578,-0.7144894637714961,-1.4130286127406444,-1.29318470200339,-0.019266811596450106,-1.4004675589686404,1.1172323834000635,-0.7317326859582729,1.3664154678038525,-1.4845471688407965
-0.5935752742640285,-0.8754984077249564,-1.3926743003247537,0.612775710310261,-0.6439209162167846,0.36206941027214823,-1.4260889132533936,-1.262431268450093,-0.02232548713228734,-0.2852115724793929,-0.13899803247281048,-1.593034932305078,-0.7150738826235884,0.03560568590174467,-0.403105743590996,-0.35867624489035876,0.7945124291035353,-0.5167110326499096,1.0115610777177464,-1.9988034698300843,0.30527646040513345,0.5122442736515016,-0.7424708758502816,0.06878824724308273,-0.19509888245848667,-1.0035656764492848,0.5549869371057006,0.5570441919893597,0.3208496065255724,-0.39227477686979334,0.5990675978088884,0.22958185438228482,-0.6108712617933298,0.4205208295272683,-0.29583414422644244,0.0246325854679023,0.08008747106154226,-1.4845471688407965
-0.5935752742640285,1.142206531932559,1.0278894669433536,-1.6319184706157481,-0.6439209162167846,0.36206941027214823,-0.5367001286437503,0.5567243481984884,-0.02232548713228734,0.8733910799271684,1.5289783572009146,-1.593034932305078,-0.7150738826235884,-1.1635019296279825,-0.403105743590996,-0.35867624489035876,-1.2586335510551052,-0.5167110326499096,-0.9885710532241613,0.5002993116101648,0.30527646040513345,0.5122442736515016,-0.7424708758502816,-1.0030763814401766,-2.1349391994742954,-0.13552709632247995,2.7497080065691524,2.1140833792367264,0.3208496065255724,1.379906001089572,0.5990675978088884,0.8386884769365547,0.5723376386004296,0.7516096274356154,-0.9266674154882754,1.9155457640333402,-1.206240525680768,0.004278233915967804
1.6847062931317278,1.142206531932559,-0.5858197112353846,-1.6319184706157481,-0.6439209162167846,0.36206941027214823,-1.4260889132533936,-0.35285346012580227,-0.02232548713228734,-0.2852115724793929,-0.972986227309673,-1.593034932305078,0.6522102445907456,0.03560568590174467,-0.403105743590996,-0.35867624489035876,-1.2586335510551052,-0.5167110326499096,-0.9885710532241613,0.5002993116101648,0.30527646040513345,-1.9521936143308383,-0.7424708758502816,0.06878824724308273,-0.19509888245848667,-0.13552709632247995,-0.5423735976260254,-0.9999949952580068,1.0230864811853158,-0.7144894637714961,-0.406980507465878,-0.07497145689485012,0.5723376386004296,-0.24165676628942578,1.1172323834000635,-0.7317326859582729,-1.206240525680768,-0.9882720345885417
-0.5935752742640285,1.142206531932559,1.0278894669433536,0.612775710310261,-0.6439209162167846,0.36206941027214823,0.35268865596589305,-0.35285346012580227,0.7813920496300597,-0.2852115724793929,-0.972986227309673,0.30985805319435167,0.6522102445907456,-1.1635019296279825,-0.403105743590996,-0.35867624489035876,-1.2586335510551052,-0.5167110326499096,-0.9885710532241613,0.5002993116101648,-3.2757193223247443,0.5122442736515016,-0.7424708758502816,0.06878824724308273,0.7748212760494178,1.6005500639311296,0.5549869371057006,1.335563785613043,1.0230864811853158,0.574369283835315,-1.4130286127406444,-0.9886313907262549,0.5723376386004296,-1.234923160014467,-0.8846118640708197,1.5373631283202527,-1.206240525680768,0.004278233915967804
-0.5935752742640285,1.142206531932559,-1.3926743003247537,0.612775710310261,-0.6439209162167846,-2.7619013692660572,-0.5367001286437503,-0.35285346012580227,-0.02232548713228734,-0.2852115724793929,-0.13899803247281048,2.2127510386937814,-0.7150738826235884,1.2347133014314717,-0.403105743590996,-0.35867624489035876,0.7945124291035353,-0.5167110326499096,-0.9885710532241613,0.5002993116101648,0.30527646040513345,0.5122442736515016,1.3468541764076536,0.06878824724308273,1.7447414345573222,-1.0035656764492848,-0.5423735976260254,-0.9999949952580068,-0.381387268134171,-0.7144894637714961,0.9344169662338104,1.4477950994908246,1.1639420887973093,1.248242824298136,2.177032279119943,-1.1099153216713604,0.08008747106154226,-0.49199690033628696
1.6847062931317278,-0.8754984077249564,-0.5858197112353846,0.612775710310261,1.5529857391110689,0.36206941027214823,1.2420774405755364,1.466302156522779,0.7813920496300597,0.8733910799271684,0.6949901623640521,-1.593034932305078,0.6522102445907456,-1.1635019296279825,-0.403105743590996,-0.35867624489035876,0.7945124291035353,-0.5167110326499096,-0.9885710532241613,0.5002993116101648,0.30527646040513345,-1.9521936143308383,-0.7424708758502816,1.1406528759263421,-2.1349391994742954,-0.13552709632247995,-0.5423735976260254,-0.22147540163432355,1.0230864811853158,-0.5533821203206447,-0.07163113904095586,-0.07497145689485012,-0.019266811596450106,-0.07611236733525226,-0.4724674601797556,-0.3535500502451853,0.08008747106154226,1.4931036366727322
-0.5935752742640285,1.142206531932559,-1.3926743003247537,0.612775710310261,-0.6439209162167846,0.36206941027214823,1.2420774405755364,1.466302156522779,-0.8260430238946344,-1.443814224885954,0.6949901623640521,-1.593034932305078,-0.7150738826235884,-1.1635019296279825,-0.403105743590996,-0.35867624489035876,0.7945124291035353,1.9353176859251158,-0.9885710532241613,0.5002993116101648,0.30527646040513345,0.5122442736515016,-0.7424708758502816,1.1406528759263421,0.7748212760494178,-1.0035656764492848,-0.5423735976260254,-0.9999949952580068,1.0230864811853158,-0.7144894637714961,0.2637182293839663,1.1432417882136896,1.755546538994189,0.7516096274356154,0.05743248768018408,-1.1099153216713604,1.3664154678038525,1.4931036366727322
-0.5935752742640285,-0.8754984077249564,0.22103487785398448,0.612775710310261,-0.6439209162167846,0.36206941027214823,-1.4260889132533936,-1.262431268450093,0.7813920496300597,2.0319937323337296,1.5289783572009146,0.30985805319435167,-0.7150738826235884,1.2347133014314717,-0.403105743590996,-0.35867624489035876,0.7945124291035353,-0.5167110326499096,-0.9885710532241613,0.5002993116101648,0.30527646040513345,0.5122442736515016,-0.7424708758502816,0.06878824724308273,-0.19509888245848667,-0.13552709632247995,-0.5423735976260254,-0.9999949952580068,-0.381387268134171,-0.7144894637714961,0.5990675978088884,0.5341351656594198,-0.019266811596450106,0.5860652284814418,2.177032279119943,-0.7317326859582729,0.08008747106154226,-1.4845471688407965
-0.5935752742640285,1.142206531932559,-1.3926743003247537,0.612775710310261,-0.6439209162167846,-2.7619013692660572,-0.5367001286437503,-0.35285346012580227,-0.02232548713228734,-0.2852115724793929,-0.13899803247281048,2.2127510386937814,-0.7150738826235884,1.2347133014314717,-0.403105743590996,-0.35867624489035876,0.7945124291035353,-0.5167110326499096,-0.9885710532241613,0.5002993116101648,0.30527646040513345,0.5122442736515016,1.3468541764076536,0.06878824724308273,1.7447414345573222,-1.0035656764492848,-0.5423735976260254,-0.9999949952580068,-0.381387268134171,-0.7144894637714961,0.9344169662338104,0.8386884769365547,-0.019266811596450106,0.9171540263897889,2.177032279119943,-1.1099153216713604,0.08008747106154226,-0.49199690033628696
-0.5935752742640285,1.142206531932559,1.0278894669433536,-1.6319184706157481,-0.6439209162167846,0.36206941027214823,0.35268865596589305,-0.35285346012580227,-0.02232548713228734,-0.2852115724793929,-0.972986227309673,0.30985805319435167,-0.7150738826235884,1.2347133014314717,-0.403105743590996,-0.35867624489035876,-1.2586335510551052,-0.5167110326499096,1.0115610777177464,-1.9988034698300843,0.30527646040513345,-1.9521936143308383,-0.7424708758502816,1.1406528759263421,-0.19509888245848667,-1.0035656764492848,-0.5423735976260254,-0.9999949952580068,-0.381387268134171,-0.39227477686979334,-0.406980507465878,-0.07497145689485012,0.5723376386004296,-0.24165676628942578,0.05743248768018408,-1.1099153216713604,-1.206240525680768,0.004278233915967804
-0.5935752742640285,-0.8754984077249564,0.22103487785398448,0.612775710310261,-0.6439209162167846,0.36206941027214823,1.2420774405755364,1.466302156522779,-0.02232548713228734,2.0319937323337296,-0.972986227309673,0.30985805319435167,-0.7150738826235884,-1.1635019296279825,-0.403105743590996,2.788029634651948,0.7945124291035353,-0.5167110326499096,-0.9885710532241613,0.5002993116101648,0.30527646040513345,-1.9521936143308383,1.3468541764076536,0.06878824724308273,-1.1650190409663912,-1.8716042565760895,-0.5423735976260254,-0.9999949952580068,0.3208496065255724,-0.7144894637714961,-0.07163113904095586,-0.07497145689485012,-0.019266811596450106,-0.07611236733525226,0.05743248768018408,-1.4880979573844482,1.3664154678038525,1.4931036366727322
-0.5935752742640285,-0.8754984077249564,0.22103487785398448,0.612775710310261,-0.6439209162167846,-2.7619013692660572,1.2420774405755364,1.466302156522779,-0.02232548713228734,2.0319937323337296,-0.13899803247281048,0.30985805319435167,0.6522102445907456,0.03560568590174467,-0.403105743590996,2.788029634651948,0.7945124291035353,-0.5167110326499096,-0.9885710532241613,0.5002993116101648,0.30527646040513345,-1.9521936143308383,-0.7424708758502816,0.06878824724308273,-2.1349391994742954,0.7325114838043248,-0.5423735976260254,-0.9999949952580068,-1.7858610174536578,0.25215459693361225,-1.7483779811655664,-1.9022913245576598,-0.6108712617933298,-1.897100755831161,-0.6995674378340155,-0.3535500502451853,1.3664154678038525,1.4931036366727322
-0.5935752742640285,-0.8754984077249564,1.0278894669433536,0.612775710310261,1.5529857391110689,0.36206941027214823,-0.5367001286437503,-1.262431268450093,0.7813920496300597,-2.6024168772925154,1.5289783572009146,0.30985805319435167,-0.7150738826235884,0.03560568590174467,1.121685547383641,-0.35867624489035876,-1.2586335510551052,-0.5167110326499096,-0.9885710532241613,0.5002993116101648,0.30527646040513345,0.5122442736515016,1.3468541764076536,1.1406528759263421,0.7748212760494178,-0.13552709632247995,-0.5423735976260254,-0.9999949952580068,1.0230864811853158,1.2187986576387206,0.2637182293839663,0.22958185438228482,-0.019266811596450106,0.2549764305730948,-0.8393212702366369,-0.7317326859582729,-1.206240525680768,-0.9882720345885417
-0.5935752742640285,1.142206531932559,-0.5858197112353846,0.612775710310261,-0.6439209162167846,0.36206941027214823,1.2420774405755364,0.5567243481984884,-0.8260430238946344,0.8733910799271684,1.5289783572009146,0.30985805319435167,-0.7150738826235884,2.4338209169611993,-0.403105743590996,-0.35867624489035876,-1.2586335510551052,-0.5167110326499096,1.0115610777177464,0.5002993116101648,0.30527646040513345,0.5122442736515016,-0.7424708758502816,0.06878824724308273,-1.1650190409663912,-1.0035656764492848,-0.5423735976260254,-0.9999949952580068,-1.0836241427939144,-0.39227477686979334,1.9404650715085767,1.7523484107679594,-0.019266811596450106,1.91042042011483,0.41069911958681043,-1.1099153216713604,-1.206240525680768,0.9968285024204774
-0.5935752742640285,-0.8754984077249564,-0.5858197112353846,0.612775710310261,-0.6439209162167846,0.36206941027214823,-1.4260889132533936,-1.262431268450093,-1.6297605606569814,-0.2852115724793929,-0.13899803247281048,0.30985805319435167,0.6522102445907456,-1.1635019296279825,-0.403105743590996,-0.35867624489035876,0.7945124291035353,1.9353176859251158,-0.9885710532241613,0.5002993116101648,0.30527646040513345,-1.9521936143308383,-0.7424708758502816,0.06878824724308273,-0.19509888245848667,-1.0035656764492848,-0.5423735976260254,1.335563785613043,1.0230864811853158,0.25215459693361225,-0.7423298758908001,-0.68407807944912,-0.019266811596450106,-0.7382899631519464,-0.8509674229368555,0.0246325854679023,1.3664154678038525,-1.4845471688407965
-0.5935752742640285,1.142206531932559,1.0278894669433536,0.612775710310261,1.5529857391110689,0.36206941027214823,1.2420774405755364,1.466302156522779,1.5851095863924067,2.0319937323337296,-0.13899803247281048,0.30985805319435167,-0.7150738826235884,-1.1635019296279825,-0.403105743590996,-0.35867624489035876,0.7945124291035353,-0.5167110326499096,-0.9885710532241613,0.5002993116101648,0.30527646040513345,0.5122442736515016,1.3468541764076536,-3.1468056388066956,0.7748212760494178,-1.0035656764492848,0.5549869371057006,-0.22147540163432355,-1.7858610174536578,-0.7144894637714961,2.275814439933499,2.0569017220450942,-0.019266811596450106,2.241509218023177,0.05743248768018408,-0.3535500502451853,0.08008747106154226,1.4931036366727322
-0.5935752742640285,-0.8754984077249564,0.22103487785398448,0.612775710310261,1.5529857391110689,0.36206941027214823,1.2420774405755364,-0.35285346012580227,1.5851095863924067,0.8733910799271684,1.5289783572009146,0.30985805319435167,-0.7150738826235884,2.4338209169611993,-0.403105743590996,-0.35867624489035876,0.7945124291035353,-0.5167110326499096,1.0115610777177464,0.5002993116101648,0.30527646040513345,0.5122442736515016,-0.7424708758502816,0.06878824724308273,-1.1650190409663912,-0.13552709632247995,-0.5423735976260254,-0.9999949952580068,0.3208496065255724,-0.39227477686979334,0.9344169662338104,1.1432417882136896,0.5723376386004296,1.0826984253439624,0.41069911958681043,-0.7317326859582729,0.08008747106154226,0.5005533681682226
1.6847062931317278,1.142206531932559,0.22103487785398448,0.612775710310261,-0.6439209162167846,0.36206941027214823,-1.4260889132533936,-1.262431268450093,-1.6297605606569814,0.8733910799271684,0.6949901623640521,0.30985805319435167,2.0194943718050795,0.03560568590174467,-0.403105743590996,-0.35867624489035876,-1.2586335510551052,-0.5167110326499096,-0.9885710532241613,0.5002993116101648,0.30527646040513345,0.5122442736515016,1.3468541764076536,1.1406528759263421,-2.1349391994742954,-0.13552709632247995,1.6523474718374265,0.5570441919893597,-1.7858610174536578,-0.7144894637714961,-0.406980507465878,-0.37952476817198505,-0.019266811596450106,-0.4072011652435993,1.1172323834000635,0.7809978568940775,-1.206240525680768,-1.4845471688407965
-0.5935752742640285,-0.8754984077249564,0.22103487785398448,0.612775710310261,-0.6439209162167846,0.36206941027214823,-0.5367001286437503,0.5567243481984884,-1.6297605606569814,-0.2852115724793929,-0.13899803247281048,-1.593034932305078,0.6522102445907456,-1.1635019296279825,-0.403105743590996,-0.35867624489035876,0.7945124291035353,-0.5167110326499096,-0.9885710532241613,0.5002993116101648,0.30527646040513345,-1.9521936143308383,-0.7424708758502816,-1.0030763814401766,-0.19509888245848667,-0.13552709632247995,-0.5423735976260254,1.335563785613043,-0.381387268134171,-0.07006008996809053,0.2637182293839663,0.5341351656594198,0.5723376386004296,0.4205208295272683,-0.7904074288957195,0.4028152211809899,0.08008747106154226,0.004278233915967804
1.6847062931317278,-0.8754984077249564,0.22103487785398448,-1.6319184706157481,-0.6439209162167846,0.36206941027214823,-2.3154776978630367,-2.1720090767743834,-1.6297605606569814,-0.2852115724793929,-0.972986227309673,0.30985805319435167,0.6522102445907456,-1.1635019296279825,-0.403105743590996,-0.35867624489035876,0.7945124291035353,-0.5167110326499096,-0.9885710532241613,0.5002993116101648,0.30527646040513345,0.5122442736515016,-0.7424708758502816,0.06878824724308273,0.7748212760494178,-0.13552709632247995,-0.5423735976260254,-0.9999949952580068,1.0230864811853158,-0.7144894637714961,-0.406980507465878,-0.07497145689485012,0.5723376386004296,-0.24165676628942578,0.05743248768018408,-0.7317326859582729,0.08008747106154226,-2.4770974373453063
-0.5935752742640285,1.142206531932559,-0.5858197112353846,0.612775710310261,1.5529857391110689,0.36206941027214823,-0.5367001286437503,-1.262431268450093,-0.02232548713228734,-0.2852115724793929,-0.972986227309673,0.30985805319435167,-0.7150738826235884,0.03560568590174467,-0.403105743590996,-0.35867624489035876,-1.2586335510551052,-0.5167110326499096,1.0115610777177464,0.5002993116101648,0.30527646040513345,0.5122442736515016,1.3468541764076536,0.06878824724308273,-1.1650190409663912,-0.13552709632247995,-0.5423735976260254,-0.22147540163432355,1.0230864811853158,-0.7144894637714961,0.5990675978088884,0.8386884769365547,0.5723376386004296,0.7516096274356154,1.1172323834000635,-0.3535500502451853,-1.206240525680768,-0.9882720345885417
-0.5935752742640285,1.142206531932559,1.8347440560327226,0.612775710310261,-0.6439209162167846,0.36206941027214823,1.2420774405755364,1.466302156522779,1.5851095863924067,0.8733910799271684,1.5289783572009146,2.2127510386937814,0.6522102445907456,-1.1635019296279825,1.121685547383641,-0.35867624489035876,0.7945124291035353,1.9353176859251158,-0.9885710532241613,0.5002993116101648,0.30527646040513345,0.5122442736515016,1.3468541764076536,0.06878824724308273,-0.19509888245848667,0.7325114838043248,-0.5423735976260254,-0.9999949952580068,0.3208496065255724,5.407589587360857,-1.0776792443157222,-0.68407807944912,0.5723376386004296,-0.9038343621061199,-0.9751930517391856,-0.3535500502451853,1.3664154678038525,1.4931036366727322
1.6847062931317278,1.142206531932559,-1.3926743003247537,-1.6319184706157481,1.5529857391110689,0.36206941027214823,1.2420774405755364,-1.262431268450093,-0.8260430238946344,0.8733910799271684,1.5289783572009146,-1.593034932305078,-0.7150738826235884,0.03560568590174467,-0.403105743590996,-0.35867624489035876,0.7945124291035353,-0.5167110326499096,1.0115610777177464,0.5002993116101648,0.30527646040513345,0.5122442736515016,-0.7424708758502816,1.1406528759263421,-0.19509888245848667,0.7325114838043248,-0.5423735976260254,-0.22147540163432355,-1.0836241427939144,-0.7144894637714961,0.2637182293839663,0.5341351656594198,0.5723376386004296,0.4205208295272683,1.1172323834000635,0.0246325854679023,0.08008747106154226,0.004278233915967804
1.6847062931317278,-0.8754984077249564,0.22103487785398448,-1.6319184706157481,-0.6439209162167846,0.36206941027214823,0.35268865596589305,-1.262431268450093,-1.6297605606569814,-0.2852115724793929,1.5289783572009146,0.30985805319435167,-0.7150738826235884,0.03560568590174467,-0.403105743590996,-0.35867624489035876,0.7945124291035353,1.9353176859251158,1.0115610777177464,-1.9988034698300843,0.30527646040513345,0.5122442736515016,-0.7424708758502816,0.06878824724308273,1.7447414345573222,0.7325114838043248,0.5549869371057006,0.5570441919893597,-1.7858610174536578,2.0243353748929778,-0.406980507465878,-0.37952476817198505,-0.019266811596450106,-0.4072011652435993,-0.8846118640708197,0.7809978568940775,1.3664154678038525,-0.49199690033628696
-0.5935752742640285,1.142206531932559,-1.3926743003247537,0.612775710310261,-0.6439209162167846,0.36206941027214823,0.35268865596589305,1.466302156522779,0.7813920496300597,0.8733910799271684,-0.13899803247281048,-1.593034932305078,-0.7150738826235884,-1.1635019296279825,-0.403105743590996,2.788029634651948,-1.2586335510551052,-0.5167110326499096,-0.9885710532241613,0.5002993116101648,0.30527646040513345,0.5122442736515016,-0.7424708758502816,1.1406528759263421,1.7447414345573222,1.6005500639311296,1.6523474718374265,-0.22147540163432355,1.0230864811853158,-0.7144894637714961,0.5990675978088884,0.5341351656594198,-0.019266811596450106,0.5860652284814418,0.05743248768018408,1.1591804926071652,0.08008747106154226,0.9968285024204774
-0.5935752742640285,-0.8754984077249564,1.0278894669433536,0.612775710310261,-0.6439209162167846,0.36206941027214823,1.2420774405755364,0.5567243481984884,0.7813920496300597,-0.2852115724793929,-0.13899803247281048,-1.593034932305078,-0.7150738826235884,0.03560568590174467,-0.403105743590996,-0.35867624489035876,0.7945124291035353,1.9353176859251158,-0.9885710532241613,0.5002993116101648,0.30527646040513345,0.5122442736515016,1.3468541764076536,-1.0030763814401766,-2.1349391994742954,-1.0035656764492848,-0.5423735976260254,0.5570441919893597,-1.0836241427939144,2.6687647486963835,1.9404650715085767,2.0569017220450942,0.5723376386004296,2.0759648190690037,-0.9060219629742516,-0.3535500502451853,1.3664154678038525,0.9968285024204774
-0.5935752742640285,1.142206531932559,1.0278894669433536,0.612775710310261,-0.6439209162167846,0.36206941027214823,-0.5367001286437503,-1.262431268450093,0.7813920496300597,0.8733910799271684,1.5289783572009146,0.30985805319435167,-0.7150738826235884,1.2347133014314717,-0.403105743590996,-0.35867624489035876,-1.2586335510551052,-0.5167110326499096,1.0115610777177464,0.5002993116101648,0.30527646040513345,0.5122442736515016,-0.7424708758502816,0.06878824724308273,-1.1650190409663912,0.7325114838043248,-0.5423735976260254,0.5570441919893597,-1.0836241427939144,-0.7144894637714961,0.9344169662338104,1.1432417882136896,0.5723376386004296,1.0826984253439624,2.177032279119943,0.4028152211809899,-1.206240525680768,-0.9882720345885417
-0.5935752742640285,-0.8754984077249564,0.22103487785398448,-1.6319184706157481,1.5529857391110689,0.36206941027214823,-0.5367001286437503,-0.35285346012580227,0.7813920496300597,0.8733910799271684,-0.972986227309673,0.30985805319435167,-0.7150738826235884,1.2347133014314717,-0.403105743590996,-0.35867624489035876,0.7945124291035353,1.9353176859251158,1.0115610777177464,0.5002993116101648,0.30527646040513345,0.5122442736515016,-0.7424708758502816,-1.0030763814401766,-0.19509888245848667,-1.0035656764492848,0.5549869371057006,-0.22147540163432355,-0.381387268134171,-0.23116743341894191,-0.07163113904095586,-0.07497145689485012,-0.019266811596450106,-0.07611236733525226,-0.20751748624978578,-0.3535500502451853,1.3664154678038525,-0.49199690033628696
-0.5935752742640285,1.142206531932559,-0.5858197112353846,-1.6319184706157481,-0.6439209162167846,0.36206941027214823,1.2420774405755364,-0.35285346012580227,1.5851095863924067,0.8733910799271684,0.6949901623640521,0.30985805319435167,-0.7150738826235884,-1.1635019296279825,-0.403105743590996,-0.35867624489035876,0.7945124291035353,-0.5167110326499096,1.0115610777177464,0.5002993116101648,0.30527646040513345,0.5122442736515016,1.3468541764076536,0.06878824724308273,-0.19509888245848667,-0.13552709632247995,1.6523474718374265,1.335563785613043,-0.381387268134171,0.574369283835315,-0.406980507465878,-0.68407807944912,-0.6108712617933298,-0.5727455641977729,-0.8846118640708197,1.1591804926071652,0.08008747106154226,0.5005533681682226
-0.5935752742640285,-0.8754984077249564,-0.5858197112353846,0.612775710310261,-0.6439209162167846,0.36206941027214823,1.2420774405755364,1.466302156522779,1.5851095863924067,0.8733910799271684,-0.13899803247281048,0.30985805319435167,-0.7150738826235884,1.2347133014314717,-0.403105743590996,-0.35867624489035876,0.7945124291035353,-0.5167110326499096,1.0115610777177464,-1.9988034698300843,0.30527646040513345,0.5122442736515016,-0.7424708758502816,1.1406528759263421,-0.19509888245848667,-1.0035656764492848,-0.5423735976260254,-0.9999949952580068,1.0230864811853158,-0.7144894637714961,0.5990675978088884,0.5341351656594198,-0.019266811596450106,0.5860652284814418,2.177032279119943,-1.1099153216713604,0.08008747106154226,1.4931036366727322
-0.5935752742640285,-0.8754984077249564,-0.5858197112353846,0.612775710310261,-0.6439209162167846,-2.7619013692660572,-0.5367001286437503,-0.35285346012580227,-0.02232548713228734,-0.2852115724793929,1.5289783572009146,0.30985805319435167,-0.7150738826235884,0.03560568590174467,-0.403105743590996,2.788029634651948,0.7945124291035353,-0.5167110326499096,-0.9885710532241613,0.5002993116101648,0.30527646040513345,0.5122442736515016,-0.7424708758502816,-1.0030763814401766,-0.19509888245848667,0.7325114838043248,-0.5423735976260254,-0.9999949952580068,0.3208496065255724,-0.7144894637714961,0.5990675978088884,0.5341351656594198,-0.019266811596450106,0.5860652284814418,1.1172323834000635,-0.3535500502451853,1.3664154678038525,-0.49199690033628696
1.6847062931317278,-0.8754984077249564,1.0278894669433536,-1.6319184706157481,1.5529857391110689,0.36206941027214823,1.2420774405755364,1.466302156522779,-0.02232548713228734,-0.2852115724793929,1.5289783572009146,0.30985805319435167,0.6522102445907456,1.2347133014314717,-0.403105743590996,-0.35867624489035876,-1.2586335510551052,-0.5167110326499096,-0.9885710532241613,0.5002993116101648,0.30527646040513345,0.5122442736515016,-0.7424708758502816,1.1406528759263421,0.7748212760494178,0.7325114838043248,-0.5423735976260254,-0.9999949952580068,-1.7858610174536578,-0.7144894637714961,2.611163808358421,2.0569017220450942,-0.6108712617933298,2.407053616977351,2.177032279119943,-0.3535500502451853,-1.206240525680768,1.4931036366727322
0.22352307676883887,1.142206531932559,-0.29644390988444347,-0.826866127632406,-0.6439209162167846,0.36206941027214823,0.9231010156543806,0.2995808464620496,1.2968588787613098,0.45786196784035693,0.6949901623640521,0.30985805319435167,-0.7150738826235884,-0.7334458428905279,0.14375574506548,-0.35867624489035876,0.7945124291035353,-0.5167110326499096,1.0115610777177464,-0.39599585708167107,0.30527646040513345,0.5122442736515016,1.3468541764076536,0.4532090463055416,0.15275986050463836,0.17579214648089087,1.6523474718374265,1.335563785613043,0.1223227214742183,0.7810227103933709,-0.6475244506564775,-0.8794043259036218,-0.5659446163994168,-0.7976619289984688,-0.8561106530910872,1.2948144776477637,0.08008747106154226,0.6785408477051154
1.6847062931317278,-0.8754984077249564,0.22103487785398448,-1.6319184706157481,-0.6439209162167846,0.36206941027214823,-1.4260889132533936,-1.262431268450093,-0.02232548713228734,0.8733910799271684,1.5289783572009146,0.30985805319435167,2.0194943718050795,-1.1635019296279825,1.121685547383641,-0.35867624489035876,0.7945124291035353,1.3121011191882919,-0.9885710532241613,0.5002993116101648,0.30527646040513345,0.5122442736515016,1.3468541764076536,1.1406528759263421,-1.1650190409663912,-1.8716042565760895,-0.5423735976260254,-0.22147540163432355,-1.7858610174536578,-0.7144894637714961,-1.327794993548534,-1.4429252514195876,-0.46050691592539433,-1.4397858523590659,0.05743248768018408,-1.1099153216713604,1.03947765025126,-1.4845471688407965
-0.5935752742640285,-0.8754984077249564,-0.8240762776161055,0.612775710310261,-0.6439209162167846,-1.8394221995726499,-0.17256761911527962,0.019544815732711385,-0.49698593583863426,-0.2852115724793929,-0.972986227309673,1.6508446493073838,1.0559563790517412,-1.1635019296279825,1.7459638033023301,-0.35867624489035876,0.7945124291035353,-0.5167110326499096,1.0115610777177464,-1.9988034698300843,0.30527646040513345,0.5122442736515016,1.3468541764076536,0.06878824724308273,-0.19509888245848667,-0.7472420533533005,-0.5423735976260254,-0.7701054863611964,0.8157225412575636,-0.7144894637714961,-2.0229746687029517,-3.4250578809433345,-3.0844655172235664,-2.860376736603826,0.05743248768018408,-0.8865677756122748,0.08008747106154226,-0.0856281374759219
0.9498448324175099,-0.8754984077249564,1.0278894669433536,0.612775710310261,0.844371818474202,0.36206941027214823,0.06581562378481254,-1.262431268450093,1.3258698806777462,0.49968290894456235,-0.972986227309673,0.30985805319435167,-0.2740553424592971,0.03560568590174467,-0.403105743590996,-0.35867624489035876,0.7945124291035353,1.9353176859251158,-0.34342690581066837,0.5002993116101648,0.30527646040513345,0.5122442736515016,-0.7424708758502816,0.41451900238519185,-0.19509888245848667,0.4525249763958343,-0.5423735976260254,-0.748882905359963,-1.7858610174536578,-0.7144894637714961,-1.3048614176682538,-0.7823119827529563,0.7822971537213881,-1.0693787610602934,1.1172323834000635,-0.3535500502451853,1.3664154678038525,-0.6520708241619658
-0.5935752742640285,1.142206531932559,0.7836865260776299,0.612775710310261,-0.6439209162167846,0.36206941027214823,-0.2675173543104066,-0.21520686386012222,0.9030187892909411,-0.2852115724793929,-0.13899803247281048,0.30985805319435167,-0.7150738826235884,0.03560568590174467,0.8909385686233786,-0.35867624489035876,0.7945124291035353,1.9353176859251158,1.0115610777177464,0.5002993116101648,0.30527646040513345,0.5122442736515016,-0.7424708758502816,-0.09341724682854258,0.7748212760494178,0.601151027460441,0.5549869371057006,1.2177502558548117,0.8105471806778863,1.5802186513734835,-1.5961325150786934,-1.2470965869514516,0.3932823930568916,-1.4658044865515878,-0.8607799360998185,1.0447195809703878,1.3664154678038525,-0.26669264681575144
1.3734444319942873,-0.5998368724117882,0.8074223704603523,-1.3252453629374625,-0.6439209162167846,0.36206941027214823,1.2420774405755364,1.3420344252993919,1.5851095863924067,-2.285837203324414,1.301097202029822,0.30985805319435167,1.6458940159659303,-0.9996782506520347,-0.403105743590996,-0.35867624489035876,0.7945124291035353,1.9353176859251158,1.0115610777177464,0.5002993116101648,0.30527646040513345,0.5122442736515016,1.061407805952988,-0.07765132545323998,0.7748212760494178,-0.13552709632247995,0.5549869371057006,-0.11511301819974874,0.8312054075779093,0.47929403968649426,-1.6109303495281975,-1.7774658879123773,-0.6108712617933298,-1.7613993786438236,-0.8616656442102005,0.07630040068728008,1.3664154678038525,1.4253018670696176
1.6847062931317278,1.142206531932559,1.8347440560327226,-1.6319184706157481,-0.6439209162167846,0.36206941027214823,-1.4260889132533936,-1.262431268450093,-0.02232548713228734,0.05204491858692528,-0.13899803247281048,2.2127510386937814,2.0194943718050795,-0.8144548892259494,2.0093855010035213,-0.35867624489035876,0.19686421254115904,-0.5167110326499096,-0.9885710532241613,0.5002993116101648,0.30527646040513345,0.5122442736515016,-0.7424708758502816,0.38079625345379864,0.7748212760494178,0.7325114838043248,1.6523474718374265,0.5570441919893597,0.4098461858523397,0.11752621401417934,-1.0776792443157222,-1.0772835104936385,-0.19147636122779715,-1.1175669151189773,-0.7835519601152782,1.1591804926071652,-0.2943484631567811,-1.4845471688407965
-0.5935752742640285,-0.8754984077249564,-0.9466289650163293,0.612775710310261,-0.6439209162167846,-1.3649240439331412,0.35268865596589305,-0.855686243119582,0.06257919633224795,0.23289238837833248,-0.6000433670839924,-0.5410776760030638,-0.7150738826235884,0.03560568590174467,4.171268129332915,-0.35867624489035876,0.7945124291035353,0.8388194269302627,-0.9885710532241613,0.5002993116101648,0.30527646040513345,0.5122442736515016,-0.7424708758502816,-1.5956245607172592,-0.19509888245848667,-0.5236966086284116,0.06426922784401667,-0.5696138114886085,0.0068233046991096336,-0.26917267434052594,-1.5629901510568196,-1.29318470200339,0.2452868801039751,-1.4744957071157343,0.1407681269352855,-0.48271457384571814,0.7911952845166214,-0.27007257434133247
0.08195832055461871,-0.8754984077249564,0.22103487785398448,-1.6319184706157481,-0.6439209162167846,0.36206941027214823,-0.5367001286437503,-0.35285346012580227,-0.4989462916876039,-0.2852115724793929,1.2816923977492682,0.30985805319435167,-0.7150738826235884,-1.1635019296279825,-0.403105743590996,-0.35867624489035876,0.7945124291035353,0.2103403549232985,-0.9885710532241613,0.5002993116101648,0.30527646040513345,0.5122442736515016,-0.7424708758502816,1.1406528759263421,-0.7702812135106352,-0.7461834323640548,-0.5423735976260254,-0.22147540163432355,0.03505344502611213,1.564433218202576,-1.2141596339329002,-1.326828575054937,-0.43545454128277616,-1.3205839903528618,-0.910753918342757,-0.6195976983178823,0.46149677015378954,-0.49199690033628696
-0.5935752742640285,1.142206531932559,-0.5858197112353846,0.612775710310261,1.5529857391110689,0.36206941027214823,0.12203228342408945,0.17490099681559051,0.9103391145464272,-0.2852115724793929,-0.972986227309673,0.30985805319435167,-0.14111418069615567,-1.1635019296279825,0.2369724504361606,-0.35867624489035876,-1.2586335510551052,-0.5167110326499096,1.0115610777177464,-0.9497279638898248,0.30527646040513345,-0.5222795736243779,-0.7424708758502816,0.6907046241032133,0.7748212760494178,1.2361640853370897,-0.08172265252599753,-0.019572129943336125,0.20818392521147622,-0.7144894637714961,-1.6076047360794348,-3.4250578809433345,-3.817237735558803,-2.6553303810291617,0.05743248768018408,0.5008940776061526,-1.206240525680768,0.16352129886286793
-0.5935752742640285,-0.8754984077249564,-1.3926743003247537,-1.0568122352164298,-0.6439209162167846,0.36206941027214823,-0.5367001286437503,1.0002218560585543,0.5754740360229122,-1.1469721804724367,-0.972986227309673,0.30985805319435167,-0.7150738826235884,1.5419329986471817,-0.403105743590996,2.788029634651948,0.7945124291035353,1.9353176859251158,0.49911333766404986,0.5002993116101648,0.30527646040513345,0.5122442736515016,-0.7424708758502816,0.3434074077050293,-0.6920994411424116,-1.0035656764492848,-0.5423735976260254,-0.9999949952580068,0.663250554513521,-0.14461385653280176,-0.6647370176273215,-0.7621067524930063,-0.30772492578968513,-0.7424000621386945,-0.09341645237765797,-1.1099153216713604,2.6527434645461625,0.24625509751082353
-0.5935752742640285,1.142206531932559,1.0278894669433536,-0.7598855580264022,1.5529857391110689,0.36206941027214823,0.35268865596589305,0.5567243481984884,0.28990775623669285,-0.026811410102041355,-0.6489932483156705,-0.4293897813620482,-0.7150738826235884,0.03560568590174467,1.121685547383641,-0.35867624489035876,0.7945124291035353,0.43586850508008257,-0.9885710532241613,0.5002993116101648,0.30527646040513345,0.5122442736515016,0.5351800400606004,-0.3476164648084119,-0.5718995655937935,0.20169399049640613,-0.1160640756456448,0.8594883799345828,0.7502770836554697,0.8873092538828629,-2.3635901913315256,-1.7839765388160362,0.7042816538126391,-2.136487035746969,-0.7995323303172741,0.46538889175754306,0.5798082611255454,0.5005533681682226
1.6847062931317278,-0.8754984077249564,-1.326839661425834,-1.6319184706157481,1.5529857391110689,0.36206941027214823,-0.60926907758114,-1.1882150126696254,-1.6297605606569814,-0.2852115724793929,-0.20704661569400024,0.30985805319435167,0.540647816856434,-1.065661726527148,-0.403105743590996,-0.35867624489035876,-1.2586335510551052,-0.5167110326499096,-0.8253719113077701,0.5002993116101648,-3.2757193223247443,-1.7511098247136199,-0.7424708758502816,-2.88443189117444,-0.11595904207136298,0.8033383803055598,-0.5423735976260254,-0.8729496589235015,-1.6712641329842817,-0.7144894637714961,-1.693652867436827,-0.9637816129044179,1.11567060856236,-1.3599451803110918,0.14390599155970785,-0.26097754363734915,-1.206240525680768,-0.9882720345885417
-0.5935752742640285,-0.8650368844944368,-0.5858197112353846,0.612775710310261,1.5529857391110689,0.36206941027214823,-1.4214775544524698,-0.35285346012580227,-0.0181583219951279,0.8733910799271684,1.5289783572009146,-1.593034932305078,-0.7079847020509318,0.02938847746398054,-0.3872940763856487,2.771714396476424,-1.2479882708930201,-0.5167110326499096,1.0115610777177464,0.5002993116101648,0.30527646040513345,0.5122442736515016,-0.7424708758502816,0.05767330521905675,0.7697923731258307,-0.13552709632247995,-0.5366839338398527,-0.9959584779982081,-1.7822200156237136,-0.06671881209739364,-1.075940503859096,-0.38110383529832026,1.157807313015808,-0.7382899631519464,-0.580034870226266,-0.7278110358189189,0.08008747106154226,-0.9856989161193019
-0.5935752742640285,-0.8754984077249564,-0.5858197112353846,0.612775710310261,-0.6439209162167846,0.36206941027214823,0.9111309065402435,-0.12019361683400653,1.2860418021594127,-1.0126917070701484,-0.44932969763851216,0.30985805319435167,-0.7150738826235884,1.680907942247707,-0.403105743590996,2.788029634651948,0.7945124291035353,1.9353176859251158,0.2673007409535767,0.5002993116101648,0.30527646040513345,0.5122442736515016,-0.7424708758502816,-0.6042295666881294,0.41390856801472237,0.40950948009908494,0.14665295331707418,0.7561808078944615,0.5821558696154775,-0.27237689228809314,-0.781336626268961,-0.910730055593337,-0.39073194173382947,-0.8807455413218686,-0.021439004366659936,0.5962850089340239,2.6527434645461625,0.442828254888339
1.242095525820142,-0.8754984077249564,-0.42906888030365853,0.612775710310261,-0.6439209162167846,0.36206941027214823,-1.253303837858008,-0.35285346012580227,-0.02232548713228734,0.6483047620946072,-0.972986227309673,0.30985805319435167,-0.7150738826235884,1.0017579242761137,0.8254583150052675,-0.35867624489035876,0.7945124291035353,-0.5167110326499096,-0.9885710532241613,0.5002993116101648,0.30527646040513345,-1.9521936143308383,-0.3365694377763782,-2.5220995016746537,-0.383529106242844,-1.0035656764492848,-0.5423735976260254,-0.372721480974185,0.18442327258348357,0.05052321154923206,-0.612030580667448,-0.9294646148892624,-0.7258045972483957,-0.8073514675063136,-0.3302605052087797,-0.8052037217478589,0.08008747106154226,-0.8918587022276366
-0.5935752742640285,1.142206531932559,4.026351805558431,0.612775710310261,-0.6439209162167846,0.36206941027214823,0.2895946000162338,-1.1979049846447833,0.7243755905632158,0.8733910799271684,0.7541540496728935,0.17486507985029207,-0.7150738826235884,-1.0784361358007069,3.846757852087182,-0.35867624489035876,-1.2586335510551052,-0.5167110326499096,-0.9885710532241613,-1.8215148268376433,-3.2757193223247443,0.5122442736515016,1.198635541289554,1.1406528759263421,0.8436283015106837,1.538970611065619,3.691373016074079,2.1140833792367264,-1.7360436896141322,1.2645150683580233,-1.3892386210292338,-1.0102366819036193,0.4883997142040203,-1.234923160014467,-0.9177825808216542,2.9696078022597954,-1.206240525680768,-0.49199690033628696
-0.5935752742640285,-0.0749057195792796,0.06744891135144615,-1.6319184706157481,-0.6439209162167846,0.36206941027214823,-0.00020642987262986523,-1.262431268450093,-0.3412276073677704,0.17450322216264497,1.5289783572009146,0.30985805319435167,-0.7150738826235884,0.03560568590174467,-0.403105743590996,-0.35867624489035876,-1.2586335510551052,-0.5167110326499096,1.0115610777177464,0.5002993116101648,0.30527646040513345,0.5122442736515016,1.3468541764076536,1.1406528759263421,0.18974975012618095,-0.4799507663145031,-0.5423735976260254,-0.9999949952580068,0.599485841263785,0.18563906333867425,-0.9446180384583213,-0.8677895622870506,-0.019266811596450106,-0.9380080806785738,-0.6532050424103415,-0.8817894395423476,-1.206240525680768,-0.6889108474559829
1.6847062931317278,-0.7730624918676092,1.068852289193817,0.4988158841119652,-0.6439209162167846,0.36206941027214823,-1.4260889132533936,-1.262431268450093,-0.02232548713228734,-0.22639101775836276,-0.8883055161975413,0.30985805319435167,1.9500793651529238,-0.025271246296853525,2.5690654243738296,-0.35867624489035876,-1.2586335510551052,-0.5167110326499096,0.910017307545127,0.5002993116101648,0.30527646040513345,-1.9521936143308383,1.2407822126407069,-0.9486593887688389,0.7255798543764724,0.6443733966072014,0.4992755547367637,-0.1819511054806609,1.0230864811853158,-0.2557049829189199,-1.44707900238049,-0.9886313907262549,0.6324074163861609,-1.2517320519278736,-0.44556521822905343,0.36441566742146825,-1.206240525680768,-1.4845471688407965
1.6847062931317278,1.142206531932559,1.7432605823395262,-1.6319184706157481,-0.6439209162167846,0.36206941027214823,-1.4260889132533936,-1.262431268450093,0.06880229862418041,-0.2852115724793929,-0.23355799174490655,2.2127510386937814,1.8644677992670098,-1.1635019296279825,1.121685547383641,-0.35867624489035876,0.7945124291035353,-0.5167110326499096,-0.9885710532241613,0.5002993116101648,-0.10074705103644321,0.5122442736515016,-0.5055772446564657,0.19031931478213293,0.6648489631875638,0.6340907947687267,1.5279256057805148,0.5570441919893597,1.0230864811853158,-0.10659370981897609,-1.039656376826109,-1.0231625134553737,-0.1534224101100492,-1.0693787610602934,-0.7743856777332511,1.0734216416981575,0.08008747106154226,-1.4845471688407965
1.6847062931317278,-0.8754984077249564,1.0501721860654865,0.612775710310261,-0.5832494462887716,0.36206941027214823,-1.3769648189102015,-1.2373116656162166,-0.000129403268625726,-0.2532147073356117,-0.9499541655875006,0.3624098146749623,1.981734397977264,0.03560568590174467,2.6464768383582777,-0.35867624489035876,-1.2586335510551052,-0.5167110326499096,1.0115610777177464,0.5002993116101648,0.30527646040513345,-1.9521936143308383,1.3468541764076536,-1.0030763814401766,0.7212491485429772,0.6845666369144519,0.5246813815548079,-0.2429755996506381,0.9842994500477528,-0.22671816866768116,-1.4130286127406444,-0.997042170047177,0.5559994334598739,-1.239494961915354,-0.4753942853749428,0.36103848687265105,-1.206240525680768,-1.4434306173330864
-0.5935752742640285,0.2924801513349764,-0.24602491954902736,0.612775710310261,-0.6439209162167846,0.36206941027214823,0.8675246018345488,0.9397794935511442,0.23121491108513248,0.20271667660706383,-0.13899803247281048,0.30985805319435167,-0.7150738826235884,0.5405919968655384,0.2390373960627722,-0.35867624489035876,0.7945124291035353,1.9353176859251158,0.1692352237548368,0.5002993116101648,0.30527646040513345,0.5122442736515016,0.1374172483510392,-0.5516765590379004,0.7748212760494178,-0.13552709632247995,1.0171239805658272,0.8849061223994825,0.21008593104238182,2.1178472132731487,-0.6011024845776963,-0.8603733001580397,-0.6108712617933298,-0.7644012466027115,-0.8446544912493309,0.7213471887975059,1.3664154678038525,0.9968285024204774
1.6847062931317278,-0.8754984077249564,1.3816743252974337,-1.6319184706157481,-0.6439209162167846,0.36206941027214823,-0.5367001286437503,0.04597287169590469,-0.5725325343985999,-0.2852115724793929,-0.972986227309673,0.30985805319435167,0.8204569546113685,0.5613833460254511,1.121685547383641,-0.35867624489035876,-1.2586335510551052,-0.5167110326499096,1.0115610777177464,-0.5954925888139102,0.30527646040513345,-0.8716013726652354,0.43073920641913666,0.5387731502990823,0.23018600844083065,-0.5161395514894461,-0.5423735976260254,-0.6586342991914649,0.6287623042929655,-0.7144894637714961,-1.0364139163403743,-2.7573641505708535,-3.5278841660526474,-2.0104287482835455,1.5819272132504976,-0.7317326859582729,-1.206240525680768,-0.27439309606934614
-0.5935752742640285,1.142206531932559,1.0278894669433536,0.612775710310261,0.8324577729674955,0.36206941027214823,0.6443849328794232,0.8550420972443283,1.0449903962930294,-0.6838314457519287,-0.13899803247281048,-0.968935765731174,-0.266640423271573,-0.35767027296049814,0.621593854814467,-0.35867624489035876,0.1211342071877799,1.9353176859251158,-0.33257998831889557,0.5002993116101648,0.30527646040513345,0.5122442736515016,-0.7424708758502816,-1.0030763814401766,-1.1650190409663912,0.7325114838043248,0.19508136155520994,1.335563785613043,0.09053426480519566,1.8554569836646664,-1.4184204959996594,-1.2980814337559066,-0.019266811596450106,-1.4057909390455858,-0.8855101973580225,1.035146472008096,0.9445335034342928,0.8260839156434341
-0.5935752742640285,-0.8754984077249564,-1.1279028146508485,0.612775710310261,0.8320649599722422,0.36206941027214823,0.060833353874128804,-0.35285346012580227,0.5176499960452746,-0.2852115724793929,0.9816274556446088,0.30985805319435167,-0.7150738826235884,0.03560568590174467,-0.403105743590996,-0.35867624489035876,0.12076709899945437,1.9353176859251158,-0.9885710532241613,0.5002993116101648,0.30527646040513345,0.5122442736515016,-0.05685328673005641,0.42052348431730735,0.7748212760494178,0.7325114838043248,-0.5423735976260254,-0.9999949952580068,1.0230864811853158,0.3679059257053712,-1.3029828229560396,-1.4977980317966706,-0.6108712617933298,-1.4573642857181874,-0.17735622196349698,-0.3535500502451853,0.9443035044254351,-0.1585757751902903
1.3314778355616705,-0.8754984077249564,-0.3356276313221536,-1.6319184706157481,1.2123737794690974,0.36206941027214823,-0.3988078535783477,-1.262431268450093,-0.02232548713228734,-0.2852115724793929,0.11960772364590969,0.30985805319435167,-0.7150738826235884,-0.9775903462857033,-0.403105743590996,-0.35867624489035876,0.4761893569616707,-0.5167110326499096,-0.6784673339738198,0.5002993116101648,0.30527646040513345,0.5122442736515016,1.3468541764076536,1.1406528759263421,0.6244432865775223,-0.13552709632247995,-0.5423735976260254,-0.9999949952580068,0.9142105408122309,-0.34231809087912946,-0.5109667239643337,-0.9886313907262549,-1.0190290911465048,-0.7896225056601018,-0.6381465701837152,-0.7317326859582729,-0.11934690119554597,-0.9113287354322939
1.64333472368933,1.1055668025769252,1.8347440560327226,0.612775710310261,-0.6439209162167846,0.36206941027214823,-0.5690011491939253,-1.262431268450093,-1.6297605606569814,-0.2852115724793929,-0.972986227309673,2.2127510386937814,0.6273815794134224,-1.1417272005098853,4.171268129332915,-0.35867624489035876,-1.2213502438866202,-0.5167110326499096,0.9752404549582768,-1.9988034698300843,-3.2757193223247443,0.4674922707918714,1.3089138894280965,0.04932413773483235,0.7748212760494178,-0.15128990584977065,-0.5423735976260254,0.5287697434832549,1.0230864811853158,-0.07591122245552584,-1.0837688909519432,-0.6896084970439991,0.5723376386004296,-0.9098466405664696,-0.7814264173807826,0.004030203305107172,-1.1828819519186335,-1.0062958657717274
1.6847062931317278,1.142206531932559,0.0910776348500969,0.612775710310261,-0.6439209162167846,0.36206941027214823,-1.282838176417533,-1.262431268450093,-0.15177745610403626,-0.0985995007631214,-0.004670474614943632,0.30985805319435167,-0.4948502165770283,0.03560568590174467,-0.403105743590996,-0.35867624489035876,-1.2586335510551052,1.5403780073988902,-0.9885710532241613,-1.9988034698300843,0.30527646040513345,0.5122442736515016,-0.4059506066443517,0.06878824724308273,0.46237798964302534,-0.2753390304921868,0.3782389188091708,1.335563785613043,1.0230864811853158,-0.1219580811691644,-1.0236656959602692,-0.7821847500102944,0.2864746677402561,-0.9304980186977008,-0.5329279143621822,0.659172751469108,-0.12709687456387297,-1.4046138709567293
1.3666687081376425,1.142206531932559,0.22103487785398448,0.612775710310261,-0.6439209162167846,0.36206941027214823,0.35268865596589305,1.3393292951945197,0.6691967933161197,-0.2852115724793929,0.8114110627458608,0.04422298057152285,-0.7150738826235884,0.03560568590174467,0.9088317251250031,-0.35867624489035876,0.50790273234144,-0.5167110326499096,1.0115610777177464,-1.9988034698300843,0.30527646040513345,0.5122442736515016,1.0551940482667284,0.9910255239670881,0.6394249013153064,0.7325114838043248,1.3459745464462674,1.335563785613043,0.9250574566315726,0.48440991942806055,-1.1713056904841535,-0.8541350223778195,0.4071671405329398,-1.0424897634563528,-0.740555311931942,1.4317780295597224,-0.09947797662007862,0.9275507856321092
-0.5935752742640285,1.142206531932559,1.0278894669433536,0.612775710310261,-0.6439209162167846,0.36206941027214823,-0.3141293752676363,-1.0348081844219013,0.7813920496300597,0.5834491898651377,0.27757680153986336,0.30985805319435167,-0.3729091695764556,-1.1635019296279825,2.2648957432891343,-0.35867624489035876,-1.2586335510551052,-0.5167110326499096,-0.9885710532241613,-1.373399598705682,-3.2757193223247443,0.5122442736515016,-0.7424708758502816,-0.7348407998233595,-0.67957136244966,1.6005500639311296,0.5549869371057006,1.919257791744142,1.0230864811853158,-0.2313294175187791,-1.4969502484371169,-0.9886313907262549,0.7203874571494385,-1.2763508710785298,-0.578234336272943,1.8209050449226647,-1.206240525680768,-0.7398849795149021
1.6847062931317278,-0.8754984077249564,1.8034100723422757,0.5256036079187278,-0.6439209162167846,0.36206941027214823,-1.3915497359985707,-1.2271080558209222,-1.5673362464641096,0.8283970536117342,0.6949901623640521,-1.5191365885655954,0.6522102445907456,-1.1635019296279825,1.121685547383641,-0.35867624489035876,-1.2586335510551052,-0.5167110326499096,-0.9885710532241613,0.5002993116101648,-3.2757193223247443,-1.8564878234332356,-0.661332492309104,1.1406528759263421,1.7447414345573222,1.6005500639311296,0.5123712321660642,0.4965769886564033,-1.056352960259955,-0.7144894637714961,-2.044657738598919,-3.3540943991650405,-2.9083646574488666,-2.8325072946292282,0.05743248768018408,1.115120625935954,-1.206240525680768,-1.4460017427555711
0.09734895784276243,-0.26359808074101587,-0.8305108834620238,-0.06796262575225354,1.5529857391110689,0.36206941027214823,-0.6169260707256868,-0.6286970423026104,-0.2660652995704154,0.8733910799271684,1.5289783572009146,-1.593034932305078,-0.7150738826235884,0.03560568590174467,-0.403105743590996,1.833742256567294,-0.6359851786830366,-0.5167110326499096,1.0115610777177464,0.5002993116101648,0.30527646040513345,0.5122442736515016,-0.7424708758502816,0.3938478255207343,0.48067793998758424,0.1277190704358891,-0.5423735976260254,-0.7638968500145322,-1.5728967902374553,0.07651481431968384,-1.1793791431264464,-0.47188528486187964,1.1639420887973093,-0.8386977778521599,-0.6266575638756611,-0.502353182638262,0.08008747106154226,-0.6872657665714761
-0.5935752742640285,0.058532665574619225,1.0278894669433536,0.612775710310261,-0.6439209162167846,0.36206941027214823,1.2420774405755364,0.5567243481984884,0.7217844555427297,-0.2852115724793929,-0.972986227309673,0.30985805319435167,-0.7150738826235884,0.6796253145204444,-0.403105743590996,-0.35867624489035876,0.7945124291035353,1.9353176859251158,0.08566476637613729,-0.6565792821602425,0.30527646040513345,0.5122442736515016,0.3796688944191893,0.06878824724308273,-0.19509888245848667,-0.07114914141959916,-0.5423735976260254,-0.9999949952580068,0.372930902084326,0.21342068454872581,-0.8975689915631996,-0.6614909274632506,0.29847354245563296,-0.8026457982629365,-0.5045407743496406,-0.7036848258465332,1.3664154678038525,0.9968285024204774
-0.5935752742640285,-0.21641258360782323,-1.129114246849877,0.612775710310261,0.07370137085604556,0.36206941027214823,0.06216870503368155,-0.35285346012580227,-0.3009723610212828,0.8733910799271684,0.4058485265005888,-1.593034932305078,-0.26844882458101027,-0.3560843057581302,3.673193160656261,-0.35867624489035876,0.7945124291035353,-0.5167110326499096,-0.33522540889582564,0.5002993116101648,0.30527646040513345,0.5122442736515016,-0.7424708758502816,-1.3532022934368158,-0.19509888245848667,-0.7200197963239918,-0.18391941625793967,-0.7456906032382815,-0.6107738152767469,-0.2934821533660412,-1.41975111827101,-1.0942192673598454,0.3790893102915548,-1.295635540469014,0.4633274740814386,-0.7393138389272209,0.08008747106154226,-0.15783065496002813
-0.5935752742640285,0.7948969706066078,0.6112354142878267,-1.6319184706157481,-0.6439209162167846,0.36206941027214823,-0.689791506158754,-0.5094199944053641,0.6430473493537716,-0.2852115724793929,1.5289783572009146,0.30985805319435167,-0.7150738826235884,-0.9570983412009614,2.6464768383582777,0.18296937294271087,0.7945124291035353,-0.5167110326499096,0.6672763414622628,0.07012626020364676,0.30527646040513345,0.5122442736515016,-0.3828332731935751,-1.0030763814401766,-0.19509888245848667,0.013889249225554012,-0.3534838355784691,0.04653930480832891,0.4417263393378442,-0.6590263287208358,-1.3553045918744595,-2.101998506094951,-1.6922466988110045,-1.8116147889030607,-0.0033756495985067247,-0.09316223490306852,0.3015043905967114,-0.6628455668448645
-0.5935752742640285,-0.8754984077249564,1.1774571127411217,0.612775710310261,-0.04736647724526255,0.36206941027214823,1.0005702167052575,1.2193127462854707,-0.6077992204667261,-0.2852115724793929,1.5289783572009146,1.6960339289183324,0.6522102445907456,0.03560568590174467,-0.403105743590996,-0.35867624489035876,0.7945124291035353,1.9353176859251158,1.0115610777177464,0.5002993116101648,0.30527646040513345,0.5122442736515016,-0.7424708758502816,-1.4928265168500419,0.06827606549509596,0.968221210895986,0.25700645779913656,0.13424123103860874,-0.7022492457114158,-0.539499232569029,-0.406980507465878,-0.5186794911156186,-0.28957926695653785,-0.4828407466184871,0.6567825372092884,0.5756122256662234,1.3664154678038525,1.22358364266535
1.6055401788102772,-0.8053868542603555,0.9998527468316905,-1.6319184706157481,-0.6439209162167846,0.36206941027214823,-0.5057954963075872,-0.28964113221291354,-1.6297605606569814,-0.2852115724793929,-0.972986227309673,0.30985805319435167,2.0194943718050795,0.03560568590174467,1.068701840986177,-0.35867624489035876,-1.2586335510551052,-0.5167110326499096,0.9420601471909061,0.5002993116101648,0.30527646040513345,-1.9521936143308383,1.2742539551229815,0.1060335811587032,-0.16139593228324256,-0.07520159270327675,-0.504242327642692,-0.9188386026079727,0.34525105255210486,-0.7144894637714961,-0.7306770991584227,-3.4250578809433345,-5.364264035145385,-2.2224371888867904,1.1172323834000635,-0.6528857597441284,-1.206240525680768,-0.44026294272276434
-0.5935752742640285,-0.8754984077249564,0.22103487785398448,0.612775710310261,-0.6439209162167846,0.36206941027214823,-1.4260889132533936,-1.262431268450093,-1.6297605606569814,0.244577056619388,-0.972986227309673,-0.722908263757051,-0.7150738826235884,0.03560568590174467,-0.403105743590996,-0.35867624489035876,-0.14431969933028244,-0.5167110326499096,-0.07398031112019854,-0.8560508325854903,0.30527646040513345,0.5122442736515016,-0.7424708758502816,1.1406528759263421,-0.19509888245848667,-0.13552709632247995,-0.5423735976260254,-0.9999949952580068,-0.381387268134171,-0.3647351917289387,-1.6236966001408373,-1.484506467254254,-0.019266811596450106,-1.6084590367331684,0.19692786319955768,-0.7317326859582729,-0.5081055082570939,-1.4845471688407965
-0.5935752742640285,1.142206531932559,0.22103487785398448,0.612775710310261,1.2059251812166618,0.36206941027214823,-1.1450831026304682,-1.1187389632536802,-0.5721053738613135,-0.10217908816924226,-0.972986227309673,0.30985805319435167,0.43621090258849826,-1.1635019296279825,1.6034492261770095,-0.35867624489035876,0.7945124291035353,-0.12934707570711534,1.0115610777177464,0.5002993116101648,0.30527646040513345,0.5122442736515016,-0.7424708758502816,0.2381181252858885,0.9280462801743881,0.8696415494637233,-0.36901595474589965,0.024500861252858996,1.0230864811853158,-0.39227477686979334,-1.360051150720201,-0.7321904750596007,0.9770223850946482,-1.0693787610602934,-0.6491007761330689,0.2636091049631728,0.28329761251289054,-1.2493471098692346
-0.5935752742640285,1.142206531932559,-0.5858197112353846,0.1764519791137697,-0.6439209162167846,0.36206941027214823,1.2420774405755364,1.1126946259166637,0.9376186917482003,0.8733910799271684,0.6949901623640521,0.30985805319435167,-0.7150738826235884,-1.1635019296279825,-0.403105743590996,2.1763728388146477,0.7945124291035353,-0.5167110326499096,1.0115610777177464,0.5002993116101648,0.30527646040513345,0.5122442736515016,-0.33634780116604424,0.06878824724308273,1.367675207791164,1.2630913265033104,3.420458585209308,1.9627547141624802,0.18434877895675808,1.1561665558451202,-0.6771446542562045,-0.7432771624484207,-0.2492589978780254,-0.7382899631519464,-0.9179631651555397,2.6825379032417005,1.1163789880685253,1.3001716817392053
1.6847062931317278,1.142206531932559,-1.0607715142899399,-1.6319184706157481,-0.6439209162167846,0.36206941027214823,-1.0602353635906037,-0.8882728850430008,0.3082868601774387,0.19138415299707173,-0.972986227309673,0.30985805319435167,2.261903168916156,-0.45765191432961094,-0.403105743590996,-0.35867624489035876,0.7945124291035353,-0.5167110326499096,1.0115610777177464,0.5002993116101648,0.30527646040513345,-0.9384374653396694,1.3468541764076536,1.1406528759263421,0.7748212760494178,0.8864079445810982,0.5549869371057006,1.335563785613043,0.3208496065255724,0.4418250141116846,-1.4130286127406444,-0.8093572733409117,0.9205832879599135,-1.1374760960303534,-0.8014557507117089,1.2262293202698409,0.08008747106154226,-1.0762577399264117
1.0001105016951244,-0.8754984077249564,1.8347440560327226,-0.9574152786855471,0.01622270779352042,-0.5766456628991734,-1.4260889132533936,-1.262431268450093,-1.1467459490782728,-0.2852115724793929,-0.972986227309673,2.2127510386937814,1.0630624292304875,0.03560568590174467,1.579866711450046,-0.35867624489035876,0.7945124291035353,-0.5167110326499096,-0.9885710532241613,-0.2506505582503724,0.30527646040513345,0.5122442736515016,1.3468541764076536,0.3908704798729581,-0.19509888245848667,0.12530789758860772,-0.5423735976260254,-0.9999949952580068,-0.1703736621499095,-0.16688166889352404,-1.3122602224020217,-0.9886313907262549,0.3945677252604795,-1.1851790895528538,-0.4935256023666702,-0.6180934218266115,0.08008747106154226,-1.4845471688407965
1.3694989928840493,-0.8754984077249564,0.8046278118793364,0.612775710310261,-0.6439209162167846,-2.3296903512940967,-0.41365043993129624,1.466302156522779,-0.24471910041526468,0.7130948200832536,1.1828238198140553,-1.3297638032210894,-0.7150738826235884,0.03560568590174467,0.9107259569855684,-0.35867624489035876,0.7945124291035353,-0.5167110326499096,-0.9885710532241613,0.5002993116101648,0.30527646040513345,0.5122442736515016,-0.7424708758502816,-2.0749410101234362,-0.060907429130554025,-0.883469854550784,-0.5423735976260254,0.4493335987036731,-1.591547731015683,0.6635280805458835,-1.216869110801556,-1.9022913245576598,-1.548529246668475,-1.6347226965060824,-0.7768820700449809,-0.3535500502451853,0.08008747106154226,0.5692145676820816
-0.5935752742640285,-0.8754984077249564,-1.0713555409727151,0.612775710310261,-0.6439209162167846,0.36206941027214823,1.2420774405755364,1.466302156522779,0.568012402066865,1.5705961374171284,0.8056982774333236,-1.593034932305078,-0.7150738826235884,0.03560568590174467,1.121685547383641,2.788029634651948,0.7945124291035353,-0.5167110326499096,1.0115610777177464,-1.667059015879218,0.30527646040513345,0.5122442736515016,-0.465122539585487,-0.21578199820064387,0.7748212760494178,0.7325114838043248,-0.5423735976260254,-0.9999949952580068,-0.2881685376928799,-0.1142533665430498,-1.3239964257196852,-1.252756644102412,-0.09779959413865492,-1.3345417755512492,-0.37203775257873745,-0.3535500502451853,1.3664154678038525,1.4931036366727322
1.6153026989927888,-0.814032794023752,0.17187624072002428,0.612775710310261,-0.6439209162167846,0.36206941027214823,1.2149838718427963,-0.2974362808358124,1.5606258322673345,0.8733910799271684,-0.13899803247281048,0.2518899713095477,-0.7150738826235884,-0.0009228887345613668,-0.403105743590996,2.788029634651948,0.731967170275932,-0.5167110326499096,0.9506307868236229,0.5002993116101648,0.30527646040513345,0.5122442736515016,-0.7424708758502816,1.1406528759263421,1.7447414345573222,1.6005500639311296,-0.4755155180396049,0.5333280461545705,1.0230864811853158,-0.70467379494664,-1.0674634519422108,-0.9793537427339967,-0.019266811596450106,-1.059292759012598,1.0634243416405382,0.7925184847809229,1.3272298871043138,0.5156714635308877
1.6847062931317278,0.5663436638340098,1.6044638060917435,-0.9912717617606929,-0.6439209162167846,-0.5295271446068273,-1.4260889132533936,-1.0028333088250712,-0.4810953268290936,0.5427202106202427,0.21894153463892296,0.30985805319435167,0.6522102445907456,-0.8212707455406947,1.5568684469315734,-0.35867624489035876,-0.6726556364845782,-0.5167110326499096,-0.9885710532241613,0.5002993116101648,0.30527646040513345,-1.9521936143308383,-0.7424708758502816,0.06878824724308273,-0.19509888245848667,-0.7558232159204118,-0.5423735976260254,0.11265758496529299,1.0230864811853158,-0.6225278146246263,-1.988016998031855,-0.9886313907262549,1.586699732519072,-1.5187647759857057,-0.04339153859582584,-0.46148522599183023,-0.839116217780118,-1.3429078158514516
-0.5935752742640285,-0.8754984077249564,-1.3926743003247537,0.612775710310261,1.4627642382059343,-2.633607646895018,1.169027462925302,0.5193702463034429,-0.02232548713228734,-0.2852115724793929,-0.972986227309673,0.30985805319435167,-0.7150738826235884,0.13409443011625394,-0.403105743590996,2.788029634651948,0.7945124291035353,1.9353176859251158,0.9294206178923224,0.5002993116101648,0.30527646040513345,0.5122442736515016,1.261050784790508,1.1406528759263421,-1.2048512533394153,-1.0035656764492848,-0.5423735976260254,-0.9999949952580068,0.9654082319350964,0.574369283835315,-1.0914512101266092,-0.9886313907262549,0.005028914081960191,-1.0761772584401719,-0.7571844645490401,-1.1099153216713604,2.6527434645461625,0.9356861402283245
-0.5935752742640285,-0.8754984077249564,0.22103487785398448,-0.2824552463945347,-0.6439209162167846,0.36206941027214823,-1.0713820764404853,-0.8996726270000188,-0.9886818556198833,-0.2852115724793929,0.024849543667790353,-0.8341214364752192,-0.7150738826235884,-0.4426234942531392,-0.403105743590996,-0.35867624489035876,0.7945124291035353,-0.5167110326499096,-0.9885710532241613,-1.0021090457328907,0.30527646040513345,0.5122442736515016,-0.7424708758502816,1.1406528759263421,-0.19509888245848667,-0.4817190253375118,-0.5423735976260254,-0.6895051091365744,-0.381387268134171,0.8294815732541349,-1.8162386747621486,-1.7808290984161157,-0.25521103172272175,-1.8645774555252141,-0.7252697817743683,-0.7317326859582729,0.08008747106154226,-1.088697376026555
0.6970239876177104,-0.8754984077249564,1.8347440560327226,0.612775710310261,1.5529857391110689,0.36206941027214823,-0.41844830783413156,-0.35285346012580227,0.7813920496300597,0.8733910799271684,-0.13899803247281048,2.2127510386937814,0.059464221278346385,0.03560568590174467,1.9854481932382613,-0.35867624489035876,-1.2586335510551052,-0.5167110326499096,1.0115610777177464,-0.5831135694898959,0.30527646040513345,-1.9521936143308383,1.3468541764076536,-0.5384008370267018,-1.1650190409663912,-0.2509402254390598,-0.06664504921713005,-0.662490606809208,-0.381387268134171,-0.34943358741803865,-1.1222668016470279,-1.0291243497283482,-0.019266811596450106,-1.1133998392207447,0.15666492221701744,-0.4541152609730932,-1.206240525680768,-0.42601289057207076
1.6847062931317278,-0.8754984077249564,0.22103487785398448,-1.6319184706157481,-0.08160649514141394,-0.43753389380644414,-0.30905452598883687,-0.5856665919311449,-1.218325727687078,-0.8783173179277888,0.268059334123288,0.7969175124183085,-0.36510745115254606,-0.5496610975667389,-0.403105743590996,-0.35867624489035876,0.7945124291035353,1.9353176859251158,-0.9885710532241613,0.5002993116101648,-0.6113057555737198,-0.11854673464930032,-0.7424708758502816,0.8663012385058405,-1.8866809992007332,-0.13552709632247995,-0.26149609547901553,-0.22147540163432355,0.663601092332377,0.09104725348276087,-0.828165013904759,-0.8399834006898463,-0.17069232305880488,-0.8654068836197772,-0.7353128986669577,-0.25675142234443504,1.3664154678038525,-0.49199690033628696
-0.5935752742640285,-0.8754984077249564,1.429928120610657,0.04967054435118057,-0.6439209162167846,0.36206941027214823,0.5758011954892742,0.5567243481984884,0.38091652308763657,-0.2852115724793929,1.5289783572009146,1.7353903008671319,-0.3720762654378812,2.1330121481840143,-0.403105743590996,-0.35867624489035876,0.7945124291035353,1.9353176859251158,1.0115610777177464,0.5002993116101648,0.30527646040513345,0.5122442736515016,-0.21834169144226545,0.06878824724308273,0.04821579998896347,-0.3532837122903373,-0.5423735976260254,-0.4167752374404691,-0.20522375543475657,0.7349220781870168,-1.161805163724168,-1.065031794998409,-0.019266811596450106,-1.1524358715021534,-0.5997218640946596,-0.5432922411018561,1.3664154678038525,0.6250492100557783
1.2647422806522353,-0.5035674424813312,-0.4370892401774134,0.612775710310261,1.5529857391110689,0.36206941027214823,-1.4260889132533936,-1.262431268450093,-1.48160835398102,-0.2852115724793929,0.38752594575752125,0.30985805319435167,1.7674578647807009,-0.18543022678757773,-0.122035362337168,-0.35867624489035876,0.7945124291035353,-0.5167110326499096,-0.6198793483794065,0.5002993116101648,0.30527646040513345,0.5122442736515016,-0.7424708758502816,0.06878824724308273,-0.0163099358326598,-0.6835481945769661,-0.5423735976260254,0.4135368147577412,1.0230864811853158,0.13336456261336654,-1.6865617998990963,-0.9324919598287552,1.1639420887973093,-1.3394367443202384,-0.6902647326514418,-0.2838382554358699,0.08008747106154226,-1.4845471688407965
1.500454903987154,-0.8754984077249564,1.7694913317843652,-1.6319184706157481,-0.6439209162167846,0.36206941027214823,-0.4647726191563046,0.40960383674178,0.7163930281098221,-0.2852115724793929,-0.7706449289891374,0.30985805319435167,-0.7150738826235884,1.1377379112703085,0.9983711522104554,-0.35867624489035876,-1.2586335510551052,-0.5167110326499096,1.0115610777177464,-1.796693614013721,0.30527646040513345,0.5122442736515016,-0.5735009606465509,1.1406528759263421,0.696380955449061,-0.9333648213362501,-0.5423735976260254,-0.284436590740286,0.9662945018635931,-0.6623725485367518,-1.3859079144629174,-1.8284009352294415,-1.106786098087494,-1.678004090275848,1.954188458992538,-0.7317326859582729,-1.206240525680768,-0.03585700844936009
1.6847062931317278,1.142206531932559,1.373476966622183,-1.6319184706157481,-0.6439209162167846,0.36206941027214823,-1.4260889132533936,-1.262431268450093,0.4371481948715383,-0.2852115724793929,-0.6157770115318739,2.2127510386937814,1.2378378276324966,-1.1635019296279825,1.121685547383641,-0.35867624489035876,0.7945124291035353,-0.5167110326499096,-0.9885710532241613,0.5002993116101648,-1.7419269938820563,0.5122442736515016,0.45196601367058276,0.6815577402849984,0.22033196096665253,0.23626639235228913,1.0250023383593156,0.5570441919893597,1.0230864811853158,-0.2542655624314993,-0.8859648645492173,-1.1627401103924526,-0.6956902130735942,-1.0693787610602934,-0.7096244609166478,0.7267774152748243,0.08008747106154226,-1.4845471688407965
0.11610966006418622,1.142206531932559,0.22103487785398448,-1.6319184706157481,-0.6439209162167846,0.36206941027214823,0.6297333506299672,0.2138136949834719,-0.2726835795903737,-0.2852115724793929,-0.972986227309673,-0.282893300621609,1.07811938589995,-0.33791645532877024,3.121449476808982,1.8078304409123147,0.1549572525409295,-0.5167110326499096,-0.3655296959533778,0.5002993116101648,0.30527646040513345,0.5122442736515016,1.3468541764076536,-0.2650976909578463,0.472691050424534,0.46211737995533464,-0.5423735976260254,1.093054854943159,0.05610644415128707,-0.17042999691282737,-1.2041058896553745,-1.3131328532253335,-0.426586416849351,-1.308176474413,-0.6004559679307834,0.5453899997871934,0.5650328705368182,0.4680474946177433
1.5521248971443562,1.142206531932559,0.17408110826238626,0.612775710310261,-0.6439209162167846,0.36206941027214823,0.35268865596589305,1.4133705534616985,0.7346208363926691,-0.21778831837023555,0.5979246190257452,0.19912186850034322,-0.7150738826235884,0.03560568590174467,1.121685547383641,-0.35867624489035876,0.7945124291035353,-0.5167110326499096,0.8951661975262717,-1.853371693432924,0.30527646040513345,0.5122442736515016,1.3468541764076536,1.0782772192849404,0.8312644174291123,0.7830257698219478,1.716206826922534,1.335563785613043,1.0230864811853158,0.49936595920956506,-1.0386488733154582,-0.6663550272419013,0.5379100485246773,-0.8749334907318371,-0.6572144241883205,1.5813787429822617,0.08008747106154226,0.9679484679969032
-0.4004082727472429,1.142206531932559,-0.4489993253226736,0.612775710310261,-0.45765339015895945,0.36206941027214823,-1.4260889132533936,0.5567243481984884,-1.6297605606569814,0.8733910799271684,-0.972986227309673,-1.4316957293388635,-0.7150738826235884,-1.1635019296279825,0.9924041776742949,-0.35867624489035876,-1.2586335510551052,-0.5167110326499096,-0.9885710532241613,0.5002993116101648,-3.2757193223247443,0.5122442736515016,-0.5653247928927225,1.049773469571262,-0.19509888245848667,-0.13552709632247995,-0.44933248843631035,1.2695560112999436,-1.0240840958682842,-0.4195941590761894,-0.7423298758908001,-0.9369875107218539,-0.5105513896897721,-0.8757625771068416,-0.5891964543864467,0.4028152211809899,-1.206240525680768,-0.49199690033628696
-0.5935752742640285,-0.8754984077249564,-1.0357603737722973,0.612775710310261,-0.6439209162167846,-1.0198260296713935,0.35268865596589305,-0.7552072317519833,-0.11499053497300415,0.3608806132627542,-0.5079145700283154,-0.7512859772297272,-0.7150738826235884,0.03560568590174467,4.171268129332915,-0.35867624489035876,0.7945124291035353,0.5679493383764558,-0.9885710532241613,0.5002993116101648,0.30527646040513345,0.5122442736515016,-0.7424708758502816,-1.4772180899081189,-0.19509888245848667,-0.6195868750375708,-0.056953718268529296,-0.6556151171292173,-0.0707512208290314,-0.3581585007638013,-1.6000354403038846,-1.29318470200339,0.31064009093699574,-1.4927830239259399,0.33589097183259575,-0.6080455252115495,0.649097528586048,-0.21525017828062032
-0.5935752742640285,-0.8754984077249564,-0.7792932423771561,0.612775710310261,1.5529857391110689,0.36206941027214823,0.35268865596589305,0.33861908759222803,0.17039581851644903,-0.2852115724793929,1.5289783572009146,0.30985805319435167,0.3243527945081855,0.03560568590174467,-0.403105743590996,-0.35867624489035876,0.7945124291035353,1.9353176859251158,0.5319546760733169,0.5002993116101648,0.30527646040513345,0.5122442736515016,-0.7424708758502816,0.06878824724308273,0.7748212760494178,1.3924053851557812,-0.5423735976260254,-0.9999949952580068,0.48923713220318066,0.16172893659357596,-0.6482181258150235,-0.440111628063784,0.28861910104347505,-0.5592204002775927,-0.6338932573655532,-0.06605083002892524,1.3664154678038525,0.3815528643103887
-0.5935752742640285,1.142206531932559,1.0278894669433536,0.612775710310261,-0.6439209162167846,0.36206941027214823,-0.45321027727104174,-0.35285346012580227,0.053122122339625724,0.7646292370488532,1.2941107099860336,-1.4144041070836348,-0.5867224231260514,-0.07695849112956346,1.121685547383641,-0.35867624489035876,-1.2586335510551052,-0.5167110326499096,-0.9885710532241613,0.5002993116101648,-3.2757193223247443,0.5122442736515016,-0.7424708758502816,1.0400334167100824,1.6536918381620171,0.813997121238321,1.5493346280367937,2.041001183590521,-0.885860285271773,-0.7144894637714961,-1.444508961281375,-1.2645952806686536,0.0918049007369795,-1.4004675589686404,1.0177454803610284,1.880044515767338,-1.206240525680768,-0.44540992069849306
1.2680860626187038,-0.5065287820661454,1.0278894669433536,0.612775710310261,1.1512462130328613,0.36206941027214823,0.5153276228795917,-0.9297695627182916,1.5851095863924067,0.6615220506436715,-0.972986227309673,0.30985805319435167,-0.7150738826235884,0.03560568590174467,-0.403105743590996,-0.35867624489035876,0.7945124291035353,1.9353176859251158,-0.9885710532241613,0.043298389608448506,0.30527646040513345,0.5122442736515016,-0.7424708758502816,0.06878824724308273,-0.19509888245848667,0.4150420028393259,-0.5423735976260254,-0.9999949952580068,-1.5290305248733114,-0.6555673537685974,-1.3517046161043151,-0.7397705243881454,0.9475734134405638,-1.0693787610602934,0.858830563846682,-0.491863539781872,1.3664154678038525,-0.21974135854248283
1.6847062931317278,1.142206531932559,-0.5858197112353846,-1.4851468909301824,-0.6439209162167846,0.36206941027214823,-0.5367001286437503,-1.262431268450093,-0.07487736412915214,0.8733910799271684,1.4744472028746607,0.30985805319435167,0.6522102445907456,0.03560568590174467,-0.403105743590996,-0.35867624489035876,-1.2586335510551052,-0.5167110326499096,0.880780432883047,0.3368929704945738,0.30527646040513345,0.5122442736515016,-0.6058582624251334,1.0705679324637876,-1.1650190409663912,-1.8148466836666837,-0.5423735976260254,-0.847282142598708,-0.9458747563299468,-0.6934211333965568,-1.0557520896197636,-1.29318470200339,-0.6495539119477426,-1.2240988735040532,1.0248376116655096,-1.389186554085202,-1.206240525680768,-0.9882720345885417
1.6847062931317278,-0.8754984077249564,-0.5858197112353846,0.612775710310261,-0.6439209162167846,0.36206941027214823,0.35268865596589305,-0.9334102279916805,0.26840278015844166,-1.1234128713324818,-0.972986227309673,0.30985805319435167,-0.7150738826235884,-1.1635019296279825,-0.403105743590996,-0.35867624489035876,-1.2586335510551052,-0.5167110326499096,0.2880544697572961,0.5002993116101648,0.30527646040513345,0.5122442736515016,-0.7424708758502816,-1.0030763814401766,-2.1349391994742954,-0.13552709632247995,-0.5423735976260254,0.8386576222721709,-1.2778215621497166,-0.5979349364235924,-1.1989849722110768,-1.5977380132805248,-0.9884749855408611,-1.4603498360948932,-0.19814137026890338,0.16143236570315403,-1.206240525680768,-0.31247959073290726
0.5075267338944083,1.142206531932559,1.807801152182237,0.612775710310261,0.41785229238765065,-1.1477573591687125,-0.5367001286437503,-0.35285346012580227,0.7813920496300597,0.2747454255842048,-0.5420676482995279,1.22953335480296,-0.7150738826235884,0.03560568590174467,1.85862288495506,-0.35867624489035876,0.7945124291035353,1.9353176859251158,0.04488973319214595,0.5002993116101648,0.30527646040513345,-0.6788277809501309,-0.7424708758502816,0.5868244338177855,1.2435873186537056,0.7325114838043248,1.615703843882155,1.7118252188781176,0.6836927714891907,1.390665559807835,-1.2621511666773604,-0.9988011916966477,0.2864129936971793,-1.1659708200397059,-0.8485505354088625,1.7075117422564268,1.3664154678038525,-0.49199690033628696
-0.5935752742640285,-0.8754984077249564,0.49769617600038196,-0.8622382649946229,-0.6439209162167846,0.36206941027214823,1.2420774405755364,0.5567243481984884,1.0339383095092878,-0.2852115724793929,0.6710830446784473,0.30985805319435167,0.18338400664741372,1.2347133014314717,-0.403105743590996,-0.35867624489035876,0.7945124291035353,1.9353176859251158,1.0115610777177464,0.5002993116101648,0.30527646040513345,0.5122442736515016,1.3468541764076536,0.06878824724308273,0.4422466414377349,-0.40828448534872186,-0.5423735976260254,-0.9999949952580068,0.5616386755558467,0.4178802458278016,-1.1830536138855852,-0.979901061089314,0.18358765238494718,-1.1166510638104659,-0.5948894585124821,-0.8505662385834285,1.3664154678038525,0.9968285024204774
-0.5935752742640285,-0.8754984077249564,1.1316947007524745,0.612775710310261,-0.6439209162167846,0.36206941027214823,0.7401712458083829,0.9530027485242152,0.6779904107867251,0.2195602035104668,0.43894019427776154,1.3837121358274187,-0.7150738826235884,1.9114022262766288,-0.403105743590996,-0.35867624489035876,0.7945124291035353,1.9353176859251158,1.0115610777177464,0.5002993116101648,0.30527646040513345,0.5122442736515016,-0.7424708758502816,0.5357706170118197,0.22746904448477162,0.2426537880456059,-0.5423735976260254,0.11770448639724035,-0.07544169339265777,0.6860136607784368,-0.7854739814927505,-0.8559457668001955,-0.27701283728446474,-0.8530091366035314,-0.6117387403621618,-0.02402219998365368,1.3664154678038525,0.9329806207311013
0.02147117473474114,-0.8754984077249564,0.22103487785398448,0.006796535117766789,-0.6439209162167846,0.36206941027214823,-1.4260889132533936,-1.262431268450093,-1.1958162896257516,-0.2852115724793929,-0.5226981811946038,-1.593034932305078,-0.7150738826235884,-0.2881062255025887,0.008527955421103961,-0.35867624489035876,0.7945124291035353,-0.5167110326499096,-0.9885710532241613,-1.9988034698300843,-0.6614516084898696,0.5122442736515016,-0.7424708758502816,1.1406528759263421,0.06674142641277647,0.09880919201926097,-0.24612939769176045,-0.789825313693342,-0.002234574896897268,-0.24403068414769724,-1.993196204899934,-1.8200739045019232,-0.019266811596450106,-1.9732641966232713,-0.40678486725799223,-0.42544935755359903,0.08008747106154226,-1.4845471688407965
-0.5935752742640285,1.142206531932559,0.9508895137401913,0.612775710310261,-0.6439209162167846,0.36206941027214823,-0.45182375101584216,-0.30945192927831033,0.8197423382422293,-0.2852115724793929,-0.13899803247281048,0.30985805319435167,-0.7150738826235884,0.03560568590174467,1.0489284114403812,-0.35867624489035876,0.7945124291035353,1.9353176859251158,1.0115610777177464,0.5002993116101648,0.30527646040513345,0.5122442736515016,-0.7424708758502816,0.01764301775267061,0.7748212760494178,0.6910920440737167,0.5549869371057006,1.2984158452732446,0.9560704324232184,1.6636835951304592,-1.7003732613103344,-1.2786525973135758,0.5158794916233457,-1.5344154072062757,-0.8670191513501783,1.1230896707342652,1.3664154678038525,-0.42095591730777476
-0.5935752742640285,0.26659766791890216,-0.23567484302850614,0.612775710310261,0.5996099986808648,0.36206941027214823,-1.4260889132533936,-1.262431268450093,-0.7198924955887231,-0.2852115724793929,-0.5009178759192252,-0.5159266949242363,0.0588598106976409,0.03560568590174467,-0.403105743590996,-0.35867624489035876,0.7945124291035353,-0.5167110326499096,-0.9885710532241613,-0.5842183026856584,0.30527646040513345,0.5122442736515016,-0.7424708758502816,-0.07277765296793981,0.3539120184652999,-0.6268692328186953,-0.5423735976260254,-0.9999949952580068,0.41359713514278784,-0.25244559252215254,-1.324446465413716,-1.2127372975094857,-0.019266811596450106,-1.3130108364098239,-0.418477802643692,-0.9457981301346063,0.08008747106154226,-1.4845471688407965
1.3232650157350245,1.142206531932559,0.22103487785398448,-1.2758057127680658,-0.2953894795468742,0.36206941027214823,-0.6777984998951427,-0.49715474827089357,-0.14983241924760687,-0.2852115724793929,-0.972986227309673,0.30985805319435167,1.8025796021045617,-1.1635019296279825,1.121685547383641,-0.35867624489035876,0.7945124291035353,-0.5167110326499096,-0.6712571958346218,-1.60232969126112,0.30527646040513345,0.5122442736515016,-0.7424708758502816,0.06878824724308273,0.7748212760494178,1.4628388267773802,-0.5423735976260254,-0.22147540163432355,1.0230864811853158,-0.6633712483163035,-0.5665864655251786,-0.68407807944912,-0.32930342849365796,-0.6515346566613457,-0.05465650476504347,0.3428178894650343,0.08008747106154226,-0.649461474541128
-0.5935752742640285,-0.6330416042753065,0.22103487785398448,0.612775710310261,1.288995224611726,0.36206941027214823,0.2458155659009871,0.33812615422025577,-0.02232548713228734,-0.2852115724793929,1.3285465617876449,0.30985805319435167,-0.7150738826235884,-0.10848465839944837,-0.403105743590996,-0.35867624489035876,0.7945124291035353,-0.5167110326499096,0.7712159046383634,0.5002993116101648,0.30527646040513345,0.5122442736515016,1.095791167351574,1.1406528759263421,-0.07854876821179169,0.07308800420281447,0.4231229949338515,0.46349365921177815,-1.448324830575166,7.64930192519726,-0.7423298758908001,-0.7572711622244381,-0.16144669239276738,-0.7780751319449963,-0.9641129072796156,0.4028152211809899,0.08008747106154226,0.32164918800186265
1.6847062931317278,-0.8754984077249564,0.7313553440068321,-1.6319184706157481,0.10715679891374652,0.36206941027214823,-1.4260889132533936,-1.262431268450093,-1.0802111934521044,0.11089111618210118,-0.972986227309673,1.562190619014258,0.6522102445907456,-0.37434482605265745,1.121685547383641,-0.35867624489035876,0.7945124291035353,-0.5167110326499096,-0.9885710532241613,0.5002993116101648,0.30527646040513345,0.5122442736515016,1.3468541764076536,0.06878824724308273,0.13649709807371513,-0.13552709632247995,-0.5423735976260254,-0.7338349760577536,-0.6214677767988115,-0.07006008996809053,-1.5276777430513124,-1.0927519752830583,0.5723376386004296,-1.3481156878969067,-0.6509122567787015,-0.6024397325027522,0.08008747106154226,-1.4845471688407965
1.4755621735848132,-0.8754984077249564,-0.511751213709692,0.612775710310261,-0.6439209162167846,0.36206941027214823,0.18939853682165758,-1.262431268450093,-0.1698865252376155,-0.17885293133949465,-0.972986227309673,0.30985805319435167,-0.7150738826235884,-1.0534249707125698,-0.403105743590996,-0.35867624489035876,-1.2586335510551052,-0.5167110326499096,1.0115610777177464,0.5002993116101648,0.30527646040513345,0.5122442736515016,-0.7424708758502816,-0.8062840382569867,-1.9568636705449933,-0.13552709632247995,-0.5423735976260254,0.4141094491651307,-1.6569316393066267,-0.7144894637714961,-1.0776792443157222,-1.541822594349262,-1.0938582402719126,-1.3700739166193587,0.1547211280564521,-0.04480103986275098,-1.206240525680768,-0.5831120877578818
1.470190162317969,-0.6855173873922078,0.8759474707847104,0.4014220666503056,-0.6439209162167846,0.36206941027214823,-1.3423467438947145,-1.262431268450093,-0.02232548713228734,-0.2852115724793929,-0.972986227309673,0.30985805319435167,0.6522102445907456,-0.07729867578642893,-0.403105743590996,-0.35867624489035876,-1.2586335510551052,-0.5167110326499096,1.0115610777177464,0.26499132033616934,0.30527646040513345,-1.9521936143308383,-0.7424708758502816,-2.944958548269867,-1.952289677502158,-1.7898723581704323,-0.5423735976260254,-0.8533888747706682,0.8908454628471402,0.16113830344992805,-0.16635759868691916,0.14355438671106782,0.5723376386004296,-0.004090940562602438,-0.6282906047280742,-1.3812723434018173,-1.206240525680768,-1.4378193968470288
-0.5935752742640285,1.142206531932559,0.5253589513716072,0.612775710310261,-0.6439209162167846,0.36206941027214823,-0.8136676333945403,-0.06959882468665463,-0.5229021630102506,0.8733910799271684,0.7498332859586582,-1.593034932305078,-0.7150738826235884,-0.33781238496667126,0.07173455846243948,-0.35867624489035876,-1.2586335510551052,-0.5167110326499096,-0.9885710532241613,0.5002993116101648,-3.2757193223247443,0.5122442736515016,-0.7424708758502816,1.1406528759263421,1.1406493417447718,0.46219271688771646,0.9688821204050125,1.8716420161604097,-1.0836241427939144,1.1608344375643536,-0.9732469876922368,-1.1983427474525004,-0.6108712617933298,-1.1318177017554432,-0.8065008767588187,1.4444613394664008,-1.206240525680768,-0.49199690033628696
-0.5935752742640285,1.1008648243212058,-0.6023517352451356,0.612775710310261,-0.6439209162167846,0.36206941027214823,0.37091176201250364,0.5753611166686599,-0.005857739666403572,0.8733910799271684,-0.9217222955653441,-1.593034932305078,-0.6870589536327645,0.03560568590174467,1.1529277148982386,-0.35867624489035876,0.7524445533072099,-0.4664702604014277,-0.9885710532241613,0.5002993116101648,0.30527646040513345,0.5122442736515016,1.3468541764076536,0.06878824724308273,1.7248682832301525,1.5827644122881952,2.704739332032609,1.3196123306818957,1.0230864811853158,-0.6946834379564901,-0.42759390132429076,-0.3857649045266227,0.004976513302944241,-0.42076883414056376,1.0800071154624395,2.2627333505852847,0.08008747106154226,0.5208901984864598
1.6847062931317278,-0.8754984077249564,0.3625009107204749,-1.6319184706157481,-0.6439209162167846,0.36206941027214823,-1.2701521376112341,-1.102954745831242,-0.02232548713228734,-0.2852115724793929,0.6949901623640521,-1.259400191586934,-0.47534758758369056,-1.1635019296279825,1.121685547383641,-0.35867624489035876,0.43453379028011035,-0.5167110326499096,-0.9885710532241613,-1.5606351046789688,-3.2757193223247443,0.5122442736515016,-0.37614895055134145,1.1406528759263421,0.9448776392117186,0.8847049223323158,0.36258641838527816,-0.35797345209850207,0.7768397196646389,-0.7144894637714961,-1.6307841906192448,-1.5977380132805248,-0.22671914743795543,-1.6735064685823804,0.05743248768018408,0.33650835759395287,-0.14544476377349916,-1.3105230623851654
-0.5935752742640285,1.142206531932559,0.20718836408720684,0.612775710310261,-0.6439209162167846,0.36206941027214823,1.2420774405755364,1.466302156522779,1.5713169079000646,2.0121108342332445,1.5146662008628415,0.30985805319435167,-0.7150738826235884,0.015027678004411814,-0.403105743590996,2.788029634651948,0.7945124291035353,-0.5167110326499096,1.0115610777177464,0.5002993116101648,0.30527646040513345,0.5122442736515016,1.3109990564262284,0.06878824724308273,1.7447414345573222,1.6005500639311296,-0.4670459340953253,0.5837647000377374,-1.0595218257618226,1.5354837854868177,-0.0831410683624623,-0.68407807944912,-1.182170543562319,-0.4128830138198562,-0.8620867074475524,0.8199380412289096,1.3664154678038525,1.4931036366727322
-0.5935752742640285,-0.8754984077249564,1.6438135547916173,0.612775710310261,1.5529857391110689,0.36206941027214823,-1.2156278850334403,-0.35285346012580227,0.5912038865764263,0.5992244727657426,-0.13899803247281048,2.2127510386937814,-0.7150738826235884,0.03560568590174467,0.7608656804452463,-0.35867624489035876,-1.2586335510551052,-0.5167110326499096,1.0115610777177464,-1.9988034698300843,0.30527646040513345,-1.3690199327371142,1.3468541764076536,0.06878824724308273,-0.9355014246177351,0.5271026735411525,0.2953123937967218,-0.4057008348742246,-0.5475614961572096,-0.7144894637714961,-0.8216854671833056,-0.7561462279892543,-0.019266811596450106,-0.8166373518819297,1.1172323834000635,0.13434082254538515,-1.206240525680768,-0.8708356818459478
1.6847062931317278,1.142206531932559,1.0278894669433536,-1.6319184706157481,-0.6439209162167846,0.36206941027214823,1.2420774405755364,-0.35285346012580227,-0.02232548713228734,-0.2852115724793929,-0.13899803247281048,-1.593034932305078,0.6522102445907456,-1.1635019296279825,1.121685547383641,-0.35867624489035876,-1.2586335510551052,1.9353176859251158,-0.9885710532241613,0.5002993116101648,0.30527646040513345,-1.9521936143308383,-0.7424708758502816,1.1406528759263421,0.7748212760494178,-0.13552709632247995,2.7497080065691524,0.5570441919893597,-0.381387268134171,-0.2789811412609411,-1.4777802239377138,-1.4107952864110485,-0.133497953648476,-1.4963609844485788,-0.1335588786538321,1.1591804926071652,0.08008747106154226,0.5005533681682226
-0.5935752742640285,-0.8754984077249564,-0.0583823528384769,0.612775710310261,-0.6439209162167846,0.36206941027214823,-1.1180897340146236,-0.9474405430603643,-1.073098848824721,-0.2852115724793929,-0.6841725117001184,-0.9340548688559152,-0.7150738826235884,0.03560568590174467,-0.403105743590996,-0.35867624489035876,0.7945124291035353,0.33243710802792803,-0.9885710532241613,-1.9988034698300843,0.30527646040513345,0.5122442736515016,-0.7424708758502816,1.1406528759263421,-0.8668739664644942,0.46568392601796116,-0.5423735976260254,-0.9999949952580068,-0.13819960401118594,-0.2932287667531466,-1.9675944142303365,-1.6913550691629455,0.18560836588244858,-1.8906589327154006,0.008773803652881385,-0.46980012414143096,0.525548414671677,-1.14082272195924
-0.5935752742640285,0.06207623997278999,-0.09688312825658807,-1.6319184706157481,-0.6439209162167846,0.36206941027214823,-0.060587021764396676,-1.262431268450093,-0.3957919794660794,0.25316073969631125,1.5289783572009146,0.30985805319435167,-0.7150738826235884,0.03560568590174467,-0.403105743590996,-0.35867624489035876,-1.2586335510551052,-0.5167110326499096,1.0115610777177464,0.5002993116101648,0.30527646040513345,0.5122442736515016,1.3468541764076536,1.1406528759263421,0.25559761584237356,-0.5388818931286887,-0.5423735976260254,-0.9999949952580068,0.6471606926605113,0.22938936432742407,-0.9218511746228231,-0.8471134423317244,-0.019266811596450106,-0.9155304669146294,-0.6659961179290163,-0.9074642532826254,-1.206240525680768,-0.7226029592363997
1.6847062931317278,1.142206531932559,-0.5858197112353846,-0.8457674940368133,-0.6439209162167846,0.36206941027214823,-0.5367001286437503,-1.262431268450093,-0.30380852022799354,0.8733910799271684,1.2368937430037907,0.30985805319435167,0.6522102445907456,0.03560568590174467,-0.403105743590996,-0.35867624489035876,-1.2586335510551052,-0.5167110326499096,0.31106216727007985,-0.3749522522308806,0.30527646040513345,0.5122442736515016,-0.010734257035769135,0.7652576743171223,-1.1650190409663912,-1.5675943013342741,-0.5423735976260254,-0.18202084446218203,-0.3457986392203025,-0.6016414005794977,-0.9602310699841865,-1.29318470200339,-0.8180667097179357,-1.1769451548096297,0.6223392972486546,-0.9582999102074561,-1.206240525680768,-0.9882720345885417
-0.5935752742640285,-0.8754984077249564,-1.353897736789679,0.612775710310261,-0.6439209162167846,0.21193473538457325,-1.3406027768909,-1.1750046065669706,-1.5525089603068047,-0.2852115724793929,-0.972986227309673,0.40130904293953595,1.9537841675794785,-1.1635019296279825,-0.25654608545250146,-0.35867624489035876,0.7945124291035353,-0.5167110326499096,1.0115610777177464,-1.9988034698300843,0.30527646040513345,0.5122442736515016,1.3468541764076536,0.06878824724308273,-0.19509888245848667,-0.17724409664489485,-0.5423735976260254,-0.25889021577018967,0.3545983552532069,-0.7144894637714961,-1.142145363822348,-3.4250578809433345,-4.63837491946493,-2.4255574955760104,0.05743248768018408,-0.3899001514899247,0.08008747106154226,-1.3891453726091891
1.6847062931317278,-0.7728894991542268,-0.5858197112353846,0.612775710310261,1.4412636583923555,0.36206941027214823,-1.380859697281244,-1.262431268450093,-1.5888880933177587,-0.22629168221497753,0.6949901623640521,0.30985805319435167,1.949962137808884,0.03560568590174467,-0.403105743590996,-0.35867624489035876,0.6901011923464806,-0.5167110326499096,-0.9885710532241613,0.37320926798208864,0.30527646040513345,0.5122442736515016,-0.6362197788499151,0.06878824724308273,-0.24442346253417324,-1.0035656764492848,-0.5423735976260254,0.5966352363648637,1.0230864811853158,0.21938261258781883,-1.6972161407879458,-1.0041192265626746,1.0435996427891387,-1.3836302803727238,-0.6790358765554022,-0.33431784898115485,0.014672201853694,-1.4593094599590113
1.6847062931317278,0.9135609896237531,0.9364570174009533,-1.6319184706157481,-0.39496830489269064,0.008062251442662483,-1.2245185280265436,-1.262431268450093,0.6903150896423833,-0.5477963801717256,-0.972986227309673,2.2127510386937814,0.6522102445907456,-0.8917371084684016,0.9488967888390849,-0.35867624489035876,0.7945124291035353,-0.23884808792692303,-0.9885710532241613,0.5002993116101648,-3.2757193223247443,0.232975126657325,1.110092670677298,1.019189591335033,-0.30500985917241874,-0.13552709632247995,0.5549869371057006,0.4688226531590425,0.8639320598623725,-0.3375049115799206,-0.7803315364405566,-1.29318470200339,-1.1354353248211477,-1.0881381882347578,-0.6290847571789779,0.3599597113713792,0.22585366146005925,-1.3720717568266467
-0.5935752742640285,0.6158001793908354,-0.37531649397796935,0.612775710310261,-0.6439209162167846,0.36206941027214823,1.2420774405755364,0.7940273983234275,1.5851095863924067,0.01706047152027529,-0.35658023444801484,0.30985805319435167,-0.7150738826235884,0.34844521649393806,-0.403105743590996,-0.35867624489035876,0.7945124291035353,1.9353176859251158,1.0115610777177464,0.5002993116101648,0.30527646040513345,0.5122442736515016,-0.7424708758502816,-0.4437910880221839,0.7748212760494178,0.09093863404719885,0.2686925710873398,0.5570441919893597,-0.19817814546002951,0.770488334997466,-0.6548393640770669,-0.9091753738464463,-0.6108712617933298,-0.8174554059719588,-0.7562627043656717,0.4028152211809899,1.3664154678038525,1.1263035203699436
-0.5587072222229792,-0.8754984077249564,1.0278894669433536,0.612775710310261,-0.6439209162167846,0.36206941027214823,-0.5503118151316249,-1.248510598235354,0.7690915222065916,-0.2852115724793929,1.4906869394121565,0.28073515082948514,-0.7150738826235884,0.03560568590174467,4.124595669838616,-0.35867624489035876,0.7945124291035353,-0.5167110326499096,1.0115610777177464,0.5002993116101648,-3.220913828088257,0.5122442736515016,1.3468541764076536,1.1078440851352997,0.7748212760494178,1.5872651325079705,-0.5255789991091456,0.5570441919893597,1.0230864811853158,0.8941182969080974,-0.4121128753862923,-0.688739127872131,-0.6108712617933298,-0.5778127260450563,-0.8093816133596483,0.7809978568940775,0.08008747106154226,-0.9882720345885417
-0.5935752742640285,1.0079006419426908,-1.2315526394463532,-1.6319184706157481,-0.6439209162167846,0.36206941027214823,-0.47749912758743085,-1.262431268450093,-0.7725446173864686,0.7962702099140841,1.5289783572009146,0.30985805319435167,-0.7150738826235884,0.03560568590174467,-0.3016100058554727,-0.35867624489035876,-1.2586335510551052,-0.5167110326499096,1.0115610777177464,0.5002993116101648,0.30527646040513345,0.5122442736515016,1.3468541764076536,1.1406528759263421,0.7102598094309986,-0.9457858238266011,-0.5423735976260254,-0.9999949952580068,0.9763430022052378,0.6601604804400782,-0.7423298758908001,-0.7043502722343445,-0.05864618795816201,-0.7493092095230991,-0.7742334906908169,-1.0847420892180653,-1.206240525680768,-0.9552381294443615
1.6847062931317278,-0.8754984077249564,0.21935680763569032,0.612775710310261,-0.6439209162167846,-1.1966674125315728,-0.9823193820400995,0.5548326375333821,-0.02232548713228734,0.8733910799271684,0.2753943122176401,-0.6396096517472828,-0.7150738826235884,0.6364064263886624,1.121685547383641,-0.35867624489035876,0.7945124291035353,-0.5167110326499096,-0.9885710532241613,0.5002993116101648,0.30527646040513345,-0.7225373996595366,-0.7424708758502816,-2.611987939251769,-0.19509888245848667,-1.0035656764492848,-0.5423735976260254,0.16697482517439466,-0.7303149709720609,0.1707632605327632,-0.9096558356890437,-1.4445112573727492,-1.2012453120862987,-1.2342345721835322,-0.4866052557193624,-0.5430346341416374,0.08008747106154226,-0.2454075387991156
1.6847062931317278,0.05390198995588613,1.399544886539818,-0.42118105086940894,-0.6439209162167846,0.36206941027214823,-1.4260889132533936,-1.262431268450093,-0.02232548713228734,0.24846693756257276,-0.5888324569996916,1.186373475596722,2.0194943718050795,0.03560568590174467,3.3488300934643775,-0.35867624489035876,-1.2586335510551052,-0.5167110326499096,0.09025511202626457,0.5002993116101648,0.30527646040513345,-0.817017946108852,0.384463939714931,-0.01562634097257165,0.7748212760494178,0.7325114838043248,1.0604559466388999,0.13712828005116384,0.05268805808530641,0.13988094469015133,-1.2585591309793291,-1.128915514064939,0.027324935825299934,-1.234923160014467,-0.6080696079997108,0.751214122446894,-1.206240525680768,-1.4845471688407965
1.6847062931317278,1.142206531932559,-1.1376790173451377,-1.6319184706157481,-0.6439209162167846,0.36206941027214823,-1.1450098342257933,-0.9749717264681841,0.2316783736546958,0.08094884255249246,-0.972986227309673,0.30985805319435167,2.522555855566272,-0.3433557649962534,-0.403105743590996,-0.35867624489035876,0.7945124291035353,-0.5167110326499096,1.0115610777177464,0.5002993116101648,0.30527646040513345,-1.1733419536604934,1.3468541764076536,1.1406528759263421,0.7748212760494178,1.0518867821705995,0.5549869371057006,1.335563785613043,0.3208496065255724,0.47253776874234277,-1.4130286127406444,-0.7803279599624604,0.9769736483498023,-1.1216967889030207,-0.793438475993655,1.2983242989805723,0.08008747106154226,-1.1708653232997683
1.6847062931317278,-0.8754984077249564,-0.5858197112353846,0.612775710310261,-0.6439209162167846,-0.8380003271673866,0.9004197745630722,0.7674756445936781,-0.20854871208130987,-1.888890084742692,-0.972986227309673,0.30985805319435167,-0.18983327720604903,0.03560568590174467,0.7683878543616178,-0.35867624489035876,0.7945124291035353,-0.5167110326499096,-0.22022262405650705,0.5002993116101648,0.30527646040513345,-0.4344666714502943,1.3468541764076536,-0.7547228508375403,0.5500885165926368,1.0659674936246692,-0.5423735976260254,-0.5205427970244989,-0.9209142235801839,0.17749670361142467,-1.464151452524757,-1.3396127904511776,-0.019266811596450106,-1.4509408896603975,-0.6508244979153849,0.0246325854679023,0.08008747106154226,0.9211730917770037
-0.5935752742640285,-0.8754984077249564,0.17576356150739036,0.612775710310261,-0.6439209162167846,0.36206941027214823,0.35268865596589305,-0.3018185087735832,-0.02232548713228734,-0.2852115724793929,-0.13899803247281048,0.30985805319435167,-0.7150738826235884,0.10288569016809412,-0.403105743590996,-0.35867624489035876,0.7945124291035353,1.9353176859251158,-0.9885710532241613,0.5002993116101648,0.30527646040513345,0.5122442736515016,1.3468541764076536,0.06878824724308273,-0.19509888245848667,-0.9548614245390112,0.493415798283554,0.5570441919893597,-1.0048213742830605,-0.7144894637714961,-1.4130286127406444,-1.0057193883477233,0.5391436621651673,-1.2442115906137396,1.1766960550355827,0.0246325854679023,1.3664154678038525,0.03212343539525664
-0.466564715582545,1.0297227040739922,1.0728703216373152,0.612775710310261,-0.6439209162167846,0.36206941027214823,-0.5862821329205264,-0.40356097023027204,-0.11193742520627814,0.8733910799271684,1.482484847322295,-1.593034932305078,-0.6388499762552797,-0.031242648539086426,1.121685547383641,-0.35867624489035876,-1.2586335510551052,-0.5167110326499096,-0.9885710532241613,0.5002993116101648,-3.2757193223247443,0.3748557974122606,-0.7424708758502816,1.1406528759263421,1.7447414345573222,0.7809032482801317,1.5911713746482605,2.027280931334158,-1.0836241427939144,-0.7144894637714961,-1.4504189961301908,-1.4120332268609843,-0.18417182775704743,-1.483527081587764,1.058150231846766,1.8733796081613416,-1.206240525680768,-0.5473299925783996
1.3821480713195937,-0.8754984077249564,0.22103487785398448,0.612775710310261,-0.6439209162167846,-0.05279724079353176,1.005853882414777,-1.1416383654899247,-0.9327775698972195,-2.6024168772925154,-0.8622317056328004,0.05715183538932456,-0.7150738826235884,-1.0042591595033181,-0.20061183404352168,-0.35867624489035876,0.7945124291035353,-0.5167110326499096,-0.9885710532241613,0.5002993116101648,0.30527646040513345,-1.6249136346193296,1.3468541764076536,-1.0030763814401766,-1.0362126095500417,-1.118842125605525,-0.5423735976260254,-0.8966067629764566,0.9298286753335007,-0.7144894637714961,-1.0331444905572367,-0.46041477722590196,0.9282449830980555,-0.7602744358770566,0.1981750440500799,-1.1099153216713604,0.08008747106154226,-0.06162763316286529
-0.5935752742640285,0.4085762744576735,-0.3657039741001582,-0.8157557415971789,-0.6439209162167846,0.36206941027214823,0.6760672185218237,1.466302156522779,-0.7530741455479535,-1.127739085288463,-0.972986227309673,0.30985805319435167,1.0252151919564754,0.47159690118344477,-0.403105743590996,-0.35867624489035876,-0.5121170587512403,-0.5167110326499096,-0.26133020578104027,0.5002993116101648,0.30527646040513345,-1.0561328639427097,0.017200196916627997,0.7509267529122421,0.4221617956513492,0.9693186539067726,0.15599059437252372,0.4863630149349497,1.0230864811853158,-0.7144894637714961,-0.28504868350782414,-3.4250578809433345,-6.150416563391764,-2.002453806862635,1.502571812910904,0.712328053198267,-0.7385362935607851,1.177272355911595
-0.5935752742640285,0.7405809405709245,0.7066795168493906,-1.1851105106801132,-0.6439209162167846,-0.2597591767865053,-0.3596666637656375,-0.17180135583761524,0.6214115070613903,-0.2852115724793929,1.0309605419744252,0.6886302441019274,-0.4429150127320156,-1.1635019296279825,2.6464768383582777,-0.35867624489035876,0.7945124291035353,-0.5167110326499096,1.0115610777177464,0.0028511403033064653,0.30527646040513345,0.5122442736515016,-0.32658925056060784,-0.7897209710957861,-0.19509888245848667,-0.30831078793960875,-0.5423735976260254,-0.3764402758486892,0.4606303517266216,-0.7144894637714961,-1.613283197679022,-2.4493308415008923,-1.9118394452678094,-2.127762861443606,0.05743248768018408,-0.5041050910003037,0.08008747106154226,-0.29442906932729085
1.6847062931317278,1.142206531932559,-0.3253415067837654,-0.9072601273441295,-0.6439209162167846,0.36206941027214823,-0.24957727304223387,0.2344275630601682,0.7813920496300597,0.4993574651312842,-0.4345106445652548,0.30985805319435167,0.21080764336870406,-0.7763920304453304,0.08914515639433929,-0.35867624489035876,0.7945124291035353,-0.5167110326499096,1.0115610777177464,-0.30649018187749166,0.30527646040513345,0.5122442736515016,1.3468541764076536,1.1406528759263421,0.7748212760494178,0.14470323737537938,0.9092496575366412,1.335563785613043,0.5475539008117716,0.3561756984146375,-1.3047672202512066,-0.8903119404139057,0.5723376386004296,-1.1280372145672892,-0.8238136961846656,1.0251765112325355,0.08008747106154226,-0.01135692766199592
0.37841473073832765,-0.8754984077249564,1.0278894669433536,0.612775710310261,0.2933518693163557,0.36206941027214823,-0.1572575603619344,-1.262431268450093,1.1242844399991265,0.20908650464356304,-0.972986227309673,0.30985805319435167,0.06888177252228556,0.03560568590174467,-0.403105743590996,-0.35867624489035876,0.7945124291035353,1.9353176859251158,0.15823878964698024,0.5002993116101648,0.30527646040513345,0.5122442736515016,-0.7424708758502816,0.6833600984639885,-0.19509888245848667,0.23480677105991332,-0.5423735976260254,-0.5536175189783599,-1.7858610174536578,-0.7144894637714961,-1.2207503374402955,-0.8586989105674823,0.4855291018986383,-1.0693787610602934,1.1172323834000635,-0.3535500502451853,1.3664154678038525,-0.7765447059178439
-0.5935752742640285,-0.8754984077249564,-0.5858197112353846,0.612775710310261,1.5529857391110689,0.36206941027214823,-1.1975153672841592,-0.4697345297891995,-0.02232548713228734,0.72451022983518,1.3146428019420187,-1.593034932305078,-0.7150738826235884,0.03560568590174467,-0.403105743590996,2.788029634651948,-0.9948035673639373,-0.5167110326499096,0.7545433923772178,0.5002993116101648,0.30527646040513345,0.19556313452273938,-0.7424708758502816,-0.06894673616165008,0.6501861930724618,-0.13552709632247995,-0.4013623812880461,-0.7999149096976799,-1.6956233310060036,-0.07006008996809053,-1.1207717566150934,-0.5360656004826604,0.9358779463221525,-0.8446525318594796,-0.5784474497517436,-0.5859428791300841,0.2453810730175972,-0.9245005045359208
1.2545762489880565,1.142206531932559,0.06870410145252304,-1.208129584751919,-0.6439209162167846,0.36206941027214823,-0.36878724085160697,-0.009404477835309066,-0.02232548713228734,-0.2852115724793929,-0.972986227309673,-0.049400194586298296,2.0194943718050795,-1.1635019296279825,1.4095597744689703,-0.35867624489035876,0.7945124291035353,-0.5167110326499096,-0.6109544609262112,-1.9988034698300843,0.30527646040513345,0.5122442736515016,-0.7424708758502816,-0.1335753177567317,0.7748212760494178,1.6005500639311296,-0.3351965120539293,0.07248709357634775,0.6253483145521481,-0.7144894637714961,-0.6602307478372564,-0.9140716519704922,-0.6108712617933298,-0.8227782928961471,0.05743248768018408,0.6170131273417918,0.08008747106154226,-0.21091288272647157
1.6847062931317278,-0.8754984077249564,0.738453742748424,0.612775710310261,-0.6439209162167846,-2.7619013692660572,-1.1070464359033296,-0.35285346012580227,-1.197294964414567,-0.7008267307595621,-0.972986227309673,0.30985805319435167,0.6522102445907456,0.03560568590174467,2.6464768383582777,-0.35867624489035876,0.7945124291035353,-0.5167110326499096,-0.629826305637061,0.5002993116101648,0.30527646040513345,-1.9521936143308383,-0.3677284391360107,-0.3157121562211975,0.1528318937744806,0.1758566132895527,-0.5423735976260254,-0.9999949952580068,0.5192721852217241,-0.21889699137273322,-1.808526419695194,-1.1525059154499988,0.9517211201182665,-1.51923607970493,-0.38031692862769534,-0.5960706143462086,0.08008747106154226,-0.810247698079095
-0.5935752742640285,0.3874631565665827,-1.3926743003247537,-1.6319184706157481,-0.6439209162167846,0.36206941027214823,-0.3126814683921957,-0.6930904351758748,-0.02232548713228734,-0.2852115724793929,-0.037100529433461205,0.30985805319435167,0.14076349290006862,0.03560568590174467,2.6464768383582777,2.788029634651948,0.7945124291035353,-0.5167110326499096,-0.9885710532241613,-0.43451589926545164,0.30527646040513345,0.5122442736515016,1.3468541764076536,-0.3321537893686324,0.4120126215828163,0.7325114838043248,-0.13189455398676164,1.335563785613043,0.14397064586995711,0.011099132772473486,-1.707404663437722,-1.0258420157130703,1.019376454330934,-1.4004675589686404,-0.5485468288361881,0.9224609783707718,1.3664154678038525,-0.5526322874003863
1.6847062931317278,1.142206531932559,3.1586743838506317,-1.6319184706157481,-0.6439209162167846,0.36206941027214823,-1.4260889132533936,-1.262431268450093,-0.02232548713228734,-0.0771576373717664,-0.823224334905315,2.2127510386937814,-0.22401883025293845,-0.9481743904494006,4.171268129332915,-0.35867624489035876,-1.2586335510551052,-0.5167110326499096,-0.9885710532241613,-1.5500316956268558,0.30527646040513345,-1.5096467244561793,-0.7424708758502816,1.1406528759263421,1.5705698104041859,0.020349331239197466,1.6523474718374265,0.5570441919893597,-0.5074901601370215,-0.0865146626434633,-0.5274199965206282,-1.0433209900722016,-1.0962394336293924,-0.8274719538005144,-0.7427038677832061,0.8489093064199774,-1.206240525680768,-1.4845471688407965
-0.5935752742640285,-0.8754984077249564,0.5022359890480567,-0.16953439426466277,-0.6439209162167846,0.36206941027214823,-1.116123378078039,-0.9454295510688595,-1.6297605606569814,0.4696004121975238,-0.972986227309673,0.30985805319435167,-0.23855454309225943,0.8714202142885581,-0.403105743590996,-0.35867624489035876,-1.2586335510551052,-0.5167110326499096,1.0115610777177464,0.5002993116101648,0.30527646040513345,-0.3466498591209748,-0.7424708758502816,0.7670917303232286,0.14293306286362606,0.16699756746665517,-0.5423735976260254,-0.9999949952580068,-0.1366470235522566,-0.7144894637714961,-0.8439305210278053,-0.8824899239650381,-0.22544997152676355,-0.896294529152756,1.855945188283876,-0.5999302783933032,-1.206240525680768,-1.1386282855703336
1.6847062931317278,0.7251784780592982,1.8347440560327226,-1.6319184706157481,-0.6439209162167846,0.36206941027214823,-1.4260889132533936,-1.262431268450093,-0.3545571763471679,0.6339260323630189,0.3502455299748134,0.7031562718162503,0.6522102445907456,-0.9156651396888903,1.121685547383641,-0.35867624489035876,-0.8342803884125036,-0.5167110326499096,-0.9885710532241613,0.5002993116101648,0.30527646040513345,-1.44283284699721,-0.31064006484990264,0.06878824724308273,-0.19509888245848667,-0.8241556781674573,-0.5423735976260254,0.2352285442701299,0.7328037233435251,-0.5812959911611674,-1.945104410494537,-0.9886313907262549,1.5109957648158372,-1.4975810816647661,-0.07399395014639878,-0.43171448622404524,-0.9403766470825474,-1.4845471688407965
-0.5935752742640285,-0.8754984077249564,-1.1716275075136,0.612775710310261,-0.6439209162167846,0.36206941027214823,-0.049384220526888456,-0.10366449837099348,-0.02232548713228734,-0.9200357500205073,-0.972986227309673,0.30985805319435167,-0.7150738826235884,2.1053120428313186,-0.403105743590996,2.788029634651948,0.7945124291035353,1.9353176859251158,-0.9885710532241613,0.5002993116101648,0.30527646040513345,0.5122442736515016,-0.7424708758502816,1.1406528759263421,-1.603498359401659,-0.29013919253995757,-0.5423735976260254,-0.9999949952580068,-0.381387268134171,0.22127208838324847,-1.4130286127406444,-0.9051956222393869,0.7344142607045663,-1.189570429855282,0.21064492403841528,-0.799093298031655,2.6527434645461625,-0.08411661461270281
-0.5935752742640285,-0.44252088089261193,1.3153174080166736,0.612775710310261,-0.6439209162167846,0.36206941027214823,1.2420774405755364,1.2711166553281972,-0.3086359077705898,-0.2852115724793929,1.171048772046478,1.804410908036219,0.35880594734058907,0.03560568590174467,-0.403105743590996,-0.35867624489035876,0.7945124291035353,1.9353176859251158,1.0115610777177464,0.5002993116101648,0.30527646040513345,0.5122442736515016,-0.7424708758502816,-1.8449305230077522,0.013035430543131249,0.5462398490220068,0.5549869371057006,0.5570441919893597,-0.9329317500339203,-0.3687706336747672,-0.4789428332309413,-0.7494319064203508,-0.6108712617933298,-0.6437936178862289,0.7037386985099623,0.6998439780074133,1.3664154678038525,1.3866083924803856
-0.5935752742640285,-0.11430089196520365,0.22103487785398448,0.612775710310261,1.5529857391110689,-0.8164769420474203,0.6882186534809708,-0.12956863198737856,0.2808842539609227,-0.2852115724793929,0.8997191135866961,0.30985805319435167,-0.19925352627854565,-0.4167685538246843,-0.403105743590996,-0.35867624489035876,0.01994445889568275,0.408339073768373,1.0115610777177464,0.5002993116101648,0.30527646040513345,0.5122442736515016,1.3468541764076536,0.7362822087648009,0.5367234971475634,0.1919483426226723,0.5549869371057006,0.8507477801548468,-0.7261600592816027,6.727262343495548,-0.868843471183867,-0.7989735824555763,-0.019266811596450106,-0.8631962195179019,-0.9663127969195422,0.6881608900647078,0.08008747106154226,0.31332906599137633
1.6847062931317278,-0.8754984077249564,1.8347440560327226,0.5253153939428294,1.4673873744262969,0.36206941027214823,0.28338191018592623,-0.3882934606179939,0.6874459914552805,0.8282482914864638,-0.17149282485341205,2.2127510386937814,0.6522102445907456,0.03560568590174467,2.587066193542541,-0.35867624489035876,-1.1786365525779599,-0.5167110326499096,0.9336296648619073,0.5002993116101648,0.30527646040513345,-1.8561713948310297,1.3468541764076536,-0.9613131780941313,-1.1272279135000849,-0.9697441744014168,-0.5423735976260254,-0.9999949952580068,-0.381387268134171,-0.07006008996809053,-1.4130286127406444,-1.2813183510405792,0.0037839508718939437,-1.3940174306489708,-0.5784474497517436,-1.0951801415986384,-1.1561211577493395,-0.05373106723848087
0.2761498644738787,-0.10524738445845383,0.411862256365329,-1.6319184706157481,-0.6439209162167846,0.36206941027214823,0.013167942127719212,-1.262431268450093,-0.02232548713228734,0.15708048967262633,1.5289783572009146,0.30985805319435167,-0.19311847805306193,0.03560568590174467,-0.403105743590996,-0.35867624489035876,-1.2586335510551052,-0.5167110326499096,1.0115610777177464,0.5002993116101648,0.30527646040513345,0.5122442736515016,0.549262453352658,1.1406528759263421,-0.5653621354712545,-0.7982678087389969,-0.5423735976260254,-0.9999949952580068,-0.21530279182653767,-0.3160685002361047,-1.0776792443157222,-1.1048934343183339,-0.24510951246752544,-1.1325746923306674,0.06887173996052876,-1.0204721903469307,-1.206240525680768,-0.681448005136776
-0.5935752742640285,-0.8754984077249564,0.49258519061432315,0.612775710310261,-0.6439209162167846,0.36206941027214823,1.2420774405755364,1.1601799113619888,1.044120537237701,0.483458473878482,-0.972986227309673,0.30985805319435167,-0.7150738826235884,1.2347133014314717,-0.403105743590996,-0.35867624489035876,0.7945124291035353,1.9353176859251158,1.0115610777177464,0.5002993116101648,0.30527646040513345,0.5122442736515016,-0.03929972324026465,0.7799123173528515,0.4483905585980408,0.7325114838043248,-0.5423735976260254,0.03301609077434142,0.5571903865425953,0.521704651360283,-0.5198437508695579,-0.581579378880482,-0.2126573192719547,-0.5727455641977729,-0.6316934562829774,0.14825730108705498,1.3664154678038525,1.3260801484956672
-0.5935752742640285,0.44755639272801107,0.7501076953807114,-0.16002168667512895,-0.6439209162167846,0.36206941027214823,1.2420774405755364,1.466302156522779,1.3084078309375844,0.8733910799271684,0.435248483211204,-0.9379119501048626,-0.24434890662049535,0.4484312956712013,0.5967344201324969,-0.35867624489035876,0.7945124291035353,-0.5167110326499096,1.0115610777177464,0.5002993116101648,0.30527646040513345,0.5122442736515016,-0.7424708758502816,0.43780697683475467,-0.19509888245848667,0.16331893843141887,0.1771905441710825,-0.4895020756315408,-0.3583313611549528,-0.7144894637714961,-0.7533400978300722,-0.6940772023496666,-0.019266811596450106,-0.7491603016401306,1.482097498522268,-0.10556713570016432,0.08008747106154226,1.4931036366727322
-0.5935752742640285,1.142206531932559,1.0278894669433536,0.612775710310261,0.20275948532333143,0.36206941027214823,-0.8794675609569775,-1.262431268450093,0.47164202675108385,0.42686953264793853,0.052157697933455816,0.30985805319435167,-0.7150738826235884,-1.1635019296279825,1.7093349586029876,-0.35867624489035876,-1.2586335510551052,-0.5167110326499096,-0.9885710532241613,-1.0356577024173672,-3.2757193223247443,0.5122442736515016,0.06274793938862933,-1.416169387467215,-0.7912150892710595,1.6005500639311296,0.5549869371057006,2.1140833792367264,0.7524467625740316,-0.3184209930828781,-1.1021654139960597,-0.68407807944912,0.6155347587238473,-0.9159219001308975,-0.4636527899276397,1.9155457640333402,-1.206240525680768,-1.179534794398593
1.6847062931317278,-0.8754984077249564,1.0278894669433536,-0.9172385260725872,-0.6439209162167846,-0.632560184461235,-1.4260889132533936,-0.9728341272739509,-1.6297605606569814,-0.2852115724793929,0.16392927941582247,0.30985805319435167,-0.2797493058880751,0.03560568590174467,1.6071582520992989,-0.35867624489035876,0.7945124291035353,-0.5167110326499096,-0.9885710532241613,0.5002993116101648,0.30527646040513345,-0.27239906354764254,0.6816416386960154,0.06878824724308273,-0.19509888245848667,-0.7271940577326423,-0.5423735976260254,-0.9999949952580068,1.0230864811853158,0.3764159954061658,-1.5197992677657475,-1.196219090623675,0.3574507290386588,-1.4004675589686404,-0.6329420553657923,-0.9895071398284705,0.08008747106154226,-1.326539949666185
0.18246340374846504,0.4549266555558473,-0.053799619174828145,-1.6319184706157481,1.5529857391110689,0.36206941027214823,-0.8396478004877337,-0.9526067190954044,-1.6297605606569814,-0.2852115724793929,-0.972986227309673,0.30985805319435167,0.18647967742307392,-0.7550564143468778,0.6023041703725825,-0.35867624489035876,-1.2586335510551052,1.1000964593465454,1.0115610777177464,0.5002993116101648,-3.2757193223247443,0.5122442736515016,0.6351787300114435,-0.637972953770994,0.13527975394795572,-0.11653987354715556,0.18119897741565816,0.04370749976321869,0.5446882149995387,0.1353523278315254,-1.0776792443157222,-0.8848930501935722,0.1822481995449905,-1.0129902714393118,-0.20273452914158463,0.032904842160680625,-0.35806744901860554,-0.9882720345885417
-0.5935752742640285,-0.34949377036168894,-1.1823317238671271,0.612775710310261,0.9802641950220583,0.36206941027214823,0.5845474455880073,-0.1157315024908546,0.9909168137112419,-0.2852115724793929,1.094146039186298,0.30985805319435167,-0.7150738826235884,0.03560568590174467,-0.403105743590996,-0.35867624489035876,0.7945124291035353,1.9353176859251158,-0.467147550938789,0.5002993116101648,0.30527646040513345,0.5122442736515016,-0.7424708758502816,-0.210640996464251,0.7748212760494178,0.5062185756676043,-0.25629771071943974,-0.5940833988937406,0.6569478596867622,0.8965839707370178,-1.238181121949158,-1.438947249668375,-0.6108712617933298,-1.3933858819729963,-0.8096765179088081,-0.15636976263671776,1.3664154678038525,0.2630306579141699
-0.5935752742640285,1.142206531932559,0.6212649742108275,-0.500676676863499,-0.6439209162167846,0.36206941027214823,-0.5367001286437503,-0.811246607927136,0.37634851377427436,-0.2852115724793929,0.6883807296824505,0.30985805319435167,-0.7150738826235884,-1.1635019296279825,3.414914539029099,-0.35867624489035876,0.7945124291035353,-0.5167110326499096,0.0035693972587084177,0.5002993116101648,0.30527646040513345,0.5122442736515016,-0.7424708758502816,0.07728287240795995,0.2937045497552998,0.7393907689020034,-0.5423735976260254,-0.22147540163432355,0.6747506895681389,-0.7144894637714961,-1.7510356555656887,-2.8207784840531853,-2.390373131732228,-2.3976698161776406,0.05743248768018408,0.027629717426808698,0.08008747106154226,-0.7421009803649349
-0.5935752742640285,-0.8754984077249564,-0.33802688779238577,0.612775710310261,0.030770298688243658,0.36206941027214823,0.0795487853410135,0.2773842337422436,0.2245039172957951,0.07060647251975372,-0.3951238478443163,-0.274538729030003,-0.7150738826235884,1.6029708111265704,-0.403105743590996,-0.35867624489035876,0.16397150358392842,1.9353176859251158,-0.3743111919218651,0.5002993116101648,0.30527646040513345,0.5122442736515016,1.3468541764076536,-0.26039171440263065,0.10277294951833316,-0.6686931302910826,-0.5423735976260254,0.07886244569122669,-0.11047782285452223,-0.7144894637714961,-1.104061539991057,-1.1061221856323837,-0.2009542420926662,-1.1462661540517667,2.502507044952795,-0.4399415489432308,0.9713717381198054,0.19573161122758342
-0.5935752742640285,-0.8754984077249564,0.4657754912416123,0.612775710310261,-0.6439209162167846,0.36206941027214823,0.9322707713058571,0.5567243481984884,-0.02232548713228734,-0.2852115724793929,-0.6824776113661487,0.30985805319435167,-0.7150738826235884,1.2347133014314717,-0.403105743590996,-0.35867624489035876,0.7945124291035353,1.9353176859251158,0.3148418427677043,0.5002993116101648,0.30527646040513345,0.5122442736515016,1.3468541764076536,0.06878824724308273,-0.19509888245848667,0.430141872268579,-0.5423735976260254,-0.457621251771693,0.7784716727445152,0.23040036255486473,-0.9759587964961234,-0.6977859671477495,0.3662601532394478,-0.861071433287484,0.31232372277854026,-0.22181519505772787,1.3664154678038525,0.8239577072804922
-0.5935752742640285,-0.7476730707877843,-0.6369354406379,0.4705701854298592,1.4138076422955526,0.36206941027214823,-1.3697444900295666,-0.29523002493742323,-0.12415946981203385,0.8733910799271684,1.3704742767806013,-1.4724831448528781,-0.7150738826235884,0.03560568590174467,-0.403105743590996,2.788029634651948,-1.2586335510551052,-0.36137048162530006,1.0115610777177464,0.5002993116101648,0.30527646040513345,0.3561175788110027,-0.7424708758502816,0.06878824724308273,0.7748212760494178,-0.08053524801089917,-0.5423735976260254,-0.9999949952580068,-1.7858610174536578,-0.11088588179700554,-1.0989242465794624,-0.4181127984277262,1.1264628535069487,-0.7697525940229955,-0.4710229984605707,-0.707774117049769,0.16157872697491338,-0.9253921407026671
-0.5935752742640285,-0.8754984077249564,0.964654131927753,0.612775710310261,-0.6439209162167846,0.36206941027214823,-0.5367001286437503,-0.35285346012580227,-1.5667710847559513,0.8279896979026946,-0.13899803247281048,0.30985805319435167,-0.7150738826235884,1.1877246786900686,-0.403105743590996,-0.35867624489035876,0.7140571800122488,1.9353176859251158,0.9331832466402004,0.5002993116101648,0.30527646040513345,0.5122442736515016,1.3468541764076536,0.1107906847347352,-0.15709127427790132,-0.10151185295456683,-0.5423735976260254,-0.9999949952580068,-0.32635110098596787,-0.7144894637714961,-0.7554709857923708,-0.4153277448095518,0.5259720281040676,-0.5986938717847399,2.1355026141954476,-0.7169130976521629,1.3160089987114787,-0.49199690033628696
0.3586234659597768,0.29891475922977906,0.5582565515353902,-1.6319184706157481,-0.6439209162167846,0.36206941027214823,-0.019027857214048982,0.7059932854713978,-1.6297605606569814,-0.2852115724793929,-0.972986227309673,0.30985805319435167,2.0194943718050795,0.03560568590174467,0.23417472566632785,-0.35867624489035876,-1.2586335510551052,-0.5167110326499096,-0.1526237661901666,0.5002993116101648,0.30527646040513345,-1.9521936143308383,0.1307542387048667,0.6926713078318816,0.36944699472009396,0.8749635040510826,0.09634945625329011,0.3594262613095126,0.7295893660969257,-0.7144894637714961,-0.5471384452373997,-3.4250578809433345,-5.688052581260186,-2.131833779400972,1.1172323834000635,0.589003537160113,-1.206240525680768,0.3745798334209395
-0.5935752742640285,-0.8754984077249564,-0.5335041496721151,0.612775710310261,-0.6439209162167846,0.36206941027214823,0.38152214984701516,1.466302156522779,-1.6037044813816408,-0.32277283147759195,-0.8918739153639668,0.2481673120884702,-0.7150738826235884,0.03560568590174467,-0.3536728508908684,-0.2566617757476024,0.7945124291035353,-0.5167110326499096,-0.9237278726523925,0.5002993116101648,0.30527646040513345,0.5122442736515016,-0.6747361099611495,-2.0749410101234362,0.7748212760494178,-0.10738576429562141,-0.5423735976260254,-0.24671457749028447,-0.358621135955557,1.2344676913008645,-2.0402399833010114,-1.8726709734047984,-0.038446301590000065,-2.0250771479942897,-0.8403123700861986,-0.3535500502451853,0.12178951527999282,1.0129174685671507
1.6847062931317278,0.03656095630946177,-0.5858197112353846,-1.6319184706157481,1.5529857391110689,0.36206941027214823,-1.4260889132533936,-0.7640082038619636,-1.6297605606569814,-0.2852115724793929,-0.972986227309673,0.30985805319435167,-0.09702301353411036,-0.5064246713290345,-0.403105743590996,-0.35867624489035876,-1.2586335510551052,-0.5167110326499096,1.0115610777177464,0.5002993116101648,-1.6570085425608163,0.5122442736515016,-0.7424708758502816,0.06878824724308273,1.2132524586994624,1.6005500639311296,-0.04633578171337149,0.9089569377495377,0.25347435579821453,-0.7144894637714961,-0.7745045573896004,-0.5464114197019576,0.3049157931158834,-0.6793421934118729,0.6381730324039329,1.1228962261134008,-1.206240525680768,-1.2126023489153912
-0.5935752742640285,1.142206531932559,1.0278894669433536,0.612775710310261,0.28640521527787854,0.36206941027214823,0.8654471338786185,1.0811223849291385,1.2447585637500957,-0.10787803402341556,-0.13899803247281048,-0.49596183248660075,0.07320514683635815,-0.6557146977507678,0.24259906122124603,-0.35867624489035876,-0.38918588814120014,1.9353176859251158,0.16456323948703155,0.5002993116101648,0.30527646040513345,0.5122442736515016,-0.7424708758502816,-1.0030763814401766,-1.1650190409663912,0.7325114838043248,-0.07767329793144051,1.335563785613043,-0.08401035709850135,2.215853585252227,-1.1683620150388028,-1.0709865125778784,-0.019266811596450106,-1.1589094188656763,-0.9116884599774852,0.9411472140040666,0.6248099999593228,1.0727874391809515
0.7016740088941068,-0.8754984077249564,-0.5858197112353846,0.612775710310261,-0.6439209162167846,0.36206941027214823,-1.0423356928340552,-0.35285346012580227,0.3244623275751126,0.8733910799271684,-0.613137237645579,0.30985805319435167,-0.7150738826235884,0.1999320740274102,1.7796020609539118,-0.35867624489035876,0.7945124291035353,0.5412896230777955,-0.9885710532241613,-0.5780128474053638,0.30527646040513345,-0.8888386537083663,-0.7424708758502816,-3.1468056388066956,-0.6135997572366728,-1.0035656764492848,-0.5423735976260254,0.11444001171752105,0.6238505739440745,0.5334926257987431,-1.1764192268886484,-0.8572228143933862,0.41019001941951627,-1.0466924626811809,-0.5199936277459278,-0.568554549610097,0.6351119101003988,-0.7741393804794274
1.6847062931317278,-0.019839328435834913,0.09851469391069112,-0.679998832423845,1.5529857391110689,0.36206941027214823,-1.4260889132533936,0.03287613527514177,-1.6297605606569814,0.20612333944702932,-0.972986227309673,0.30985805319435167,-0.7150738826235884,-0.47290638546528974,-0.403105743590996,-0.35867624489035876,-1.2586335510551052,-0.5167110326499096,0.1633541947486047,0.5002993116101648,-3.2757193223247443,0.5122442736515016,0.14356053310992678,0.06878824724308273,0.36350197286443237,0.8643224048118419,-0.07700996276465344,0.5570441919893597,-0.381387268134171,-0.7144894637714961,-0.9354658184639902,-0.5549245046127123,0.5723376386004296,-0.7634277395058474,0.6677972924812179,0.6206198950240328,-1.206240525680768,-0.7778139462416658
-0.5935752742640285,1.142206531932559,0.22103487785398448,0.612775710310261,-0.6439209162167846,0.36206941027214823,-0.2980306518824277,-1.018344021856636,0.19335391796293244,0.025702050009698496,-0.3628006366108836,0.30985805319435167,-0.7150738826235884,-1.1635019296279825,4.171268129332915,-0.35867624489035876,0.7945124291035353,0.14129637804944517,-0.45183110618858646,0.5002993116101648,0.30527646040513345,0.5122442736515016,-0.7424708758502816,1.1406528759263421,1.0351015277651427,1.6005500639311296,-0.2478944348851797,0.196359559349931,1.0230864811853158,-0.6280224292660006,-1.8137520822634612,-2.7712373632461618,-2.1834971516555743,-2.4017008279300347,-0.13216729961957385,0.7072736987819064,0.4252764764082583,-0.7219189420574118
-0.5935752742640285,-0.8754984077249564,1.0278894669433536,0.612775710310261,-0.6439209162167846,0.36206941027214823,-0.5367001286437503,-0.4689972043594102,-1.3218811362531575,0.7254494207332236,-0.24548975941305995,0.30985805319435167,-0.5404857423759581,1.081599574456063,-0.403105743590996,-0.35867624489035876,0.7945124291035353,1.9353176859251158,1.0115610777177464,0.5002993116101648,0.30527646040513345,0.5122442736515016,1.080068825809259,0.20565435165715967,-0.19509888245848667,-0.13552709632247995,-0.5423735976260254,-0.9005860389981108,-0.560724141165732,-0.7144894637714961,-0.7851505460069732,-0.45730142799537166,0.4967958264296635,-0.6361605227273622,2.041706717193514,-0.6834426475317938,1.3664154678038525,-0.5553661379480551
1.1150984253369394,-0.8754984077249564,-0.9892204615290672,0.612775710310261,-0.6439209162167846,0.36206941027214823,-0.3143383027430203,-1.035021854527087,-1.2278753512289091,-0.2852115724793929,-0.13899803247281048,0.30985805319435167,-0.7150738826235884,0.03560568590174467,-0.403105743590996,2.001301403921341,0.7945124291035353,0.0963364809441335,-0.9885710532241613,-1.3739866661883022,0.30527646040513345,0.5122442736515016,-0.2201052450265003,0.06878824724308273,0.53232528199615,-1.0035656764492848,1.3779892874339144,0.5570441919893597,-1.0836241427939144,-0.7144894637714961,-0.9100155925717248,-0.5318114431370177,0.5723376386004296,-0.7383008554543197,1.1172323834000635,0.30826334144481615,1.3664154678038525,-0.740118140788553
-0.5935752742640285,-0.8754984077249564,-1.3926743003247537,0.612775710310261,0.6314800882122865,0.36206941027214823,0.7257481070245806,0.41020225575565217,1.11851618280923,-0.7711943923455526,1.5289783572009146,0.30985805319435167,-0.7150738826235884,0.03560568590174467,-0.403105743590996,-0.35867624489035876,0.7945124291035353,1.9353176859251158,-0.9885710532241613,0.5002993116101648,0.30527646040513345,0.5122442736515016,-0.7424708758502816,-0.3808117892148821,0.3679824580149332,0.36840750385364573,-0.5423735976260254,-0.6734402902049668,0.1394140956985297,0.22080957207875973,-0.9910357111130792,-1.3422445933291582,-0.8590232907524002,-1.2188190111015307,-0.0014230415869838087,-0.3535500502451853,1.3664154678038525,0.6287749636767825
1.3819605087246276,-0.6073789296935628,1.0278894669433536,0.612775710310261,-0.3519885062132777,0.36206941027214823,-1.3079039140448425,-0.35285346012580227,-0.02232548713228734,-0.2852115724793929,-0.972986227309673,-1.3401720562750925,-0.7150738826235884,0.35428866244624535,0.9190661073418633,-0.35867624489035876,0.7945124291035353,-0.5167110326499096,1.0115610777177464,0.5002993116101648,0.30527646040513345,0.5122442736515016,1.0692175748218946,-0.8606433729688536,0.9037075574476323,0.8478593954044302,0.5549869371057006,0.6604965169437832,1.0230864811853158,0.5856171944779225,-0.7423298758908001,-0.9886313907262549,-0.6108712617933298,-0.9038343621061199,-0.6308003156307405,0.8815062403499272,0.08008747106154226,-0.9223253109916514
0.686515253780757,1.142206531932559,1.0278894669433536,0.612775710310261,1.5529857391110689,0.36206941027214823,-1.4260889132533936,-0.2403083196289877,-0.9254897147294907,0.3657686673372841,-0.972986227309673,0.30985805319435167,-0.7150738826235884,-1.1635019296279825,1.7897473994887243,-0.35867624489035876,-1.2586335510551052,-0.5167110326499096,-0.9885710532241613,0.5002993116101648,-3.2757193223247443,0.5122442736515016,1.3468541764076536,-0.870450943435082,-0.19509888245848667,0.6251061325930781,0.5549869371057006,1.2392349215598188,-0.0737139033408794,-0.08084351275789114,-0.6368960600891997,-1.0263148026265538,-0.870072876500553,-0.8722705844601526,-0.46360049134445525,1.0655928578160352,-1.206240525680768,-0.9268662326897534
-0.5935752742640285,1.142206531932559,0.8353764956792049,0.612775710310261,-0.6439209162167846,0.36206941027214823,-0.5367001286437503,-0.569875868926958,-0.02232548713228734,-2.0495389680745864,-0.7739992629193833,1.7587267478365523,-0.7150738826235884,-1.1635019296279825,0.7578751335214338,-0.35867624489035876,0.7945124291035353,-0.5167110326499096,0.5343358321092457,-1.4025253938851359,-2.421304973642944,0.5122442736515016,0.8483477798576218,0.3245317817672474,0.7748212760494178,0.2786954624677625,0.2931601594608622,-0.22147540163432355,-1.1156549649624679,3.3205426410044927,-1.2530020002629239,-1.0612968544357293,0.14887274643553106,-1.195424786268122,-0.9614868004550627,0.11486577477627916,0.08008747106154226,-0.6104065889609045
-0.5935752742640285,-0.8754984077249564,0.22103487785398448,-1.6319184706157481,-0.6439209162167846,0.36206941027214823,1.2420774405755364,1.1750960731008637,1.0387064145102411,0.5024583927377868,1.5289783572009146,0.30985805319435167,0.6522102445907456,1.2347133014314717,-0.403105743590996,-0.35867624489035876,0.7945124291035353,0.26831876143639577,1.0115610777177464,0.5002993116101648,0.30527646040513345,0.5122442736515016,-0.07356255388471222,0.797489819813112,0.1154261193677999,0.17669731845317438,-0.5423735976260254,-0.9999949952580068,0.7982616800164621,-0.405013321758332,-1.4130286127406444,-1.29318470200339,-0.019266811596450106,-1.4004675589686404,1.304545359153357,-0.5957043401944427,0.49191209397905244,1.3342185618361664
-0.0010141973501678336,1.142206531932559,-0.166108090805428,0.612775710310261,-0.0725247410511507,0.36206941027214823,0.5840108873992182,0.7932975678351135,-0.4404052679056907,0.27070627990040386,-0.7560732039422969,-1.0981091369705354,-0.7150738826235884,0.6593604580619843,0.7251006904549995,-0.35867624489035876,0.7945124291035353,-0.5167110326499096,-0.4683542080184464,0.5002993116101648,-0.6261091715578044,0.5122442736515016,1.3468541764076536,0.34757084714992637,1.7447414345573222,1.6005500639311296,3.035121868283659,1.5380499117346331,1.0230864811853158,-0.6306842464531711,-0.8430876720500184,-0.6963713611316915,0.1346043231801058,-0.7947109965684673,0.9334692710297123,2.4904523807462198,0.08008747106154226,0.7587069978218517
-0.05080623955475583,1.142206531932559,0.41325681070812964,-1.6319184706157481,1.0296031503550656,0.36206941027214823,-0.7485846906804033,-1.262431268450093,-1.0553368399233851,-0.2852115724793929,-0.972986227309673,0.7631959564962572,0.6522102445907456,-1.1635019296279825,1.121685547383641,-0.35867624489035876,-0.7694999524184136,1.3511557984277416,0.5350572945425739,0.5002993116101648,-3.2757193223247443,0.5122442736515016,1.3468541764076536,-0.49236257136933703,-0.19509888245848667,-0.7967675049816614,0.5549869371057006,-0.036003889078307594,1.0230864811853158,0.3440797220687713,-0.9977869010710642,-1.061186999806811,-0.3011499475164027,-1.0693787610602934,-0.8285046086320547,-0.17335649816862175,0.08008747106154226,-1.1065027131065672
0.2669974845843538,-0.8754984077249564,1.0278894669433536,-0.23511012245733098,-0.6439209162167846,0.36206941027214823,-0.5367001286437503,-0.9188574560210832,0.47780471966846305,-0.2852115724793929,1.2139569252810078,0.30985805319435167,-0.19861117216439061,-0.41733189811781196,3.0193526973505858,-0.35867624489035876,0.018979884860874874,-0.5167110326499096,0.25605339569164043,0.5002993116101648,-3.2757193223247443,0.5122442736515016,1.3468541764076536,1.1406528759263421,1.1411881372025439,1.6005500639311296,-0.5423735976260254,-0.03109448594243147,0.49257617619102123,0.2880349967718989,-0.6603227942960175,-1.0291938285991638,-0.8343373518231365,-0.8854000713461936,-0.4821443990342435,0.4952968453758374,-0.4057957704053152,-0.8008145808904463
1.6847062931317278,-0.8754984077249564,1.0832840260433114,-1.6319184706157481,-0.6439209162167846,0.36206941027214823,-1.4260889132533936,-1.262431268450093,-0.8812222088331526,0.2543178518409609,0.1921099418964265,1.3266260545352928,1.288916898512203,-0.5227857869307252,1.121685547383641,-0.35867624489035876,0.7945124291035353,-0.5167110326499096,-0.9885710532241613,0.5002993116101648,0.30527646040513345,0.5122442736515016,1.3468541764076536,0.5679261569152406,-0.646764053144499,-0.9439705336836632,-0.5423735976260254,-0.6374598091893071,-1.0354121073397784,-0.3701531445982394,-1.2568656250962809,-0.9886313907262549,0.2968436996066867,-1.1578336815106127,-0.28233563275659057,-0.9078419493976569,0.08008747106154226,-1.4845471688407965
-0.5935752742640285,1.142206531932559,-0.5802704730786606,-1.6319184706157481,-0.6439209162167846,0.36206941027214823,0.35268865596589305,-0.35285346012580227,-0.02232548713228734,-0.2852115724793929,-0.972986227309673,0.30985805319435167,0.6522102445907456,0.03560568590174467,2.6464768383582777,2.788029634651948,0.7945124291035353,-0.5167110326499096,-0.9885710532241613,0.5002993116101648,0.30527646040513345,0.5122442736515016,1.3468541764076536,0.06878824724308273,0.7748212760494178,0.7325114838043248,-0.5423735976260254,1.335563785613043,-0.381387268134171,0.0899392186153941,-1.7460715761004393,-1.1440499486577804,0.8579677892225206,-1.4838090340672152,-0.6385909352493967,0.7809978568940775,1.3664154678038525,0.004278233915967804
-0.5935752742640285,1.142206531932559,0.5354000187121662,-0.2617977406095131,-0.6439209162167846,0.36206941027214823,-0.5367001286437503,-0.9080433035033253,0.2908174014018706,-0.2852115724793929,0.5108757363306826,0.30985805319435167,-0.7150738826235884,-1.1635019296279825,3.577181864659668,-0.35867624489035876,0.7945124291035353,-0.5167110326499096,-0.20928340018103786,0.5002993116101648,0.30527646040513345,0.5122442736515016,-0.7424708758502816,0.3054171852990848,0.39692284010614154,0.9241430032242489,-0.5423735976260254,-0.22147540163432355,0.7494822940078318,-0.7144894637714961,-1.822410991309415,-2.95041996777726,-2.516289475211904,-2.503372598127202,0.05743248768018408,0.10812163164525512,0.08008747106154226,-0.794914266543
0.08452145762915375,1.142206531932559,-1.152525993897501,-1.6319184706157481,-0.6439209162167846,0.36206941027214823,-0.5367001286437503,-1.262431268450093,-0.5868284145841798,0.8733910799271684,1.5289783572009146,0.30985805319435167,-0.3081220328163393,0.03560568590174467,-0.403105743590996,-0.35867624489035876,-1.2586335510551052,-0.5167110326499096,1.0115610777177464,0.5002993116101648,0.30527646040513345,0.5122442736515016,0.7249975498721879,1.1406528759263421,0.19745656477422058,-1.2619244907261407,-0.5423735976260254,-0.9999949952580068,0.39605529697663844,0.19075958557350992,-0.8421416436835389,-0.8653696353478371,-0.19534910537128333,-0.8861054713672396,-0.20608525004410294,-1.2224757764482164,-1.206240525680768,-0.9882720345885417
1.6847062931317278,1.142206531932559,1.0278894669433536,-1.4074829762229697,-0.42426345217868244,0.36206941027214823,-1.4260889132533936,-1.0805431993896144,0.5403132279604775,-0.16936881701308723,-0.972986227309673,2.0224904982575196,0.5155024954130136,-1.1635019296279825,1.121685547383641,-0.35867624489035876,0.5892288599505402,-0.5167110326499096,-0.9885710532241613,0.5002993116101648,-3.2757193223247443,0.5122442736515016,1.3468541764076536,1.0334826119746539,-0.19509888245848667,-0.13552709632247995,0.5549869371057006,0.5570441919893597,0.8826603318378077,-0.3117332790903886,-0.7758597446525681,-1.29318470200339,-1.1433242077928183,-1.0859306991100048,-0.6711766038388411,0.4028152211809899,-0.04852588854588338,-1.3853071422418959
-0.5935752742640285,-0.8754984077249564,0.22103487785398448,0.612775710310261,-0.6439209162167846,-2.594814865092347,-0.48913090557512173,-0.35285346012580227,-1.5437864187473844,-2.478480463940008,-0.13899803247281048,-1.4912581362971544,-0.7150738826235884,0.03560568590174467,1.0401316327080588,-0.35867624489035876,0.7945124291035353,-0.3855635490038536,-0.9885710532241613,0.5002993116101648,0.30527646040513345,0.5122442736515016,1.3468541764076536,-0.9457473837020441,-0.19509888245848667,-1.8251769555298427,-0.4836809437870476,-0.1798360501457198,0.24573091126932983,-0.7144894637714961,-0.7782023968592995,-0.9886313907262549,-0.5475869826416415,-0.9215427447119775,1.1172323834000635,-1.0492336901839106,0.1488871056817533,-0.4654534775124648
1.5902521496688995,-0.8754984077249564,-0.5189177442422499,0.612775710310261,-0.6439209162167846,0.36206941027214823,1.2420774405755364,1.466302156522779,-0.8260430238946344,-1.443814224885954,-0.8692585207846135,0.23096695842408344,-0.7150738826235884,0.03560568590174467,-0.339890179101652,-0.22821852937569576,0.7945124291035353,-0.5167110326499096,-0.9056485690394911,0.5002993116101648,0.30527646040513345,0.5122442736515016,1.3468541764076536,-0.020087558855026,-0.154887444543938,0.7325114838043248,-0.5423735976260254,-0.25375165863306215,-0.35227357847735696,0.0034118723384737315,-1.0637761614796601,-0.9886313907262549,-0.0437938465388511,-1.0625155380802827,-0.590530322003713,0.008953699486471012,0.13341670432371244,1.4931036366727322
1.6847062931317278,-0.8754984077249564,0.9045562112831078,-1.6319184706157481,-0.6439209162167846,0.36206941027214823,-1.4260889132533936,-1.262431268450093,-1.3840530892475222,-0.2852115724793929,0.6949901623640521,0.01898781430835217,-0.7150738826235884,-0.14768613409916376,1.121685547383641,-0.35867624489035876,0.7945124291035353,-0.5167110326499096,-0.9885710532241613,0.11829431785724198,-0.24210329594990787,0.5122442736515016,1.0274865179571882,0.23263010433875386,-0.04683993655066121,-0.7381943801254612,-0.37463451649335155,-0.8809929379167115,1.0230864811853158,0.5138393694390845,-1.4642890628276077,-1.33973776362049,-0.019266811596450106,-1.451076751642081,-0.6608092849376694,-0.8786840870603785,0.08008747106154226,-1.4845471688407965
-0.5935752742640285,0.4261125760258362,-0.35167888537898107,0.612775710310261,-0.6439209162167846,0.36206941027214823,1.2420774405755364,1.466302156522779,1.2998660609295374,2.0319937323337296,1.2329916180686773,-0.3654885442544985,-0.7150738826235884,0.03560568590174467,0.13805059994825514,2.788029634651948,0.7945124291035353,-0.5167110326499096,1.0115610777177464,-0.3866452370228016,0.30527646040513345,0.5122442736515016,0.6053418707975173,0.06878824724308273,1.4005117359684423,1.2924786663222365,-0.5423735976260254,0.004442902681413341,-0.8343966310428526,0.8548793555920151,-0.5477000649305561,-0.9002531813388477,-0.7825487318387762,-0.7597165638888046,-0.6604588972275326,0.3783409158217364,1.3664154678038525,1.4931036366727322
-0.49515552711982225,-0.7883353402557751,-0.5509643071550671,0.612775710310261,-0.6439209162167846,0.36206941027214823,-0.5751209369173437,-0.39214641635402936,-0.02232548713228734,-0.2852115724793929,-0.13899803247281048,0.30985805319435167,-0.7150738826235884,0.03560568590174467,-0.403105743590996,-0.35867624489035876,-1.2586335510551052,1.9353176859251158,-0.9885710532241613,0.3923402834739349,0.30527646040513345,0.5122442736515016,1.2565971834669907,1.0943492727029658,0.7748212760494178,0.6950129854667593,-0.4949685938284565,-0.8991009231892451,1.0230864811853158,-0.686650685224677,-1.0776792443157222,-1.266871835045432,-0.5597576845858206,-1.2206204170002808,1.0439805154989872,-0.30453858487513774,0.08008747106154226,-0.5348741934031799
0.1428338945136498,-0.8754984077249564,0.7426342497480771,-0.11277700432866311,-0.6439209162167846,0.36206941027214823,-1.138611691400066,-0.6744254246137066,-0.8504034719863103,0.4988958338555399,-0.972986227309673,0.30985805319435167,-0.7150738826235884,0.42319335507496414,0.08975269112372586,-0.35867624489035876,-1.2586335510551052,-0.5167110326499096,1.0115610777177464,-0.3074859192882564,0.30527646040513345,0.5122442736515016,-0.7424708758502816,1.1406528759263421,0.11840850307681816,-0.4161032895402592,-0.5423735976260254,-0.7483540326034711,0.07258091609192374,-0.7144894637714961,-1.1860742527229593,-1.2839537784622648,-0.40171553755673994,-1.2834144886442085,1.4597916049847135,-0.7317326859582729,-1.206240525680768,-1.0033139916122025
-0.5935752742640285,-0.8754984077249564,0.6103591204049109,-0.47033625752747044,-0.6439209162167846,0.36206941027214823,-0.5677914713506722,-1.262431268450093,-0.8541394624909552,0.31434102782946993,0.23426409998063513,0.30985805319435167,-0.7150738826235884,0.03560568590174467,-0.403105743590996,-0.35867624489035876,-1.2586335510551052,-0.5167110326499096,1.0115610777177464,0.5002993116101648,0.30527646040513345,0.5122442736515016,0.26567223247738103,1.1406528759263421,-0.19509888245848667,-0.13552709632247995,-0.5423735976260254,-0.9999949952580068,-0.04254326449927032,-0.40353879034626344,-1.0776792443157222,-0.9886313907262549,-0.019266811596450106,-1.0693787610602934,0.299031340017776,-0.7317326859582729,-1.206240525680768,-1.005620870713941
1.6847062931317278,-0.8754984077249564,-0.9836197257473702,-1.6319184706157481,1.5529857391110689,0.36206941027214823,-0.987597422706358,-0.8012986573695224,-1.6297605606569814,-0.2852115724793929,-0.5618086489763086,0.30985805319435167,-0.04096772644279323,-0.5555851349839797,-0.403105743590996,-0.35867624489035876,-1.2586335510551052,-0.5167110326499096,0.025444618229590432,0.5002993116101648,-3.2757193223247443,-0.7027868371087493,-0.7424708758502816,-1.5165820435536035,0.2966257519149248,1.172584771992808,-0.5423735976260254,-0.21061607747974975,-1.073828862215644,-0.7144894637714961,-1.4083509302178354,-0.8342306760681107,0.8640138117994733,-1.1486872706605784,0.5947238427062796,0.22163662870311784,-1.206240525680768,-0.9882720345885417
1.494960954254159,-0.8754984077249564,-0.5858197112353846,0.612775710310261,-0.6439209162167846,-2.7619013692660572,0.35268865596589305,-0.42860711232836557,0.7813920496300597,-2.4094297978626225,-0.972986227309673,0.30985805319435167,0.5383367911190753,0.03560568590174467,2.7734681832227603,-0.35867624489035876,0.7945124291035353,-0.3124952645895216,0.8449812508795296,0.5002993116101648,0.30527646040513345,-1.7469443559029398,1.1728459696348463,-2.0749410101234362,1.5831829759418348,1.4559618998498693,-0.45098057162197835,-0.9351564492990856,-1.6104048635767496,0.5341160931197052,-2.027868600202545,-1.8515622381430943,-0.019266811596450106,-2.0074960836110485,-0.757049118957519,0.0246325854679023,0.18721854087420342,-0.03705374843107967
-0.3846474059112849,-0.6904664968144388,-0.3638439750732863,0.612775710310261,1.5529857391110689,0.36206941027214823,-0.6182607687176345,-0.4362655174034195,-0.02232548713228734,-2.6024168772925154,-0.972986227309673,-1.593034932305078,0.5268246196444986,-0.07435745545155956,0.9818558622976533,2.4994636552952723,-1.2586335510551052,-0.5167110326499096,0.8281406662454301,0.5002993116101648,0.30527646040513345,0.5122442736515016,-0.7424708758502816,-0.02950618450684403,-0.28404458350326484,-0.13552709632247995,0.6556194491783843,-0.15008192617704447,1.0230864811853158,1.4080454406062675,-0.4684863631960334,-0.40745356987740144,0.0349857700231773,-0.4527444890621301,-0.8578211537536574,0.09399441769996929,-0.03787414097442153,-0.5830178763206695
-0.5935752742640285,1.142206531932559,2.310978920426564,0.612775710310261,-0.6439209162167846,0.36206941027214823,-0.18311554692041132,-1.262431268450093,0.7813920496300597,0.8733910799271684,0.6949901623640521,0.30985805319435167,-0.7150738826235884,-1.1635019296279825,2.3340747750514694,-0.35867624489035876,-1.2586335510551052,-0.5167110326499096,-0.9885710532241613,-1.9988034698300843,-3.2757193223247443,0.5122442736515016,0.08815925741697916,-0.1508173627628615,-0.3938179206339063,1.6005500639311296,1.8637838515274943,2.1140833792367264,-0.09363608556596237,0.4423374003747167,-1.6150567967549099,-0.805156011894206,1.285151104088091,-1.234923160014467,-0.8422638061600254,2.3665955795164493,-1.206240525680768,-0.7909733517169175
-0.5935752742640285,-0.8754984077249564,1.3879862072547222,0.612775710310261,1.5529857391110689,-1.0321492131966623,-0.9336316284929121,-0.7587952596349294,-0.02232548713228734,-0.2852115724793929,-0.5112044182081379,2.2127510386937814,0.5053555824799978,0.03560568590174467,0.9579136543523767,-0.35867624489035876,-0.3423207670218147,-0.5167110326499096,0.11890821277328378,-1.9988034698300843,0.30527646040513345,0.5122442736515016,1.3468541764076536,0.5471581593229231,-0.19509888245848667,0.25187587243419807,-0.5423735976260254,-0.9999949952580068,-0.4568117954121784,-0.5706860325179127,-1.0776792443157222,-0.9886313907262549,-0.019266811596450106,-1.0693787610602934,0.4865851052880357,-0.5629509299837019,-0.6321562670525341,-0.9349690555632054
-0.5935752742640285,-0.44627628313162415,0.5129680319604915,-1.6319184706157481,-0.6439209162167846,0.36206941027214823,0.16349085195772628,-1.262431268450093,-0.19329862692179978,-0.03874446906345669,1.5289783572009146,0.30985805319435167,-0.7150738826235884,0.03560568590174467,-0.403105743590996,-0.35867624489035876,-1.2586335510551052,-0.5167110326499096,1.0115610777177464,0.5002993116101648,0.30527646040513345,0.5122442736515016,1.3468541764076536,1.1406528759263421,0.01123019120246635,-0.32018311627267565,-0.5423735976260254,-0.9999949952580068,0.4702349786803329,0.06702801421288994,-1.0063410790729839,-0.9238444058956112,-0.019266811596450106,-0.9989469380151484,-0.6185272721452346,-0.8121826819882328,-1.206240525680768,-0.5975684649986357
1.6847062931317278,-0.8754984077249564,0.9410631069554346,0.612775710310261,-0.6439209162167846,0.1939827344548526,-1.330380973029754,-1.2134910186885342,0.02091890232721272,-0.40988986314183506,-0.972986227309673,0.30985805319435167,1.945927024329703,0.03560568590174467,2.6464768383582777,-0.35867624489035876,-1.1481630930620492,-0.5167110326499096,1.0115610777177464,0.5002993116101648,0.30527646040513345,-1.9521936143308383,1.3468541764076536,-1.0607485477554268,0.827008273546199,0.7792166964043761,0.49594295191086724,-0.26336400424480655,0.8719497769997129,-0.18782516212149392,-1.4491158648655231,-1.0377912811167382,0.5405060907243602,-1.2794591203099928,-0.488307187358407,0.38246693159224,-1.1370290598119683,-1.4044402374761171
1.6847062931317278,0.7009264926456966,-0.4093574259061046,-1.6319184706157481,1.072513576844767,0.36206941027214823,-1.4260889132533936,-1.063503009365823,-1.278208161466018,-0.2852115724793929,-0.972986227309673,0.30985805319435167,0.353179805840936,-1.1635019296279825,-0.403105743590996,-0.35867624489035876,-1.2586335510551052,-0.5167110326499096,1.0115610777177464,0.5002993116101648,0.30527646040513345,0.5122442736515016,-0.7424708758502816,-0.16563278041016405,1.7447414345573222,1.6005500639311296,0.3149898541028391,1.1652984757019889,0.4087585692139357,-0.5735502145283216,-0.6270072015054328,-0.5127387922087504,0.1101194182204202,-0.5882272346118427,-0.12799345064313217,1.3719430561729273,-1.206240525680768,-1.3760098369268943
-0.5935752742640285,-0.8754984077249564,0.12948544301700768,0.612775710310261,-0.3946497769005268,0.36206941027214823,-0.4357859841592353,0.3503145801476518,-1.4473735797706146,-0.2852115724793929,-0.13899803247281048,-1.593034932305078,0.49707189525159745,-1.027445661255811,-0.403105743590996,-0.0016365146021272148,0.7945124291035353,1.6570992232366475,-0.9885710532241613,0.5002993116101648,0.30527646040513345,-1.9521936143308383,-0.7424708758502816,-1.0030763814401766,-0.19509888245848667,-0.13552709632247995,-0.4178620212830362,1.2472293697597463,-0.4610662956394153,-0.21288745281220275,-1.4130286127406444,-1.327740722260546,-0.08639297508979021,-1.4192509883121933,-0.7193799681018271,0.4028152211809899,1.3664154678038525,-0.05203142668311987
-0.5935752742640285,-0.8754984077249564,0.9721592988946388,-1.6319184706157481,-0.6439209162167846,0.36206941027214823,0.29125777722121304,-1.199605915782142,-0.02232548713228734,-0.2852115724793929,1.5289783572009146,0.30985805319435167,-0.7150738826235884,-0.04721774948007185,-0.403105743590996,-0.35867624489035876,-1.1168209220510075,-0.5167110326499096,0.8734101626900078,0.5002993116101648,0.30527646040513345,0.5122442736515016,1.2025426265382542,1.1406528759263421,-0.19509888245848667,-0.1954832973497711,-0.5423735976260254,-0.9462219506864535,0.2723454775734633,0.08572950612683661,-1.100842125100033,-1.030702929877871,-0.06012946005092612,-1.1036816601129666,-0.6038752789882303,-0.7317326859582729,-1.1173927005663034,-0.49199690033628696
1.6260364613082556,1.142206531932559,0.2002569267327009,-1.5741135741645187,-0.6439209162167846,0.36206941027214823,-0.5137967741306484,-0.3060069440424116,-0.02232548713228734,-0.2852115724793929,-0.972986227309673,0.26085514985043656,2.0194943718050795,-1.1635019296279825,1.1609516547373673,-0.35867624489035876,0.7945124291035353,-0.5167110326499096,-0.9370640676845197,-1.9988034698300843,0.30527646040513345,0.5122442736515016,-0.7424708758502816,0.04118581284588951,0.7748212760494178,1.6005500639311296,-0.5141145979730459,-0.181378853180578,0.9688349085182599,-0.7144894637714961,-0.4415238954810612,-0.7154492528977747,-0.6108712617933298,-0.6068500829190873,0.05743248768018408,0.43203186229336143,0.08008747106154226,-0.4536569790358219
-0.5935752742640285,-0.8672888546712809,-0.5891026072751074,0.612775710310261,-0.6439209162167846,0.36206941027214823,0.35630736367140947,0.5567243481984884,-0.015785222866155246,-0.280497498703732,-0.1423913285871644,0.30211564219417,-0.7095107344341804,1.2395921800986514,-0.403105743590996,-0.34587306026476083,0.7945124291035353,1.9253409745345518,-0.9885710532241613,0.5002993116101648,0.30527646040513345,0.5122442736515016,1.3383532184500462,0.06006593174235597,-0.19904525283336016,-0.13905893521335266,-0.5423735976260254,0.5507089763871572,0.3179923746452038,-0.7144894637714961,-1.4130286127406444,-1.2907063945784931,-0.014452620953187445,-1.3991204387834821,2.1813443483919093,0.02001638462875599,1.3664154678038525,0.502572591575861
1.557416071281204,-0.7627669029480981,0.9377296718450698,-1.5065048148298834,-0.5211772046652623,0.36206941027214823,-0.5863913069969761,-0.35285346012580227,-1.5399513070302857,-0.2852115724793929,-0.972986227309673,0.30985805319435167,1.943102628845602,-0.0313898411603051,1.121685547383641,-0.35867624489035876,-1.2586335510551052,-0.5167110326499096,1.0115610777177464,0.5002993116101648,0.30527646040513345,-1.9521936143308383,1.2301211732416881,0.06878824724308273,-0.14090832325781166,-0.08702877854630792,-0.4810627974532096,-0.8695046293539173,0.36008439156982575,-0.7144894637714961,-0.779802588759241,-3.4250578809433345,-5.2775996158788505,-2.246687867179383,1.0580201394992585,-0.6260851832772036,-1.206240525680768,-0.5197243651246174
1.0855992492881952,0.6116218759154894,-0.7979937790058899,0.612775710310261,-0.6439209162167846,0.36206941027214823,-0.7705777551849465,-1.262431268450093,-1.0373921584466468,0.5687197785366167,0.25637167976775777,0.30985805319435167,1.0117573538121543,-0.2797169805636911,-0.403105743590996,-0.35867624489035876,-0.7187291615559097,-0.5167110326499096,-0.46260742106660957,-1.9988034698300843,0.30527646040513345,0.5122442736515016,1.3468541764076536,0.06878824724308273,-0.9099645265271836,-0.7753023945423163,-0.5423735976260254,0.9261178426839592,0.8384231524395942,-0.47700578260465903,-0.8305148358391465,-1.8537915454955145,-2.135901321066113,-1.4176370866391041,-0.20293758106280077,-0.07481600076369849,-0.8679820002332894,-1.1187747489456532
-0.5935752742640285,-0.8754984077249564,-0.21943976655989408,-0.4065045180506568,-0.6439209162167846,0.36206941027214823,0.7565460772492595,0.9697492867664412,0.34262997155333524,0.2408916206234415,0.6184037418151653,0.30985805319435167,-0.0942117227518322,1.2347133014314717,-0.403105743590996,-0.35867624489035876,0.7945124291035353,0.8218901137176464,-0.08034259497714569,0.5002993116101648,0.30527646040513345,0.5122442736515016,0.3981246191781149,0.5555050716461107,-0.19509888245848667,0.25863553380147675,-0.5423735976260254,-0.1499827481747923,0.6397242969171871,-0.7144894637714961,-1.4130286127406444,-1.29318470200339,-0.019266811596450106,-1.4004675589686404,2.177032279119943,-0.14709418540684963,0.7823142100879079,0.9512547924146263
0.07662343372330316,-0.8754984077249564,0.6957373122501553,-0.04754264603887215,-0.6439209162167846,0.36206941027214823,-1.1644587342298434,-0.7272929601068415,-0.92047537514683,0.5325666568945217,-0.972986227309673,0.30985805319435167,-0.7150738826235884,0.38834539383188127,0.045439847869702676,-0.35867624489035876,-1.2586335510551052,-0.5167110326499096,1.0115610777177464,-0.2348580452407405,0.30527646040513345,0.5122442736515016,-0.7424708758502816,1.1406528759263421,0.09022109132592493,-0.3908767173744271,-0.5423735976260254,-0.7709790416303662,0.03176469063446874,-0.7144894637714961,-1.1763284704074985,-1.2574013777009294,-0.36732961808680387,-1.264170561830464,1.4289921461094948,-0.7317326859582729,-1.206240525680768,-1.0465816093481342
-0.5221555760466108,-0.8754984077249564,-1.3167943317342539,0.5424089113656592,-0.6439209162167846,0.36206941027214823,-1.3982083038046744,-1.2339177723548596,-1.6297605606569814,-0.2852115724793929,-0.972986227309673,0.30985805319435167,2.0194943718050795,-1.1259122369153152,-0.3553065007737719,-0.35867624489035876,0.7301502938882423,-0.5167110326499096,1.0115610777177464,-1.9204614558231001,0.30527646040513345,0.43498893666676675,1.3468541764076536,0.06878824724308273,-0.19509888245848667,-0.13552709632247995,-0.5423735976260254,-0.24588047747247255,0.3208496065255724,-0.7144894637714961,-1.0671666935260993,-3.4250578809433345,-4.770648062621412,-2.3885444576004984,0.09065515418741699,-0.3654053406975285,0.039763588952025364,-1.4534326474152297
1.6847062931317278,1.142206531932559,1.2796038848917872,-1.6319184706157481,-0.6439209162167846,0.36206941027214823,-1.4260889132533936,-1.262431268450093,0.5306562978641677,-0.2852115724793929,-0.7128069386522795,2.2127510386937814,1.078761859845632,-1.1635019296279825,1.121685547383641,-0.35867624489035876,0.7945124291035353,-0.5167110326499096,-0.9885710532241613,0.5002993116101648,-2.158556104423276,0.5122442736515016,0.6950474611137096,0.8062632786222902,0.10748709952224877,0.13527489068735288,0.8973304919602708,0.5570441919893597,1.0230864811853158,-0.29175346427561616,-0.8469488149461302,-1.198173208583104,-0.8333500433735652,-1.0693787610602934,-0.6931842111576323,0.6387784872117676,0.08008747106154226,-1.4845471688407965
-0.5935752742640285,-0.8754984077249564,1.0278894669433536,-1.6319184706157481,-0.6439209162167846,0.36206941027214823,0.35268865596589305,-1.262431268450093,-0.02232548713228734,-0.2852115724793929,1.5289783572009146,0.30985805319435167,-0.7150738826235884,0.03560568590174467,0.873089482706543,-0.35867624489035876,-1.2586335510551052,-0.5167110326499096,1.0115610777177464,0.5002993116101648,0.30527646040513345,0.5122442736515016,1.3468541764076536,1.1406528759263421,-0.19509888245848667,-0.13552709632247995,-0.5423735976260254,-0.9999949952580068,0.3208496065255724,1.548032226144499,-0.797003937695743,-0.9886313907262549,-0.5144183642493021,-0.9308240795533109,-0.8288985255083765,-0.7317326859582729,-1.206240525680768,-0.49199690033628696
-0.5935752742640285,-0.8754984077249564,-0.47840211516402775,0.612775710310261,1.2605087117760427,0.36206941027214823,0.47109413634299213,0.6778176194412285,0.19167442533481815,-0.13096530133421436,1.195888572798597,0.30985805319435167,0.47018193852676504,0.19524443522884716,-0.403105743590996,-0.35867624489035876,0.7945124291035353,1.9353176859251158,1.0115610777177464,0.5002993116101648,0.30527646040513345,0.5122442736515016,-0.7424708758502816,0.21148697299119934,0.7748212760494178,1.484986963918709,-0.5423735976260254,-0.7927043523780096,0.3208496065255724,-0.005714802315462175,-0.406980507465878,-0.15606261015924072,0.41481550580327275,-0.28573504661204124,-0.5819747630574591,0.07498052938934407,1.3664154678038525,0.6326928704583
-0.5935752742640285,1.142206531932559,1.0278894669433536,0.612775710310261,-0.28907823116641174,0.36206941027214823,0.06538186155183867,-0.49976777302357,0.6515762069427141,-0.2852115724793929,-0.972986227309673,0.30985805319435167,0.4313675566454599,-1.1635019296279825,1.3679686721211914,-0.35867624489035876,-1.2586335510551052,-0.5167110326499096,-0.9885710532241613,0.5002993116101648,-3.2757193223247443,0.5122442736515016,-0.4050046891608081,-0.2774652651035572,0.6181605128373064,1.6005500639311296,0.5549869371057006,1.4613096757699129,0.9096617175335079,-0.7144894637714961,-1.4775511118644493,-0.9394401724956227,0.7817200929987993,-1.2400359296752708,0.05743248768018408,1.5984468987983536,-1.206240525680768,-0.23619570802608214
-0.5935752742640285,-0.8754984077249564,0.6840956049298708,0.612775710310261,0.6169025418019819,0.36206941027214823,-0.9156611077682795,-0.7404168101446631,-0.7072398686526125,0.20845914067781723,-0.494353292582585,1.401944559645852,-0.7150738826235884,0.03560568590174467,-0.403105743590996,-0.35867624489035876,-1.2586335510551052,-0.5167110326499096,1.0115610777177464,-0.9339570793922953,0.30527646040513345,0.5122442736515016,0.4566105830385425,0.5255006279293746,-0.19509888245848667,-0.13552709632247995,-0.5423735976260254,-0.9999949952580068,-0.7844069970377905,-0.7144894637714961,-1.0776792443157222,-0.9886313907262549,-0.019266811596450106,-1.0693787610602934,1.1172323834000635,-0.7317326859582729,-1.206240525680768,-0.9149141083016109
-0.5935752742640285,-0.8754984077249564,0.6687158590628384,0.612775710310261,-0.6439209162167846,0.36206941027214823,1.044120471069269,0.5567243481984884,-0.02232548713228734,-0.2852115724793929,-0.7873601226063536,0.30985805319435167,-0.7150738826235884,1.2347133014314717,-0.403105743590996,-0.35867624489035876,0.7945124291035353,1.9353176859251158,0.5663788333439852,0.5002993116101648,0.30527646040513345,0.5122442736515016,1.3468541764076536,0.06878824724308273,-0.19509888245848667,0.5393065663262567,-0.5423735976260254,-0.653434790942779,0.8667851133372733,0.4127483691390813,-0.8916115980082537,-0.5828839231223639,0.440660439456529,-0.7569769605386198,-0.047533986168728726,-0.26937551400059623,1.3664154678038525,0.8863693609090283
0.31010875914634217,1.142206531932559,-0.09900528745245338,-0.7415569278540592,-0.6439209162167846,0.36206941027214823,-0.35286631638522714,0.3839456722011769,-1.6297605606569814,0.1743500256261149,-0.6421834738166967,0.30985805319435167,1.477158932418893,0.03560568590174467,-0.403105743590996,-0.35867624489035876,-0.444249908979248,-0.5167110326499096,-0.19521543936588215,0.5002993116101648,0.30527646040513345,-1.9521936143308383,0.08626325313097949,1.1406528759263421,0.7748212760494178,1.6005500639311296,1.4255265651511277,1.6443648295766502,0.46599971861504697,-0.7144894637714961,-0.806031100066154,-3.4250578809433345,-5.231328754883677,-2.2596355079045147,1.1172323834000635,1.987383373180885,-0.696016465134327,0.012586867364385967
1.6847062931317278,-0.8754984077249564,-1.2182273498283447,0.3701173305013781,-0.6439209162167846,0.36206941027214823,-0.4405544517281822,-1.262431268450093,-1.6297605606569814,-0.2852115724793929,0.04131537133827101,0.30985805319435167,-0.7150738826235884,0.03560568590174467,-0.403105743590996,2.447861001903133,0.7945124291035353,-0.5167110326499096,-0.7723505870144483,-1.9988034698300843,0.30527646040513345,0.5122442736515016,-0.7424708758502816,0.06878824724308273,0.879672643423841,-0.8158903688238345,1.5337194058465575,0.5570441919893597,-1.1595381197155679,-0.5403274453135103,-0.7785821792572898,-0.4124479225633119,0.5723376386004296,-0.6085372867210463,0.9089275746630294,0.44369793314852085,1.2273594350290324,-0.9346231584786528
-0.5935752742640285,-0.8754984077249564,-0.46753093807054513,0.612775710310261,-0.6439209162167846,0.36206941027214823,0.222299971783309,1.332953664118373,-1.6297605606569814,-0.2852115724793929,-0.8507195367123606,0.030884766356201743,-0.5146234369509943,-0.14018927226254083,-0.403105743590996,-0.35867624489035876,0.7945124291035353,-0.15723179957949224,-0.9885710532241613,0.5002993116101648,0.30527646040513345,0.15094579651277878,-0.7424708758502816,-1.9178004873573378,0.6326263041558653,-0.13552709632247995,-0.5423735976260254,0.006794050779572902,-0.381387268134171,1.0062266373997288,-1.9853996808655505,-1.8129933567666592,-0.019266811596450106,-1.9655667264221741,-0.8243816765115177,-0.24266325449371043,0.268669357661409,0.8513158472860017
-0.5935752742640285,1.142206531932559,-0.1716401363262638,0.612775710310261,-0.6439209162167846,0.36206941027214823,0.35268865596589305,0.9993920650480472,-0.02232548713228734,-0.2852115724793929,0.3113376670612016,-1.593034932305078,0.6157689267313669,-0.5479686114982368,1.0810462954552018,-0.35867624489035876,-0.2594211306574872,-0.5167110326499096,1.0115610777177464,-1.9988034698300843,0.30527646040513345,0.5122442736515016,-0.7424708758502816,-0.45286021824130474,0.2769358771450367,1.1549631453174523,-0.008316941862371974,1.335563785613043,-0.362671014026702,-0.38368700232415603,-1.7483779811655664,-1.9022913245576598,-0.6108712617933298,-1.897100755831161,-0.2689813243501058,1.1491010414070724,-0.5802183511879487,0.7420774891374645
1.6847062931317278,1.142206531932559,0.40921601839418253,-1.6319184706157481,1.040605434592337,0.36206941027214823,-0.744130560514251,-0.14071438117020132,0.21904357401144448,0.6031724166004409,0.3059712441508261,0.30985805319435167,1.7006053303582276,1.874489801362059,0.7660614137399191,-0.35867624489035876,0.7945124291035353,0.05517089891292859,-0.9885710532241613,0.5002993116101648,0.30527646040513345,-1.9521936143308383,-0.7424708758502816,-2.646827796311038,-0.19509888245848667,1.3980990990980309,1.3964121895671968,1.932510755071148,-0.381387268134171,-0.4674242872027502,-0.5634062810389328,-0.8465706272469082,-0.6505606497614463,-0.7382899631519464,0.5754825108097859,2.0291199782910554,0.3800952702474556,-0.49199690033628696
1.6847062931317278,-0.8754984077249564,0.3522381758684947,-1.6319184706157481,0.27591199922741616,0.36206941027214823,-0.909082394739064,-0.35285346012580227,-0.6953498445767456,-0.2852115724793929,-0.003382516185966189,0.30985805319435167,0.07973578741429688,-0.6614420668435754,0.4832636939927793,-0.35867624489035876,-1.2586335510551052,-0.5167110326499096,-0.1511265651681324,0.5002993116101648,-3.2757193223247443,0.5122442736515016,0.4720650953748864,0.6918689624304349,1.338641118467522,1.6005500639311296,-0.5423735976260254,-0.34807112239192073,-0.381387268134171,-0.7144894637714961,-1.0776792443157222,-1.2151935484883791,-0.45937097666432536,-1.192529929816958,0.5011649628417186,0.34131862721183626,-1.206240525680768,-0.6997846106127574
-0.5935752742640285,0.8660604517009438,0.11060756625125845,0.612775710310261,-0.6439209162167846,-0.06548184787861411,-0.414977065055671,-1.0134589420235631,-0.02232548713228734,-0.2852115724793929,-0.2531388894619061,0.5702907996865607,-0.5279453561120597,-1.1635019296279825,3.962582939591831,-0.35867624489035876,0.7945124291035353,-0.5167110326499096,-0.7148300135661687,0.158268411240861,0.30527646040513345,0.5122442736515016,-0.45652276115285906,0.9939558986170437,0.6420765696033663,1.2441469347909668,-0.5423735976260254,-0.3280247438781809,1.0230864811853158,-0.7144894637714961,-2.1296237598031778,-3.4250578809433345,-2.896321203129021,-2.9130238006735127,0.05743248768018408,0.19578068325384068,0.08008747106154226,-0.7845091894669343
-0.5935752742640285,1.142206531932559,0.22103487785398448,0.612775710310261,1.2901477579691738,0.36206941027214823,-1.3196824111700556,-1.262431268450093,-0.7298862325905328,-0.2852115724793929,-0.8732078535242006,0.30985805319435167,0.4886283287306278,-1.1635019296279825,0.9392594695115664,-0.35867624489035876,0.7945124291035353,-0.5167110326499096,0.7722652068445465,0.5002993116101648,0.30527646040513345,0.5122442736515016,-0.7424708758502816,0.19702616503411963,0.7748212760494178,0.83636364675376,-0.5423735976260254,-0.22147540163432355,1.0230864811853158,-0.006777024408969101,-1.3327861948297548,-0.7569516148740609,0.8808237888964818,-1.0693787610602934,-0.6858528030202947,0.06987836786502233,0.08008747106154226,-1.4251727962148828
-0.5935752742640285,-0.8754984077249564,1.6437735213408313,0.612775710310261,-0.6439209162167846,0.36206941027214823,0.5631938127098951,0.5567243481984884,-0.02232548713228734,-0.2852115724793929,0.9368003849303245,1.7623644438645798,-0.7150738826235884,2.1500098987338903,-0.403105743590996,-0.35867624489035876,0.7945124291035353,1.9353176859251158,1.0115610777177464,0.5002993116101648,0.30527646040513345,0.5122442736515016,-0.24795857119179288,0.06878824724308273,-0.19509888245848667,0.06992478313834949,-0.5423735976260254,-0.40573946243643827,-0.04896912675509296,0.8584522479487479,-0.9983070140989067,-0.8444648717939608,0.1207572022815781,-0.9518330366719377,-0.6329481060059113,-0.3535500502451853,1.3664154678038525,0.6180143444383172
1.4744065657510013,-0.8754984077249564,0.9534117103088473,-1.4247190703934827,-0.6439209162167846,0.36206941027214823,-1.4260889132533936,-1.262431268450093,-1.6297605606569814,-0.2852115724793929,0.5410254439351379,0.13420905448754983,-0.7150738826235884,0.03560568590174467,0.9809377147217568,-0.35867624489035876,0.7945124291035353,-0.5167110326499096,-0.9885710532241613,0.26961639640137625,0.30527646040513345,0.5122442736515016,1.153996324600594,0.16772809841292613,-0.19509888245848667,-0.9234402523713091,-0.5423735976260254,-0.9999949952580068,0.893444714854873,0.661120518516267,-1.4749383272959653,-1.3494090767699296,-0.019266811596450106,-1.4615907185775097,-0.7708421888184996,-1.0750066842453474,0.08008747106154226,-1.4845471688407965
-0.5935752742640285,1.142206531932559,4.2553078233008295,0.612775710310261,-0.6439209162167846,0.36206941027214823,0.35268865596589305,-1.262431268450093,0.7813920496300597,0.8733910799271684,0.6949901623640521,0.30985805319435167,-0.7150738826235884,-1.1635019296279825,4.171268129332915,-0.35867624489035876,-1.2586335510551052,-0.5167110326499096,-0.9885710532241613,-1.9988034698300843,-3.2757193223247443,0.5122442736515016,1.3468541764076536,1.1406528759263421,0.7748212760494178,1.6005500639311296,3.847068541300878,2.1140833792367264,-1.7858610174536578,1.6002291469586085,-1.6115181274821857,-0.9886313907262549,0.9225016505085201,-1.3329070255303803,-0.9321978888880407,3.0500936711726037,-1.206240525680768,-0.49199690033628696
1.6847062931317278,0.43556944560714195,-0.061540321678996285,-1.6319184706157481,0.12547588077638627,0.36206941027214823,-0.5367001286437503,-0.6714042053946492,-0.02232548713228734,-0.2852115724793929,-0.6809083439451475,0.30985805319435167,1.0617986722567345,-1.1635019296279825,0.587675814874596,-0.35867624489035876,0.7945124291035353,-0.5167110326499096,-0.9885710532241613,-1.1235720753902032,0.30527646040513345,0.5122442736515016,-0.010751119261466546,0.44417479820061645,0.7748212760494178,0.9925441647306512,-0.5423735976260254,-0.4941271687350505,1.0230864811853158,-0.6016440010636913,-0.406980507465878,-0.790738206151373,-0.818061935081384,-0.6307222333505608,-0.19000835320794346,0.005475842345167126,0.08008747106154226,-0.6658015077350743
1.6847062931317278,-0.8754984077249564,1.0278894669433536,0.612775710310261,-0.6439209162167846,0.36206941027214823,-0.9070081696803993,-0.0874215515765544,0.21221440353451648,0.05289046834002331,-0.972986227309673,-1.593034932305078,-0.7150738826235884,0.03560568590174467,0.676722775866273,-0.35867624489035876,0.7945124291035353,-0.5167110326499096,0.42788491059065203,0.5002993116101648,0.30527646040513345,-0.20692504437896897,1.3468541764076536,-0.3774958725621642,0.4917803350138878,0.7325114838043248,0.23475649784610786,0.10267087793672702,1.0230864811853158,0.31234925614881803,-0.6444686241351103,-0.8997570075481838,-0.6108712617933298,-0.8072164249447105,-0.233722259613675,0.44991544307911496,0.08008747106154226,-0.5538047855707016
0.5873332728300502,1.142206531932559,0.22103487785398448,-1.6319184706157481,-0.6439209162167846,0.36206941027214823,0.8136882235635441,0.590074950013654,-0.4389188187883765,-0.2852115724793929,-0.972986227309673,-0.6764741995615248,1.360918744558607,-0.5859313762109464,3.436826500935246,1.1569880981177567,-0.26970091094146165,-0.5167110326499096,0.048163458676710125,0.5002993116101648,0.30527646040513345,0.5122442736515016,1.3468541764076536,-0.4867945742370362,0.272079638855693,0.2825784320038455,-0.5423735976260254,0.9320313797211263,0.3465978406759306,-0.23707459915204968,-1.0653833163006015,-1.1241579078011856,-0.30422314518894766,-1.1369763232448795,-0.6150694012253304,0.3889487675564087,0.032922937768797844,0.7759855893224206
-0.5935752742640285,-0.8754984077249564,0.526015899562957,-0.23569083369940913,-0.6439209162167846,0.36206941027214823,-0.7537330665006737,-1.262431268450093,-1.0221700509373934,0.43545365543476017,-0.027274663439288305,0.30985805319435167,-0.7150738826235884,0.03560568590174467,-0.403105743590996,-0.35867624489035876,-1.2586335510551052,-0.5167110326499096,1.0115610777177464,0.5002993116101648,0.30527646040513345,0.5122442736515016,0.047268065634748835,1.1406528759263421,-0.19509888245848667,-0.13552709632247995,-0.5423735976260254,-0.9999949952580068,-0.11595044418655093,-0.47090315776355335,-1.0776792443157222,-0.9886313907262549,-0.019266811596450106,-1.0693787610602934,0.4762864496481054,-0.7317326859582729,-1.206240525680768,-1.1093754847735804
-0.5935752742640285,1.142206531932559,-0.9167662322018567,-1.6319184706157481,-0.6439209162167846,0.36206941027214823,0.35268865596589305,-0.35285346012580227,-0.02232548713228734,-0.2852115724793929,-0.972986227309673,0.30985805319435167,0.6522102445907456,0.03560568590174467,2.6464768383582777,2.788029634651948,0.7945124291035353,-0.5167110326499096,-0.9885710532241613,0.5002993116101648,0.30527646040513345,0.5122442736515016,1.3468541764076536,0.06878824724308273,0.7748212760494178,0.7325114838043248,-0.5423735976260254,1.335563785613043,-0.381387268134171,0.1571284477130439,-1.8859278052469897,-0.9535306796516805,1.4747839766173796,-1.4492891906233378,-0.6638472595523514,0.7809978568940775,1.3664154678038525,0.004278233915967804
-0.5935752742640285,-0.3736464527188257,1.2326913797743704,0.612775710310261,-0.6439209162167846,0.36206941027214823,1.2420774405755364,1.2400681852587652,-0.22633112969860847,-0.2852115724793929,1.114112340069633,1.7394555899041095,0.31213365618340616,0.03560568590174467,-0.403105743590996,-0.35867624489035876,0.7945124291035353,1.9353176859251158,1.0115610777177464,0.5002993116101648,0.30527646040513345,0.5122442736515016,-0.7424708758502816,-1.808342386690458,0.046143688831282725,0.5166093219494176,0.5549869371057006,0.5570441919893597,-0.9089608699344016,-0.31377658604826614,-0.49038999556609786,-0.7598278442754697,-0.6108712617933298,-0.6550953454988669,0.6379635962578192,0.6869347006061222,1.3664154678038525,1.3696680235410625
1.6847062931317278,-0.20914624858873432,1.568278287435293,-1.6319184706157481,-0.6439209162167846,-1.7302021187418002,-1.4260889132533936,-1.262431268450093,-0.8334713132586853,-1.8371539651215105,-0.972986227309673,2.2127510386937814,0.6522102445907456,-0.36040263669300854,3.164135769191575,-0.35867624489035876,0.7945124291035353,-0.5167110326499096,0.3510123831018226,0.5002993116101648,-3.2757193223247443,-1.1383067692141848,1.3468541764076536,-0.2951043726626499,1.1041042639696417,0.44583954743130016,-0.1799675057851226,1.0784557209279007,-0.858199002146266,-0.6080772485351118,-0.9669292672884342,-2.721001372050433,-3.5798292180326516,-1.9563623013371825,0.5338963903739516,0.6561020850187219,0.08008747106154226,-1.4845471688407965
-0.5935752742640285,1.142206531932559,1.0278894669433536,0.612775710310261,0.5985355905353239,0.36206941027214823,-0.5367001286437503,-0.8672635119180054,-0.5822308617750664,-0.2852115724793929,-0.6106585177813543,0.30985805319435167,1.6047211659960026,0.03560568590174467,0.2593426452325875,1.4209374612227048,0.7945124291035353,1.9353176859251158,1.0115610777177464,0.5002993116101648,0.30527646040513345,0.5122442736515016,0.4391430537186396,0.06878824724308273,0.22628471941162892,-0.24932375200314383,1.7962073898034843,1.7758541058166577,0.22878894279303807,1.6110067270632513,-0.9897531141066152,-1.1209451385556168,-0.4314047782036975,-1.097895310503661,-0.8648976887727445,1.3730609846812658,2.0938958937445626,-0.7726643871389851
-0.5935752742640285,1.142206531932559,0.6185202146239351,0.612775710310261,-0.6439209162167846,0.36206941027214823,1.2420774405755364,1.2355584808003077,1.5851095863924067,0.5794742404094874,-0.13899803247281048,-1.1103049030956358,-0.7150738826235884,0.03560568590174467,0.7348731779863654,-0.35867624489035876,0.7945124291035353,0.10532494307756968,1.0115610777177464,0.5002993116101648,0.30527646040513345,0.5122442736515016,-0.7424708758502816,-0.20312470185901116,0.050952571835177846,-0.13552709632247995,0.5549869371057006,-0.02397885872103503,-0.9054791658563518,-0.30578885263611255,-0.49205266425489635,-0.5340442603020776,-0.1693463145954176,-0.53318815424125,0.6284099444605276,0.12057077861667168,0.4064059535890112,1.3672074817764364
0.3295891711203698,1.142206531932559,0.39499777844914097,-1.6319184706157481,-0.6439209162167846,0.36206941027214823,-0.8970823201275661,-1.262431268450093,-0.02232548713228734,0.18425664002623066,-0.29711871351174535,0.30985805319435167,0.6522102445907456,-1.1635019296279825,0.2147428694180578,-0.35867624489035876,-1.2586335510551052,-0.5167110326499096,0.20110336442152277,-0.9861618077092515,0.30527646040513345,-1.9521936143308383,-0.7424708758502816,-0.5687545971505311,-0.19509888245848667,-1.0035656764492848,-0.5423735976260254,0.5570441919893597,0.18770842591980597,-0.7144894637714961,-1.4853320359755484,-0.8074837167148056,1.051776354138327,-1.172150105750946,0.05743248768018408,-0.3535500502451853,-1.206240525680768,-1.1893637546052833
1.6847062931317278,1.142206531932559,-0.12472407830793708,-1.6319184706157481,0.29751284669783873,0.36206941027214823,-0.9178272139291132,-0.7426320866676672,-0.7111547763691858,-0.2852115724793929,-0.972986227309673,0.30985805319435167,1.4335762410847135,-1.1635019296279825,0.4682713482685334,-0.35867624489035876,-0.08531600658634031,-0.5167110326499096,-0.13146048196137006,-0.9278705151977509,0.30527646040513345,0.5122442736515016,-0.7424708758502816,0.06878824724308273,1.1904582273674866,1.6005500639311296,-0.07212500741802708,0.4457578909140393,1.0230864811853158,-0.7144894637714961,-0.406980507465878,-0.5535687703037326,-0.35735279647520807,-0.5018053237196861,0.05743248768018408,0.8889996035873646,-0.4711387739765389,-0.9173314642304788
-0.5935752742640285,-0.8754984077249564,0.8188930379250251,0.612775710310261,-0.0748646673475537,0.36206941027214823,-0.5367001286437503,-1.0268268405585157,0.7813920496300597,0.01489679931213761,-0.972986227309673,-0.18304096993973729,0.2980479160802899,0.6568061179083047,-0.403105743590996,-0.35867624489035876,0.26269395287626085,1.9353176859251158,1.0115610777177464,0.5002993116101648,0.30527646040513345,0.5122442736515016,-0.20128107426129271,0.5853709631378525,0.056135791424728354,-0.5852164603041434,-0.5423735976260254,-0.4231323261760618,-1.6039633110843856,-0.7144894637714961,-0.9039507400174154,-0.9097441223592673,-0.17250782819901467,-0.9407377815334027,1.666264133791257,-0.6474276142433503,1.0332228932051775,-0.8597238026371404
-0.5935752742640285,-0.8754984077249564,-0.21013990896943735,0.612775710310261,-0.6439209162167846,0.36206941027214823,0.5597429426105299,1.466302156522779,-1.4426509814518063,-0.5549402331617008,-0.39051599469553433,-0.13314522781351168,-0.7150738826235884,0.03560568590174467,-0.04812648311687506,0.373893079620609,0.7945124291035353,-0.5167110326499096,-0.522929998677965,0.5002993116101648,0.30527646040513345,0.5122442736515016,-0.25606525015543213,-2.0749410101234362,0.7748212760494178,0.06655675283136764,-0.5423735976260254,-0.4027187699857402,-0.21790290937643197,1.3313185139108104,-1.7714431136860418,-1.689586589453227,-0.1569953725261573,-1.7928680379762776,-0.8464383914981346,-0.3535500502451853,0.37955124929369244,1.112363907948637
-0.5935752742640285,0.7846497495591926,-1.3926743003247537,0.612775710310261,-0.6439209162167846,0.36206941027214823,0.5102969295313835,1.466302156522779,0.7813920496300597,1.0787066482748648,0.008792722073221793,-1.593034932305078,-0.7150738826235884,-0.951008491017982,-0.13289801545589763,2.788029634651948,-0.8947962743654103,-0.5167110326499096,-0.634128342099826,0.05743418708716064,0.30527646040513345,0.5122442736515016,-0.7424708758502816,0.9507081222415628,1.5728622245604345,1.4467252525894037,1.2634217233890004,-0.3594365848774763,0.774200182269988,-0.39227477686979334,-0.8611841630447075,-0.7920176497015381,-0.019266811596450106,-0.8556342219017601,-0.5864985205991899,0.891110045402921,0.30803720273540525,1.0847732443336664
-0.5935752742640285,-0.8754984077249564,1.8347440560327226,0.612775710310261,-0.6439209162167846,0.36206941027214823,1.0145821570270215,1.233642756050362,-0.6204614468805796,-0.2852115724793929,1.5289783572009146,2.2127510386937814,0.3024749032028621,0.6490411861477885,-0.403105743590996,-0.35867624489035876,0.7945124291035353,1.9353176859251158,1.0115610777177464,0.5002993116101648,0.30527646040513345,0.5122442736515016,-0.7424708758502816,-1.5266000554194799,-0.19509888245848667,0.5104773336843972,0.2742949041908559,0.3579079550991807,-0.9040001361913816,-0.30239565941589297,-0.5785374260549228,-0.7619792663131304,-0.4595457397324988,-0.6997785467301899,0.6736396318217578,0.49079372760847634,1.3664154678038525,1.2392208480914788
-0.5935752742640285,-0.8754984077249564,-1.1353194983393204,0.612775710310261,-0.6439209162167846,0.36206941027214823,-0.25302017237107466,-0.6429729189688559,0.23402871884569199,-0.2852115724793929,-0.972986227309673,0.30985805319435167,-0.7150738826235884,2.4338209169611993,-0.403105743590996,2.788029634651948,0.7945124291035353,1.9353176859251158,-0.9885710532241613,0.5002993116101648,0.30527646040513345,0.5122442736515016,-0.7424708758502816,0.7987703198869708,-1.5162066206184195,-0.7266955936300535,-0.5423735976260254,-0.7516779396595152,0.06658448357612468,0.36882172157140064,-1.4130286127406444,-1.0857718893707433,0.3836391442336147,-1.287725296345788,-0.4111552297103449,-0.8686646213732656,2.6527434645461625,-0.49199690033628696
1.6847062931317278,0.6629885516051164,1.259844497130467,0.612775710310261,1.0312061916452078,0.36206941027214823,-1.0036177295739237,-1.046400652829052,0.16856262894001367,-2.6024168772925154,-0.972986227309673,-1.1410855340719155,-0.7150738826235884,-1.1635019296279825,-0.403105743590996,-0.35867624489035876,-1.2586335510551052,-0.5167110326499096,-0.9885710532241613,0.5002993116101648,0.30527646040513345,0.5122442736515016,-0.7424708758502816,-1.0030763814401766,-1.3953813552490366,-0.13552709632247995,1.1310870151579262,0.7419476335029684,0.6895148769615395,-0.023744856444186335,-1.1573268894604838,-0.9010782262947286,0.29131786786606423,-1.0611058262574744,-0.7837825365016228,0.6911770335817764,-1.206240525680768,-1.130941501061447
0.7728858534515872,1.142206531932559,0.5439565556264007,0.612775710310261,-0.6439209162167846,0.36206941027214823,-1.070135160988988,-0.35285346012580227,-0.02232548713228734,0.17848773275596214,0.028357276566508105,-1.593034932305078,-0.7150738826235884,-0.6835916108757993,1.121685547383641,-0.35867624489035876,-0.02720359456412469,-0.5167110326499096,0.21106241014588845,0.5002993116101648,-3.2757193223247443,0.5122442736515016,0.5106584598429882,1.1406528759263421,0.5812696209273662,1.253141152268255,2.968690925833031,2.1140833792367264,-1.5048097439959258,0.44505249293280136,-1.6141634868117376,-1.29318470200339,0.33556399410667065,-1.499757299674614,-0.10515937734878089,2.596021625675426,-0.4347304409769417,-0.7896513646976518
0.49479375609886944,-0.8754984077249564,1.8347440560327226,-0.45954812539028944,0.5034907159870774,-1.2695340092059437,-1.4260889132533936,-1.262431268450093,-0.7902211578781873,-0.2852115724793929,-0.972986227309673,2.2127510386937814,1.3663223841706167,0.03560568590174467,1.9180613331752077,-0.35867624489035876,0.7945124291035353,-0.5167110326499096,-0.9885710532241613,-0.8049448572958822,0.30527646040513345,0.5122442736515016,1.3468541764076536,0.6286071817965431,-0.19509888245848667,0.31783652821922054,-0.5423735976260254,-0.9999949952580068,-0.014619405424579068,-0.23834802287653967,-1.2378806312595871,-0.9886313907262549,0.2633514437736094,-1.1484617855425192,-0.4308427286367621,-0.5342135267976599,0.08008747106154226,-1.4845471688407965
-0.5935752742640285,-0.8754984077249564,-0.5858197112353846,0.612775710310261,-0.6439209162167846,0.36206941027214823,0.27896604411035375,0.4813282414835435,-0.02232548713228734,-0.2852115724793929,-0.13899803247281048,0.30985805319435167,-0.7150738826235884,1.1353176863276462,-0.403105743590996,-0.35867624489035876,0.6243244451787884,1.9353176859251158,-0.9885710532241613,0.5002993116101648,0.30527646040513345,0.5122442736515016,1.3468541764076536,0.15763652299099445,-0.11470091858273884,-0.06357423113494653,-0.5423735976260254,0.42797915583007945,0.3790589492079288,-0.7144894637714961,-1.385231060362871,-1.29318470200339,-0.06830568639293963,-1.3867453649403971,2.089184065033243,-0.006715473047831842,1.2597900400227178,0.4182795645647902
1.6847062931317278,-0.8754984077249564,-1.0121375683417444,-1.6319184706157481,1.5529857391110689,0.36206941027214823,-0.9561624532488189,-0.8334471970393574,-1.6297605606569814,-0.2852115724793929,-0.5323317836432795,0.30985805319435167,0.007358197520398013,-0.5979669503641045,-0.403105743590996,-0.35867624489035876,-1.2586335510551052,-0.5167110326499096,-0.0452489789184749,0.5002993116101648,-3.2757193223247443,-0.7898910721511654,-0.7424708758502816,-1.6302354843716027,0.26234444424998793,1.1419044140588726,-0.5423735976260254,-0.2656487922410393,-1.1234692334208543,-0.7144894637714961,-1.4320564172589594,-0.8449949494700865,0.8849237537109237,-1.1662405045725905,0.5572657839477813,0.18153664158141047,-1.206240525680768,-0.9882720345885417
1.6847062931317278,1.142206531932559,1.0278894669433536,0.612775710310261,1.5529857391110689,0.36206941027214823,-1.4260889132533936,0.5567243481984884,-1.6297605606569814,0.8733910799271684,-0.972986227309673,0.30985805319435167,-0.7150738826235884,-1.1635019296279825,0.26221533238285627,-0.35867624489035876,-1.2586335510551052,-0.5167110326499096,-0.9885710532241613,0.5002993116101648,-3.2757193223247443,0.5122442736515016,1.3468541764076536,0.06878824724308273,-0.19509888245848667,-0.13552709632247995,0.5549869371057006,0.5570441919893597,-0.381387268134171,-0.22241111699364424,-0.8886548214412218,-0.778187335205902,0.05606119908283991,-0.8616773761396801,-0.3471925975508564,0.4028152211809899,-1.206240525680768,-0.49199690033628696
1.6847062931317278,-0.47621326197366254,-0.10681252955202125,0.612775710310261,-0.2091734083757899,0.36206941027214823,0.000685026978687997,-0.5328504956837135,0.6223437827097754,-2.6024168772925154,-0.972986227309673,-0.06670686872789067,-0.7150738826235884,-1.1635019296279825,-0.403105743590996,-0.35867624489035876,-1.2586335510551052,-0.5167110326499096,-0.9885710532241613,0.5002993116101648,0.30527646040513345,0.5122442736515016,-0.7424708758502816,-1.0030763814401766,-1.9430009709230571,-0.13552709632247995,-0.10805859701305365,1.1815019585834503,-0.10345490315909944,-0.29662981732140276,-1.3466660743846262,-1.4169331628404436,-0.3767251639361566,-1.4349731362089768,-0.6840548756739683,0.47765406696730184,-1.206240525680768,-0.2903465431036434
1.6343577941028102,1.142206531932559,-0.6036506580668072,-1.6319184706157481,-0.6439209162167846,0.36206941027214823,-0.5367001286437503,-1.262431268450093,-0.04008710720519992,0.8733910799271684,1.5289783572009146,0.30985805319435167,0.6219941797564082,0.03560568590174467,-0.403105743590996,-0.35867624489035876,-1.2586335510551052,-0.5167110326499096,1.0115610777177464,0.5002993116101648,0.30527646040513345,0.5122442736515016,-0.6962981894404334,1.1406528759263421,-1.1221498672368386,-1.8524211844597949,-0.5423735976260254,-0.9999949952580068,-1.0370672468757007,-0.6860065473791775,-1.0702682475398537,-1.2797238529875958,-0.5977971990819815,-1.2239478984893768,1.0755952830450362,-1.4797403740464417,-1.206240525680768,-0.9882720345885417
1.6847062931317278,-0.8754984077249564,0.5792742499577722,-1.6319184706157481,-0.6439209162167846,0.36206941027214823,-0.9315842676982276,-0.7567014239843083,-1.6297605606569814,-0.2852115724793929,0.6949901623640521,0.30985805319435167,-0.7150738826235884,-0.6311041902074788,0.2738939067234115,-0.35867624489035876,0.7945124291035353,0.8466292897741245,-0.9885710532241613,0.5002993116101648,0.30527646040513345,0.5122442736515016,0.1851789199900602,0.6647503815337379,-1.2736598728813049,-0.5209318521626265,-0.5423735976260254,-0.5671341785212616,1.0230864811853158,0.3771706484021874,-1.0401167356409142,-0.9545183507926489,-0.019266811596450106,-1.0322934792183256,-0.8100492316281575,-0.6893724197041411,0.7952923185972888,-0.932684218446239
-0.5935752742640285,-0.8754984077249564,-0.3254587180169422,0.612775710310261,-0.6439209162167846,0.36206941027214823,0.35268865596589305,0.26321597037288275,-0.02232548713228734,-0.2852115724793929,-0.13899803247281048,0.30985805319435167,-0.7150738826235884,0.8477775958200386,-0.403105743590996,-0.35867624489035876,0.7945124291035353,1.9353176859251158,-0.9885710532241613,0.5002993116101648,0.30527646040513345,0.5122442736515016,1.3468541764076536,0.06878824724308273,-0.19509888245848667,-0.41563133062920055,-0.18827029003508683,0.5570441919893597,-0.13235495507300926,-0.7144894637714961,-1.4130286127406444,-1.1949094939493925,0.17163589172652666,-1.3470486347705348,1.8350492784731351,0.0246325854679023,1.3664154678038525,0.3404121375043896
-0.5935752742640285,-0.7879284328792278,0.22103487785398448,0.612775710310261,1.4576382694368712,0.36206941027214823,0.31408848605722467,0.4777715694946695,-0.02232548713228734,-0.2852115724793929,1.4565868753662166,0.30985805319435167,-0.7150738826235884,-0.01643652387104968,-0.403105743590996,-0.35867624489035876,0.7945124291035353,-0.5167110326499096,0.9247537765350241,0.5002993116101648,0.30527646040513345,0.5122442736515016,1.2561758325751635,1.1406528759263421,-0.15300358784255574,-0.06017998770140588,0.507360630337842,0.5232558318131167,-1.6639504957692832,8.069787482847122,-0.7423298758908001,-0.7105137839800798,-0.07061900467890894,-0.752659476322419,-0.9647955142144751,0.4028152211809899,0.08008747106154226,0.4359371794943615
1.6847062931317278,-0.723450882880966,1.0886913417709372,0.612775710310261,-0.47836934686165966,0.36206941027214823,-1.4260889132533936,-0.4213962146636411,-0.02232548713228734,-0.45982844743832674,-0.972986227309673,-1.593034932305078,-0.7150738826235884,-0.05475507070810015,1.0067823535917284,-0.35867624489035876,0.639794185473969,-0.5167110326499096,0.860837781217182,0.5002993116101648,0.30527646040513345,0.5122442736515016,1.1894095983890847,-1.0030763814401766,0.6286413698611026,0.6670989871685307,0.6376803725471374,0.5570441919893597,1.0230864811853158,0.6869145757702484,-0.7676006875069226,-0.9656812674190336,-0.5217085794098554,-0.9038343621061199,-0.7930695285880804,0.7809978568940775,-0.016845923013111275,-1.0256696759986295
1.6847062931317278,-0.8754984077249564,-0.6510815675480094,-1.6319184706157481,1.5529857391110689,0.36206941027214823,-1.3541513375710603,-0.42642401055051704,-1.6297605606569814,-0.2852115724793929,-0.9055296887042513,0.30985805319435167,-0.6044820839830145,-0.0613832758842896,-0.403105743590996,-0.35867624489035876,-1.2586335510551052,-0.5167110326499096,0.8497818209583395,0.5002993116101648,-3.2757193223247443,0.3129099778418787,-0.7424708758502816,-0.19130276418436987,0.6963699777916967,1.530339384267045,-0.5423735976260254,0.43110419104575903,-0.4949871227577771,-0.7144894637714961,-1.1319282319093285,-0.7087116561912868,0.6201891413925662,-0.9440041830032175,1.0315112268870097,0.6892307609430242,-1.206240525680768,-0.9882720345885417
-0.5935752742640285,-0.3650388960882799,-0.17756715516216537,0.612775710310261,-0.6439209162167846,-1.971567476957206,0.12768203793975239,-1.032317025922845,0.7813920496300597,-0.2852115724793929,-0.7619954137968512,0.30985805319435167,-0.7150738826235884,0.03560568590174467,3.399753719628504,-0.35867624489035876,0.7945124291035353,1.9353176859251158,-0.48255728941648923,0.5002993116101648,0.30527646040513345,0.5122442736515016,-0.7424708758502816,-1.5325985851788295,0.05028138137857946,0.08407812988494273,0.5549869371057006,0.17244020391321918,0.4985086314139805,0.4986329923220735,-1.4978687057935514,-1.29318470200339,0.13040329764204114,-1.4423486642697347,-0.7049588914774757,0.31166205108690637,1.3664154678038525,-0.49199690033628696
-0.5935752742640285,-0.8754984077249564,-0.831578644342363,0.612775710310261,-0.6439209162167846,0.36206941027214823,0.005095733407839864,0.20124110604342316,0.22247793472964772,0.06768590818278075,0.36904902274253826,-0.2697419841071582,-0.2986143459212667,0.03560568590174467,0.5257631900384632,-0.35867624489035876,-1.2586335510551052,1.9353176859251158,-0.9885710532241613,0.5002993116101648,0.30527646040513345,0.5122442736515016,1.3468541764076536,0.8141748324939979,0.7748212760494178,0.7325114838043248,-0.20812978480500044,-0.5257381779353932,1.0230864811853158,-0.4200604349656975,-1.1798229318111644,-1.1076575999312817,-0.07028285664159917,-1.1845001774610302,0.5638553663103318,-0.007979377427933643,0.08008747106154226,0.11264264275168112
-0.5935752742640285,1.142206531932559,0.9670247564480952,0.612775710310261,-0.6439209162167846,0.36206941027214823,-0.4696094884900015,-0.35285346012580227,0.7813920496300597,-0.19781290613809854,-0.20190955422854345,0.30985805319435167,-0.7150738826235884,-0.05484845398763347,1.3517294282658336,-0.35867624489035876,0.7945124291035353,1.9353176859251158,1.0115610777177464,0.5002993116101648,0.30527646040513345,0.5122442736515016,-0.7424708758502816,0.1496438700493481,0.8479867639196987,0.7979915809526368,0.5549869371057006,1.335563785613043,1.0230864811853158,1.5441309146726134,-1.697784125717618,-1.2702108609025098,0.527710224843536,-1.5285486576477456,-0.8532371033373326,1.1877085284493971,1.3664154678038525,-0.4545606103520537
-0.5935752742640285,1.142206531932559,0.08692319384053224,0.612775710310261,-0.6439209162167846,0.36206941027214823,0.5005187969350304,-0.20166759186010863,0.9149823071360541,0.6808134396462058,-0.8343645192976457,0.30985805319435167,-0.7150738826235884,-0.9641917394070345,3.410936600330465,-0.35867624489035876,0.7945124291035353,1.9353176859251158,1.0115610777177464,0.5002993116101648,0.30527646040513345,0.5122442736515016,-0.7424708758502816,0.7843319915166642,1.5835257364934399,1.3119872489117865,0.5549869371057006,1.2061618151090663,0.7896412703369695,-0.17804656346630843,-1.0219390042024785,-0.9886313907262549,-0.11760060080536058,-1.0418627272879677,-0.6757909424064721,1.348783757913361,1.3664154678038525,0.1692554054870898
-0.5935752742640285,1.142206531932559,-0.1288319673573687,-1.6319184706157481,-0.6439209162167846,0.36206941027214823,0.35268865596589305,-0.35285346012580227,-0.02232548713228734,-0.2852115724793929,-0.972986227309673,0.30985805319435167,0.6522102445907456,0.03560568590174467,2.6464768383582777,2.788029634651948,0.7945124291035353,-0.5167110326499096,-0.9885710532241613,0.5002993116101648,0.30527646040513345,0.5122442736515016,1.3468541764076536,0.06878824724308273,0.7748212760494178,0.7325114838043248,-0.5423735976260254,1.335563785613043,-0.381387268134171,-0.00020101157188635865,-1.5584422066657473,-1.3996482193026651,0.030454899705559257,-1.5301204246851619,-0.6047073661576274,0.7809978568940775,1.3664154678038525,0.004278233915967804
1.6847062931317278,-0.28129651648780096,1.2655032594097881,-0.04827313847814074,-0.6439209162167846,-1.8419108845888008,-1.4260889132533936,-0.620718618856781,-1.156380661566565,0.055989895446447446,-0.4817772770796748,0.30985805319435167,0.6522102445907456,-0.3175242484808223,2.197435032972767,-0.35867624489035876,0.18987336596910753,-0.5167110326499096,-0.9885710532241613,0.5002993116101648,0.30527646040513345,-1.9521936143308383,-0.7424708758502816,0.06878824724308273,-0.19509888245848667,-0.3911592037929174,-0.5423735976260254,-0.5414563796218718,1.0230864811853158,-0.48716505174510694,-1.8471363402431318,-0.9886313907262549,1.3381660183035593,-1.4492193823938162,-0.19179925950958793,-0.6203601889409874,-0.29872833762915796,-1.1344220575927562
-0.5935752742640285,1.142206531932559,-0.5824562370476398,0.612775710310261,-0.6439209162167846,0.36206941027214823,1.2420774405755364,0.5605160369629993,1.5851095863924067,-0.27555201258367434,-0.14247461648701754,0.30985805319435167,-0.7150738826235884,0.0306070559531757,-0.403105743590996,-0.35867624489035876,0.7945124291035353,1.925096097780164,1.0115610777177464,0.48988148935128395,0.30527646040513345,0.5122442736515016,-0.7424708758502816,-0.9986081797839133,0.7667348092648723,-0.14276415092365236,0.5504124525788349,0.5537988357712559,-0.3755325437921644,0.8938975863575738,-0.7409319301396993,-0.9886313907262549,-0.613337438877156,-0.9031442695908917,-0.8098486442065679,0.3965092148662219,1.3610532487962128,0.9988972873374238
-0.5935752742640285,-0.8754984077249564,-0.023502531660300696,0.612775710310261,-0.6439209162167846,0.36206941027214823,-1.1565374570424765,-0.9867610250046948,-1.14258726554594,0.5222476457730139,-0.7202253017492529,0.30985805319435167,-0.7150738826235884,0.03560568590174467,-0.403105743590996,-0.35867624489035876,-1.2586335510551052,0.22643743425253793,0.4053711438675388,0.5002993116101648,0.30527646040513345,0.5122442736515016,-0.10924880235487588,1.1406528759263421,0.09885961539785626,0.1275536478575049,-0.5423735976260254,-0.9999949952580068,0.04427353498157105,-0.7144894637714961,-1.0776792443157222,-1.080933868528063,-0.19856729729058792,-1.1195511205253879,1.1172323834000635,-0.6171150047662536,-0.8163867399272813,-1.1837300516614366
0.2817446763269408,1.142206531932559,0.531029888638848,-0.7695028554176974,1.5529857391110689,0.36206941027214823,-0.8784049284989138,-0.5635083489699138,-1.6297605606569814,0.15992568841602978,-0.972986227309673,0.30985805319435167,0.12689717889926022,-1.1635019296279825,0.5358579409201004,-0.35867624489035876,-1.2586335510551052,0.9932437616541491,0.24310665000944376,0.5002993116101648,-3.2757193223247443,0.5122442736515016,1.3468541764076536,-0.5912640281094608,-0.19509888245848667,-0.6700636642567487,0.5549869371057006,0.07763325200050164,0.4834850945727295,0.07918739261565039,-0.9488374028150024,-0.7546115108356932,0.20802870162128761,-0.8785713773019963,-0.522676698887634,-0.062953127771608,-0.4141221010412166,-0.7976022191408572
1.6847062931317278,-0.3450452032719422,-0.3736982092764687,0.612775710310261,-0.6439209162167846,0.36206941027214823,0.11886897226088278,-1.0233039046607835,-0.02232548713228734,-0.2852115724793929,-0.972986227309673,0.30985805319435167,-0.7150738826235884,-1.1635019296279825,-0.0022391894570523707,-0.35867624489035876,-1.2586335510551052,-0.5167110326499096,1.0115610777177464,0.5002993116101648,0.30527646040513345,-0.1356547075927761,-0.19318879434717373,-1.5666612900655033,-1.8799478744139404,-0.5919405563552096,-0.25387828760932774,0.5570441919893597,-1.047390702737455,-0.7144894637714961,-1.1658423565706235,-2.0781391166881047,-1.9801376738746512,-1.7051180984254972,0.05743248768018408,-0.074791362523495,-1.206240525680768,-0.49199690033628696
-0.5935752742640285,1.142206531932559,0.9595120436136724,0.42254762419616054,-0.6439209162167846,0.36206941027214823,-0.6120719667076079,-0.2757706899561889,0.7132804778650503,-0.2852115724793929,-0.20967491108445402,0.14859613440496267,-0.483331095651268,0.03560568590174467,1.121685547383641,-0.35867624489035876,0.7945124291035353,1.727518897923218,1.0115610777177464,0.5002993116101648,0.30527646040513345,0.5122442736515016,-0.7424708758502816,0.15962412084244448,0.6104282313271037,0.7325114838043248,0.4619903961635191,1.335563785613043,1.0230864811853158,1.7703864274046939,-1.663119772171508,-1.29318470200339,0.42192991279016656,-1.5239244507057235,-0.8725654401182162,1.1271311561743471,1.2574047548904659,-0.49199690033628696
1.6847062931317278,-0.8754984077249564,-0.5191774070327395,-1.6319184706157481,1.462258783096348,0.36206941027214823,-1.3893592975705538,-0.35285346012580227,-1.5633773618722198,-0.2852115724793929,-0.904102817915596,0.30985805319435167,-0.6586083397801721,-0.013914571878551163,-0.340135534068261,-0.35867624489035876,-1.2586335510551052,-0.5167110326499096,0.9289604358436311,0.5002993116101648,-3.2757193223247443,0.5122442736515016,-0.6561867810495532,0.11305367599238414,0.8148766436023944,1.6005500639311296,-0.5423735976260254,0.49274222198439965,-0.381387268134171,-0.7144894637714961,-1.0776792443157222,-0.7218100351642636,0.49904211992062186,-0.9243441175378873,1.0734651990774169,0.7497617920638655,-1.206240525680768,-0.9677770662805757
-0.5935752742640285,1.142206531932559,0.22103487785398448,0.48288895572783763,-0.6439209162167846,0.36206941027214823,-0.5881636303432544,-1.1571678338429803,-0.02232548713228734,-0.2852115724793929,-0.18725584010998564,0.1997492480375541,-0.5568411047378556,-1.094116889162482,-0.31487537622819695,-0.35867624489035876,0.7945124291035353,-0.5167110326499096,-0.8728356120974333,0.5002993116101648,0.30527646040513345,0.5122442736515016,-0.7424708758502816,1.1406528759263421,0.6625745542793363,1.5503219682809266,-0.5423735976260254,-0.13137904529869812,1.0230864811853158,2.811227494448323,-0.7423298758908001,-1.29318470200339,-1.2024757119902096,-1.0693787610602934,-0.9531150237118349,0.4246983425476323,0.08008747106154226,-0.9595556209604768
-0.5935752742640285,1.142206531932559,0.5393566015567459,0.612775710310261,0.6862581740769532,0.36206941027214823,-1.0752056502872986,-0.9035829955359529,-0.19187484754188056,-0.2852115724793929,-0.6439597046646865,0.30985805319435167,0.11278685151379952,-0.6904278364244887,1.121685547383641,-0.35867624489035876,0.7945124291035353,0.4506677476410974,1.0115610777177464,0.5002993116101648,0.30527646040513345,0.5122442736515016,-0.7424708758502816,0.06878824724308273,0.7748212760494178,0.7325114838043248,-0.10944094574208568,0.39281049902184817,1.0230864811853158,0.4340098889239055,-1.545331248733745,-0.9243839197233539,0.9305412370410626,-1.2653113831350005,-0.736207893013093,0.4722364663995738,0.587571905936311,-1.0929644517014152
-0.5935752742640285,0.9268042903553216,-1.3926743003247537,-1.6319184706157481,-0.6439209162167846,0.36206941027214823,0.16279336050104673,-0.44995640860508745,-0.02232548713228734,-0.2852115724793929,-0.7058863311564132,0.30985805319435167,0.506244370152764,0.03560568590174467,2.6464768383582777,2.788029634651948,0.7945124291035353,-0.5167110326499096,-0.9885710532241613,0.23350493029417757,0.30527646040513345,0.5122442736515016,1.3468541764076536,-0.04563980373096954,0.6712764156552045,0.7325114838043248,-0.42522370402476795,1.335563785613043,-0.23145117594660114,0.18335785221283518,-1.9763256117291041,-0.7816168195882012,1.9682068070319843,-1.4004675589686404,-0.6564664597211337,0.8213711472880705,1.3664154678038525,-0.15466290894775295
-0.5935752742640285,1.142206531932559,-0.5858197112353846,-0.1406784839087295,-0.6439209162167846,0.36206941027214823,1.2420774405755364,0.8556842643627567,1.5851095863924067,1.6430970909530098,-0.41311316427198563,0.30985805319435167,-0.7150738826235884,-1.1635019296279825,-0.403105743590996,-0.35867624489035876,0.7945124291035353,-0.5167110326499096,-0.3172065725497124,0.5002993116101648,-2.0737220458559813,0.5122442736515016,1.3468541764076536,-0.6432942307227809,-0.19509888245848667,-0.7121997903976576,0.9233270452993818,-0.21604118353371382,0.551660731483103,1.5387642233902499,-0.6297664851556701,-0.7863044636465328,-0.41642278777096303,-0.7382899631519464,-0.9286123606443286,-0.09702864591556637,0.08008747106154226,1.1599441492322653
-0.5935752742640285,-0.8754984077249564,-0.5858197112353846,0.612775710310261,1.5529857391110689,0.36206941027214823,-1.1242661062566774,-0.507190535227807,-0.02232548713228734,0.6767994932136757,1.2459562837010045,-1.593034932305078,-0.7150738826235884,0.03560568590174467,-0.403105743590996,2.788029634651948,-0.9102559384582205,-0.5167110326499096,0.6721788499610908,0.5002993116101648,0.30527646040513345,0.09407868966206767,-0.7424708758502816,-0.11308563994094877,0.6102453167674249,-0.13552709632247995,-0.35617356755395974,-0.7357967356042442,-1.6667055320494701,-0.07006008996809053,-1.1345812929215016,-0.5862310745263071,0.862791930036523,-0.878737751676913,-0.5784474497517436,-0.5392227061099678,0.2983514819269528,-0.9040641175028603
1.6847062931317278,-0.8754984077249564,-1.1077322802927343,-1.6319184706157481,1.5529857391110689,0.36206941027214823,-1.1119998068550356,-1.262431268450093,-0.02232548713228734,0.46422865505482924,-0.6784619299540915,0.30985805319435167,0.16935161500065443,-1.1635019296279825,0.5832030048626862,-0.35867624489035876,0.7945124291035353,-0.5167110326499096,-0.9885710532241613,0.5002993116101648,0.30527646040513345,0.5122442736515016,1.3468541764076536,0.4473189969319208,0.7748212760494178,-0.13552709632247995,-0.5423735976260254,-0.49641087159552666,-0.3396358344457442,-0.18385073454182607,-1.2746612656750866,-1.1856312011666545,-0.054440603892876416,-1.27370057938665,-0.7405047529654807,-0.4871058676357024,0.08008747106154226,-1.3092867921165388
0.8001215906850644,1.142206531932559,1.0278894669433536,0.612775710310261,1.5529857391110689,0.36206941027214823,-1.4260889132533936,-0.14959626330375575,-1.005644342290907,0.4235423003908932,-0.972986227309673,0.30985805319435167,-0.7150738826235884,-1.1635019296279825,0.7809507573461105,-0.35867624489035876,-1.2586335510551052,-0.5167110326499096,-0.9885710532241613,0.5002993116101648,-3.2757193223247443,0.5122442736515016,1.3468541764076536,-0.7635540472264243,-0.19509888245848667,0.5385367771709154,0.5549869371057006,1.1615932810307987,-0.108730891631934,-0.7144894637714961,-0.48191876119006255,-0.49777319018032273,-0.11676627291704833,-0.5084699079372612,0.05743248768018408,0.9901606644663941,-1.206240525680768,-0.8773727891172466
1.6847062931317278,1.142206531932559,2.4565104418370645,0.09785465949135885,1.0490268955746243,-2.0452788867041973,-0.7407212427221137,-0.5615058301652184,0.5970234696658525,0.607613719105285,-0.7816737174341409,2.2127510386937814,-0.0877782932860961,-0.23946330063556565,2.296697727912029,-0.35867624489035876,0.7945124291035353,1.3728351815663642,-0.9885710532241613,0.5002993116101648,0.30527646040513345,-1.3868645117114862,-0.7424708758502816,0.8947727619994156,1.5222468464422971,0.7325114838043248,2.4979792657577207,1.7569067708254753,0.48193905581278285,0.7989910676131129,-0.8192572589829505,-0.7539410088431387,-0.019266811596450106,-0.8142399937538891,-0.8176303411671557,2.033469071098134,1.071338584097993,-0.7196827167792584
1.0788248206142264,1.142206531932559,0.006461642683684016,0.015826397655496094,-0.6439209162167846,0.36206941027214823,0.589210863831448,0.31483311325920627,0.9951310236140077,0.8733910799271684,0.08279105750677618,0.30985805319435167,-0.7150738826235884,-1.1635019296279825,-0.403105743590996,-0.35867624489035876,0.7945124291035353,-0.5167110326499096,1.0115610777177464,0.5002993116101648,0.30527646040513345,0.5122442736515016,-0.18684010687700614,0.06878824724308273,-1.6190620908051399,0.5016671050164981,3.2634089742124726,1.9070454939644415,-0.381387268134171,0.6600583890629558,-1.1454822672096687,-0.5415093194560434,0.9688962395693509,-0.8598098281587949,-0.8903056213464775,2.2696186138633347,0.08008747106154226,0.5005533681682226
-0.5935752742640285,1.142206531932559,-0.06971121586823179,0.612775710310261,-0.6439209162167846,0.36206941027214823,1.2420774405755364,1.1385402545855632,1.5851095863924067,1.1970001661606924,-0.672462671841114,0.30985805319435167,-0.7150738826235884,-0.7314093817485607,-0.403105743590996,-0.35867624489035876,0.7945124291035353,0.3668654893910599,1.0115610777177464,-1.098264040124247,0.30527646040513345,0.5122442736515016,-0.7424708758502816,-0.31745291442694584,-0.4660070972483118,-1.2460173669808108,-0.14694511126361753,0.05906031544916934,0.5169912542734852,0.4843715609898718,-0.5278220075579831,-0.9886313907262549,-0.9892939500601546,-0.797943075353787,-0.8360884478334121,-0.5648102901873131,0.543609455512852,1.314273326172596
1.0924673121438064,1.142206531932559,0.011293138076870518,0.612775710310261,-0.6439209162167846,0.36206941027214823,0.35268865596589305,1.2298575299935988,0.5724657861751218,0.015967028116277704,0.261399928624219,-0.18479871741256354,-0.7150738826235884,0.03560568590174467,1.121685547383641,-0.35867624489035876,0.7945124291035353,-0.5167110326499096,0.4916270045889932,-1.349162044535985,0.30527646040513345,0.5122442736515016,1.3468541764076536,0.8620218127017936,1.0269518882331323,0.9581579936604967,1.9376061923426189,1.335563785613043,1.0230864811853158,0.23933062915640768,-0.9033311996550779,-0.6049094879508172,0.41855014290777925,-0.7747346306928335,-0.2770877200213318,1.733980176895214,0.08008747106154226,0.8678218493336229
0.4390349926569407,1.142206531932559,-0.1446645793726096,-1.6319184706157481,-0.6439209162167846,0.36206941027214823,-0.050418669930646476,-0.35285346012580227,0.341952129841061,0.23991447483548678,-0.972986227309673,0.30985805319435167,0.6522102445907456,-0.5078788651998493,1.2642814464411358,1.3618139970869314,0.7945124291035353,-0.5167110326499096,-0.08202947242649661,0.5002993116101648,0.30527646040513345,0.5122442736515016,1.3468541764076536,0.5546010792333538,0.7748212760494178,0.33908094266755573,-0.04500497958767902,1.335563785613043,-0.06310483238895725,0.0759807675839239,-1.4130286127406444,-1.3216660118649783,-0.07459265780345226,-1.4159489907832952,-0.7019646331759339,0.7809978568940775,0.783399077260734,-0.22065392819261598
-0.5935752742640285,-0.8754984077249564,1.8086697825791134,0.612775710310261,1.5529857391110689,-2.660947282286524,-1.397347468772477,-1.233037396465862,-0.02232548713228734,-0.2852115724793929,-0.9460351055792993,2.2127510386937814,1.9311241977889604,0.03560568590174467,2.5479266767351634,-0.35867624489035876,0.7281630639877532,-0.5167110326499096,-0.9239348810678016,-1.9988034698300843,0.30527646040513345,0.5122442736515016,1.3468541764076536,1.1060145509896502,-0.19509888245848667,0.7044599914876566,-0.5423735976260254,-0.9999949952580068,0.27546270150777635,-0.4026874509385201,-1.0776792443157222,-0.9886313907262549,-0.019266811596450106,-1.0693787610602934,-0.2501695554049807,-0.3657713818114082,0.03851855840784314,-1.4524719628899343
1.6847062931317278,-0.31101819737426384,1.253617936562354,-0.01520780626732332,-0.6439209162167846,0.36206941027214823,-1.4260889132533936,-1.262431268450093,-0.02232548713228734,0.038923168973109656,-0.5063473026595555,0.30985805319435167,1.6369781690791665,-0.29986086609184354,2.219895879094549,-0.35867624489035876,-1.2586335510551052,-0.5167110326499096,0.45199709796414134,0.5002993116101648,0.30527646040513345,-1.9521936143308383,0.7623372721720328,-0.7032077737094082,0.5034730108313867,0.24682044873587117,0.24798550528036323,-0.003674029722419536,1.0230864811853158,-0.36638329972238814,-1.6006656436155386,-0.9886313907262549,0.9033563102880995,-1.3275497233016564,-0.3242207923178174,0.19121182014601154,-1.206240525680768,-1.4845471688407965
1.6847062931317278,-0.8754984077249564,0.22103487785398448,-1.6319184706157481,-0.6439209162167846,0.36206941027214823,-0.6946436218537324,-0.7268779680649438,-0.6833135927313183,-0.2852115724793929,0.055838425225267496,0.30985805319435167,-0.7150738826235884,-0.6704208190731371,-0.403105743590996,-0.35867624489035876,-0.41436612508216,-0.5167110326499096,1.0115610777177464,-0.5273485482684399,0.30527646040513345,0.5122442736515016,-0.7424708758502816,-0.56231844226045,1.7447414345573222,1.2436067658066379,-0.09113157052444348,0.5570441919893597,-1.7858610174536578,1.2760196549050087,-1.4725821528924246,-1.4013538507135124,-0.12432780975562674,-1.488662939114945,-0.8815314152456822,0.7809978568940775,-0.6772938081742743,-0.7842003639822681
0.31139944215792337,0.3407375731695068,-0.5858197112353846,0.612775710310261,0.6803346121112489,0.36206941027214823,-1.4260889132533936,-0.9011304832741454,-0.02232548713228734,0.17500639259235573,-0.4702732536406956,0.30985805319435167,0.10910021683925086,0.511912956193993,0.2025689833172143,-0.35867624489035876,0.7945124291035353,-0.5167110326499096,-0.9885710532241613,0.5002993116101648,0.30527646040513345,-0.4666751060833205,-0.7424708758502816,-1.8546044825028973,0.389551416099244,-1.0035656764492848,-0.5423735976260254,-0.690752907470821,0.7441452714591317,-0.3282800211120201,-0.7423298758908001,-0.8050521725781961,-0.25426281789029587,-0.8040471977461074,-0.26075316755896283,-0.9596943268619393,0.08008747106154226,-1.287417694014481
-0.5935752742640285,1.142206531932559,0.8092660496311843,0.612775710310261,-0.6439209162167846,0.36206941027214823,-0.2957134402865247,-0.35285346012580227,0.19544792187690546,-1.6606201473689404,-0.972986227309673,1.6971476413842788,-0.34459779886523556,-1.1635019296279825,1.947993254443819,-0.35867624489035876,0.7945124291035353,-0.5167110326499096,1.0115610777177464,-1.9988034698300843,-3.2757193223247443,-0.155514006601159,0.7807355858000429,0.06878824724308273,1.0376285556266207,-0.3707287836058197,0.2576487136256498,-0.4324212353744337,-1.595584569408661,2.7758492103775514,-1.3221631384532897,-1.0711524379700839,0.2517381443468174,-1.234923160014467,-0.9476456135836977,-0.2827818407710268,0.08008747106154226,-0.3575273599204164
-0.5935752742640285,-0.8754984077249564,0.11357384836875976,0.612775710310261,-0.6439209162167846,0.36206941027214823,-1.3076355566025597,-1.1412890341476785,-1.4156741191005477,-0.2852115724793929,1.3068287128719616,0.30985805319435167,-0.7150738826235884,1.075010003500393,0.918606028355101,-0.35867624489035876,0.5210639246334685,-0.19013728071426428,0.745173229394203,0.5002993116101648,0.30527646040513345,-1.623967145613757,1.3468541764076536,0.2115446720371706,-0.06591994469057225,0.7325114838043248,-0.5423735976260254,-0.9999949952580068,1.0230864811853158,-0.7144894637714961,-1.659050885910809,-1.821167382758154,-0.6108712617933298,-1.808908549811953,2.035882697296374,-0.3535500502451853,0.08008747106154226,-1.352354237039157
-0.5935752742640285,1.142206531932559,0.22103487785398448,0.612775710310261,-0.6439209162167846,0.36206941027214823,0.28491689296739986,-0.4221636343950881,0.7201484682382645,0.7851051180091911,-0.9094360102818833,0.30985805319435167,-0.7150738826235884,-1.1635019296279825,4.171268129332915,-0.35867624489035876,0.7945124291035353,1.7484721667816492,0.8591502500914899,0.5002993116101648,0.30527646040513345,0.5122442736515016,-0.7424708758502816,1.1406528759263421,1.6708331502981395,1.6005500639311296,0.47136764780200235,1.2169168084940212,1.0230864811853158,-0.4168276583241286,-1.1543404918326783,-1.174288014146253,-0.24466922998423235,-1.20813876750935,-0.5952626732310634,1.4509101471228047,1.2683967861630574,-0.07135447331532713
-0.5935752742640285,1.142206531932559,0.9799072987627778,-1.6319184706157481,1.4223397143646053,0.36206941027214823,0.35268865596589305,0.5026334178592404,-0.02232548713228734,0.8044910971124517,-0.972986227309673,0.30985805319435167,-0.63376399379136,0.03560568590174467,1.2123620994577824,-0.17154739569163135,0.7945124291035353,-0.5167110326499096,-0.9885710532241613,0.5002993116101648,0.30527646040513345,0.5122442736515016,1.3468541764076536,0.06878824724308273,-0.1374195028074623,-0.08390642798634274,-0.5423735976260254,0.6033413297614639,0.9395649934769683,0.5360462464349375,-2.6746556295941994,-1.8841800955961396,1.0583971816619557,-2.3445108380248025,-0.7556519888307315,0.06961224617786665,0.15658304673240986,0.4710407926960987
0.7354852076290144,1.142206531932559,0.5572020135841471,-0.6966912021636883,1.5529857391110689,0.36206941027214823,-0.5367001286437503,-0.35285346012580227,0.44653193242550393,0.39067196253519587,4.60510403608172e-05,0.30985805319435167,0.8801664309583614,2.4338209169611993,0.4863979406641289,-0.35867624489035876,0.7945124291035353,-0.5167110326499096,-0.15523788683606832,0.5002993116101648,0.30527646040513345,-0.9254125348268685,-0.7424708758502816,-1.8070636320533013,0.6131143593860928,1.6005500639311296,1.1951442126474066,1.7897217093184112,0.203771351400729,-0.39227477686979334,-0.5467001523396317,-0.9886313907262549,-0.9559901913062906,-0.8072622255460962,0.41069911958681043,1.978597085753317,0.08008747106154226,-0.49199690033628696
-0.5935752742640285,-0.8754984077249564,0.42800287231185385,0.612775710310261,0.2762257088111313,0.36206941027214823,-1.4260889132533936,0.17575916312785372,-0.6198797214313483,0.8733910799271684,-0.13899803247281048,1.1068607634143248,-0.7150738826235884,0.03560568590174467,2.893988954216673,-0.35867624489035876,-1.2586335510551052,-0.5167110326499096,1.0115610777177464,-1.9988034698300843,0.30527646040513345,-0.5199544316136822,1.3468541764076536,0.06878824724308273,-0.6013376993118149,1.2369830603169014,-0.08275798763938258,-0.673921889305295,-0.381387268134171,-0.7144894637714961,-0.9372223938559624,-1.0380680807913598,-0.36308520457511034,-1.0269146136059821,1.1172323834000635,0.18302960932489834,-1.206240525680768,-0.6998554767396349
-0.4094367020976175,-0.8754984077249564,-1.2622487602097427,-1.6319184706157481,-0.6439209162167846,0.36206941027214823,-1.4260889132533936,-1.1889160536074692,-0.02232548713228734,-0.2852115724793929,-0.972986227309673,0.30985805319435167,1.7984771362411398,-1.1635019296279825,0.9984466575159621,-0.35867624489035876,-1.2586335510551052,-0.5167110326499096,1.0115610777177464,0.5002993116101648,0.30527646040513345,0.5122442736515016,1.1779877213478178,0.967389285414985,1.7447414345573222,1.6005500639311296,-0.5423735976260254,-0.8741497192175168,-1.7858610174536578,-0.2360197646020663,-1.1318874289074612,-0.7825382745183849,0.4767066153717501,-0.9841135769928364,-0.6719425579827742,0.08576463477639862,-1.206240525680768,-1.4444365012522586
-0.5935752742640285,-0.7085365118708642,-1.3259083578793722,0.612775710310261,-0.6439209162167846,0.36206941027214823,1.2420774405755364,1.3910360299847673,1.5851095863924067,-1.3479416859505962,1.3909559462992198,0.30985805319435167,-0.7150738826235884,0.03560568590174467,-0.403105743590996,-0.35867624489035876,0.7945124291035353,1.9353176859251158,-0.8230632795268684,0.5002993116101648,0.30527646040513345,0.5122442736515016,-0.7424708758502816,-1.0030763814401766,-0.11483952178156388,-0.13552709632247995,-0.4515687471678764,-0.15705413529543516,-1.0255151509252893,-0.5811756825050624,-0.43473013786287806,-0.9886313907262549,-1.1535213784505618,-0.7519885006110987,0.9577837162647866,-0.29096201906509384,1.3664154678038525,1.4520376534105486
1.6847062931317278,0.8933458028350132,1.1274057130355915,0.612775710310261,1.2820225366831948,0.36206941027214823,-1.4260889132533936,0.3323523975713043,-1.6297605606569814,0.8733910799271684,-0.972986227309673,0.30985805319435167,-0.7150738826235884,-0.8677096265989779,1.121685547383641,-0.35867624489035876,-1.2586335510551052,-0.5167110326499096,-0.7418777282417088,0.5002993116101648,-3.2757193223247443,0.20828416651958226,1.3468541764076536,0.20099043783357784,-0.19509888245848667,-0.34965227358632944,0.4196401193482121,0.36500129227895817,-0.381387268134171,0.3933912000367926,-1.119040737112976,-1.2180583962647873,-0.3919684203724154,-1.2145051598341514,-0.8302113415386474,0.16959279949339257,-1.206240525680768,-0.6144165755975886
0.6630972085521661,-0.8754984077249564,0.6660860841022095,-0.6253703774587703,-0.6439209162167846,0.36206941027214823,-1.4260889132533936,-1.262431268450093,-1.6297605606569814,-0.2852115724793929,-0.0529506790758042,-0.5434222387544139,-0.7150738826235884,0.03560568590174467,0.43795064067143,-0.35867624489035876,0.7945124291035353,-0.5167110326499096,-0.9885710532241613,-0.6203286833464892,0.30527646040513345,0.5122442736515016,0.40997548477770107,0.5494253457357035,-0.19509888245848667,-0.6143266500207996,-0.5423735976260254,-0.9999949952580068,0.3933034192969582,0.3742641941583192,-1.713778060213488,-1.5663154984704462,-0.019266811596450106,-1.6973960234624572,-0.6953620037122547,-0.9403336414243639,0.08008747106154226,-1.4845471688407965
-0.2180364154403005,-0.8754984077249564,-0.9936824602121197,0.24277320351879678,-0.6439209162167846,0.36206941027214823,0.9488739542262047,1.1664429845592847,0.3839514906248441,-2.2204620529709054,-0.972986227309673,0.30985805319435167,-0.2643233448761405,1.0370592836018782,-0.1517678977550579,-0.35867624489035876,0.4560836284576822,-0.5167110326499096,1.0115610777177464,0.5002993116101648,0.30527646040513345,0.10602047526790148,1.3468541764076536,0.06878824724308273,-0.19509888245848667,-0.13552709632247995,-0.5423735976260254,-0.9999949952580068,0.9073337848076202,-0.7144894637714961,-0.18218526977511978,-3.4250578809433345,-6.331882398894999,-1.9516755332051212,2.002340946355886,-0.7317326859582729,-0.131943453861315,1.1658910563721867
-0.5935752742640285,-0.8754984077249564,-0.7290281441179766,0.612775710310261,-0.6439209162167846,0.36206941027214823,0.8763117522711779,1.466302156522779,-0.21020679821865418,0.8733910799271684,0.8430145326040038,-0.8104604557040291,0.08990765144789015,0.5287448281248265,2.019398618220148,-0.35867624489035876,-0.41426676161818177,1.9353176859251158,-0.9885710532241613,0.5002993116101648,0.30527646040513345,0.5122442736515016,1.3468541764076536,0.06878824724308273,0.7748212760494178,0.3755261763336775,1.0062820717529795,0.8772143582290617,1.0230864811853158,1.70979142183367,-0.9992861819153807,-0.68407807944912,0.4340410173828865,-0.865135817784433,-0.7790077373307807,0.9365274008348256,0.6090964413288252,1.2890079484774015
-0.5935752742640285,0.6934735612565732,0.5799201137964418,0.612775710310261,-0.6439209162167846,0.36206941027214823,-0.24070544774017089,-0.5551414874622432,0.24515721553637193,0.615720495973639,-0.972986227309673,0.7330571074656835,0.34812937721320225,-0.8968231343784719,4.171268129332915,-0.35867624489035876,0.7945124291035353,-0.5167110326499096,0.5667362595684694,-1.9988034698300843,-3.2757193223247443,-1.9521936143308383,-0.7424708758502816,-0.16959199832106464,1.5290334063459963,-1.0035656764492848,-0.5423735976260254,-0.9999949952580068,-0.6150965111901956,0.6099447286813857,-1.1522601780042594,-1.2254527410944802,-0.34772830448160286,-1.234923160014467,-0.7703175855921547,-1.1099153216713604,0.08008747106154226,-0.4372035920708155
1.6847062931317278,1.142206531932559,-0.19823090622028045,0.612775710310261,-0.6439209162167846,0.36206941027214823,-0.9639358919177023,-1.262431268450093,-0.4399611649626808,0.31683302894005283,0.29436718493469505,0.30985805319435167,-0.004592143533771242,0.03560568590174467,-0.403105743590996,-0.35867624489035876,-1.2586335510551052,0.6611702036306282,-0.9885710532241613,-1.9988034698300843,0.30527646040513345,0.5122442736515016,0.34320493000908336,0.06878824724308273,-0.23317778907385167,-0.5865859126506173,-0.015234427720039467,1.335563785613043,1.0230864811853158,-0.23749248134428053,-0.9034216794549103,-1.0005881038616566,-0.34990847746948506,-0.9898561845821606,-0.43159312093815244,0.3879678328237617,-0.5883270405786805,-1.2266677614575334
-0.5600527547116518,1.142206531932559,0.20916286030981812,0.612775710310261,-0.6439209162167846,0.36206941027214823,0.3396022344504781,0.5299573846235581,-0.034151346247454195,-0.2681639517530706,1.5167070971565175,-1.5650358613274724,-0.6949557332498966,0.03560568590174467,-0.403105743590996,-0.35867624489035876,-1.2586335510551052,-0.5167110326499096,0.9821312348807704,-1.9988034698300843,0.30527646040513345,0.5122442736515016,-0.711728652888066,0.06878824724308273,-0.20937023852927805,0.7069669324275782,-0.5423735976260254,1.335563785613043,0.3311822843201304,-0.07480114054599257,-1.733575040316488,-1.8933289605740904,-0.6195760996995889,-1.8849216963370548,-0.5742890918929899,0.7698687366119408,-1.206240525680768,0.47864686662414935
-0.5935752742640285,-0.8754984077249564,0.9228233556830345,0.612775710310261,0.7253253887330466,0.36206941027214823,-1.4260889132533936,-0.010180053539299294,-0.1269831011326572,0.8733910799271684,-0.13899803247281048,1.4958570954345936,-0.7150738826235884,0.03560568590174467,2.270582148047896,-0.35867624489035876,-1.2586335510551052,-0.5167110326499096,1.0115610777177464,-1.9988034698300843,0.30527646040513345,-1.0237438229363374,1.3468541764076536,0.06878824724308273,-0.7996123195280791,1.0595354443476899,0.14156845960032222,-0.5147740714126142,-0.381387268134171,-0.7144894637714961,-0.8686690515205442,-0.9135522810125938,-0.24214726277432438,-0.925391042174919,1.1172323834000635,0.26033908455402577,-1.206240525680768,-0.801305851704534
-0.5935752742640285,-0.8754984077249564,0.8258355690714859,-1.6319184706157481,-0.6439209162167846,0.36206941027214823,0.12996640454173114,-1.0346532473854857,-0.02232548713228734,-0.2852115724793929,1.5289783572009146,0.30985805319435167,-0.7150738826235884,-0.26467688169084824,-0.403105743590996,-0.35867624489035876,-0.7444812443064845,-0.5167110326499096,0.5106845892147923,0.5002993116101648,0.30527646040513345,0.5122442736515016,0.8236418449186396,1.1406528759263421,-0.19509888245848667,-0.35290279324419105,-0.5423735976260254,-0.8050367951208265,0.14499425455378945,0.49476675769812406,-1.1616580032586417,-1.1411649066421283,-0.1674174037564739,-1.193746490506924,-0.6706379489291612,-0.7317326859582729,-0.884116081948185,-0.49199690033628696
-0.5935752742640285,1.142206531932559,0.7108041265710586,-0.7497773413275842,1.5529857391110689,0.36206941027214823,-0.3463521608175488,-0.15818461519503435,-0.338177999039168,0.41807246197246917,-0.972986227309673,0.30985805319435167,-0.17774564687208705,-0.4356309551916364,1.121685547383641,-0.35867624489035876,0.7945124291035353,-0.5167110326499096,-0.2025402292003896,0.5002993116101648,0.30527646040513345,0.5122442736515016,0.5257714753830816,0.06878824724308273,0.1860695061870224,0.20560290697394434,-0.5423735976260254,0.2510942058719431,1.0230864811853158,0.19448836706012768,-2.2272710323894587,-1.423546372623707,1.1639420887973093,-1.873276335681385,-0.7205796337634102,0.0246325854679023,0.08008747106154226,-0.2795701980385892
1.6847062931317278,1.142206531932559,1.0278894669433536,-1.6319184706157481,-0.6439209162167846,0.36206941027214823,1.2420774405755364,-0.35285346012580227,-0.02232548713228734,-0.2852115724793929,-0.13899803247281048,-1.593034932305078,0.6522102445907456,-1.1635019296279825,1.121685547383641,-0.35867624489035876,-1.2586335510551052,1.9353176859251158,-0.9885710532241613,0.5002993116101648,0.30527646040513345,-1.9521936143308383,-0.7424708758502816,1.1406528759263421,0.7748212760494178,-0.13552709632247995,2.7497080065691524,0.5570441919893597,-0.381387268134171,-0.3291688838148841,-1.4703182834310942,-1.3972419065402717,-0.1203340188793281,-1.4853102781776641,-0.11154913732824556,1.1591804926071652,0.08008747106154226,0.5005533681682226
-0.5935752742640285,0.2727400836783287,-1.3926743003247537,0.612775710310261,-0.6439209162167846,0.36206941027214823,0.7359427643703419,1.466302156522779,0.7813920496300597,1.3726544327228716,0.22038293517940055,-1.593034932305078,-0.7150738826235884,-0.646784237631749,0.25395507934465755,2.788029634651948,-0.37389490169689266,-0.5167110326499096,-0.12667705388429207,-0.5766103873718609,0.30527646040513345,0.5122442736515016,-0.7424708758502816,0.6787665448809506,1.3267848648265708,1.2264961542754365,0.7066014929932566,-0.5569539211443204,0.4178727165332885,-0.39227477686979334,-1.0313463902065239,-0.9465534103616196,-0.019266811596450106,-1.0236345598926335,-0.49687163811910084,0.5073168695331294,0.6343900415887055,1.2106826541620304
-0.5935752742640285,-0.8754984077249564,1.6810096225342588,0.612775710310261,1.4134561779927464,0.36206941027214823,-1.4260889132533936,-0.295084509364663,0.6282553359300223,0.8733910799271684,-0.13899803247281048,2.091894823670733,-0.7150738826235884,0.03560568590174467,1.3153701166490395,-0.35867624489035876,-1.2586335510551052,-0.5167110326499096,1.0115610777177464,-1.9988034698300843,0.30527646040513345,-1.795672655154161,1.3468541764076536,0.06878824724308273,-1.10341763714333,0.7876422021828852,0.4852915618250264,-0.270920605397028,-0.381387268134171,-0.7144894637714961,-0.7636285278313184,-0.7227635554629281,-0.05684069262204077,-0.7698320461198164,1.1172323834000635,0.3787961500676827,-1.206240525680768,-0.9567526928321575
-0.5935752742640285,-0.8754984077249564,-1.3629644074438128,0.612775710310261,-0.6439209162167846,0.24703897172928763,-1.3605910010457305,-1.1954465611245886,-1.570571799146205,-0.2852115724793929,-0.972986227309673,0.3799261268318681,1.9691484166520012,-1.1635019296279825,-0.290814417413435,-0.35867624489035876,0.7945124291035353,-0.5167110326499096,1.0115610777177464,-1.9988034698300843,0.30527646040513345,0.5122442736515016,1.3468541764076536,0.06878824724308273,-0.19509888245848667,-0.16748989802284306,-0.5423735976260254,-0.2501419470627606,0.3467072797734057,-0.7144894637714961,-1.1270720045395453,-3.4250578809433345,-4.664966490139437,-2.418116568478363,0.05743248768018408,-0.38140083215410064,0.08008747106154226,-1.411452059622915
-0.5935752742640285,1.142206531932559,-1.0686767113838749,0.612775710310261,-0.6439209162167846,0.36206941027214823,1.2420774405755364,0.6784732650567309,1.5851095863924067,0.8733910799271684,-0.8613551403760437,-1.593034932305078,0.4691963671606325,2.1128147269439412,-0.19900919856528804,2.3668363854328005,0.7945124291035353,-0.5167110326499096,-0.7208491296163615,0.5002993116101648,0.30527646040513345,0.5122442736515016,-0.7424708758502816,-1.7879983068900198,-1.0351931726826622,-0.8873768732986188,-0.39548956496398807,-0.8957884981236689,-0.4753831617073123,-0.7144894637714961,-1.2783669422342545,-0.6433129734469267,1.0055670704958373,-0.9807448868379196,2.95311925174623,-0.9580536804199461,1.1942377399673203,1.0632559806482105
-0.5935752742640285,-0.8754984077249564,0.2320661654165157,-1.6319184706157481,-0.6439209162167846,0.36206941027214823,1.2299177483948274,1.428995009114298,0.770403651736604,0.8575507052150001,1.5289783572009146,0.30985805319435167,0.6335167840949596,1.2183191442881647,-0.403105743590996,-0.35867624489035876,0.7664418894781154,-0.5167110326499096,1.0115610777177464,0.5002993116101648,0.30527646040513345,0.5122442736515016,-0.7139056972236468,1.1406528759263421,-0.19509888245848667,0.7206436908683546,-0.5423735976260254,-0.9999949952580068,1.0134855233347473,-0.7056788480393721,-1.408443727970783,-1.2890208598436634,-0.019266811596450106,-1.3959409245690246,2.139359457185305,-0.3587205499388358,0.06250083993409952,1.4659634119526914
1.6847062931317278,-0.7234460594038443,0.28183868152883146,-1.6319184706157481,1.387428917883491,-2.5264818667515088,0.21864164977349063,-1.262431268450093,0.03824191122691872,-2.4277944628780572,-0.972986227309673,2.2127510386937814,0.6522102445907456,1.053986055095868,-0.2881989046695294,-0.35867624489035876,0.7945124291035353,1.7505351057360496,-0.9885710532241613,0.5002993116101648,-3.2757193223247443,-1.7664758907954823,-0.5850213031412643,0.14956295848569406,-1.0919267692043242,-0.13552709632247995,0.5549869371057006,-0.16280689659286196,-0.27554744609575477,0.05462455942774811,-1.0524076310214283,-1.29318470200339,-0.6554540172605018,-1.2224478896626674,-0.48577838089693687,0.053132073536858136,1.2694789986642867,-0.5667945559233709
0.10878613215952826,-0.8754984077249564,-0.8951909935358618,-1.6319184706157481,0.8757110465096923,0.36206941027214823,-0.5367001286437503,-0.35285346012580227,-1.0738175692213316,0.5162105627883142,1.2718718038016217,0.30985805319435167,0.23069623319109656,-0.33406192821118574,-0.403105743590996,1.8179455156451194,0.7945124291035353,1.9353176859251158,-0.9885710532241613,0.5002993116101648,0.30527646040513345,0.5122442736515016,-0.7424708758502816,0.3992286804500216,-2.1349391994742954,-0.13552709632247995,-0.5423735976260254,0.3170378097532689,0.5373391247602706,-0.24327355338101075,-0.9742958621118205,-0.68407807944912,0.3899545040339302,-0.8527994072792224,-0.459194669092606,-0.09195567636315666,2.2561870626319536,-0.49199690033628696
-0.5935752742640285,-0.8754984077249564,0.22103487785398448,0.612775710310261,-0.6439209162167846,0.36206941027214823,-0.06145854453460592,0.07069483447094066,-0.77083361676735,-0.2852115724793929,-0.13899803247281048,-0.5762311537237637,-0.0783929356931442,-0.5227632419102113,-0.403105743590996,-0.35867624489035876,0.7945124291035353,1.9353176859251158,-0.9885710532241613,0.5002993116101648,0.30527646040513345,-0.6353304088459977,0.37395218314948453,-0.43032950976743845,-0.19509888245848667,-0.5993602781951022,0.043996916472212155,0.9195647407227765,-0.7566249262969369,-0.48942875997750634,-1.4130286127406444,-1.1304477745745642,0.2968548226571061,-1.3120095260354865,0.25360778736070366,0.20073473850687715,1.3664154678038525,0.004278233915967804
-0.5935752742640285,1.142206531932559,-0.3840340517633104,0.612775710310261,-0.6439209162167846,0.36206941027214823,1.2420774405755364,0.7841999805810558,1.5851095863924067,0.2942965655255263,-0.34756951507045253,0.30985805319435167,-0.7150738826235884,-0.26427823897093405,-0.403105743590996,-0.35867624489035876,0.7945124291035353,1.3220916614185825,1.0115610777177464,-0.12469942999773598,0.30527646040513345,0.5122442736515016,-0.7424708758502816,-0.7350145597831333,0.2896880650190019,-0.5697013321926048,0.28054886341341234,0.36234481029707066,-0.030143480777761855,0.7354191116229887,-0.6584626036756931,-0.9886313907262549,-0.7588251753532969,-0.8624334874422267,-0.8200029294009791,0.024497573465162903,1.0447186631627756,1.120941578802313
-0.5935752742640285,-0.8754984077249564,0.15097226657294038,0.612775710310261,-0.6439209162167846,0.36206941027214823,-1.3488595071913259,-1.1834487637011113,-1.490180145252784,0.772784690173145,-0.9005674897850077,0.30985805319435167,-0.7150738826235884,0.03560568590174467,-0.403105743590996,-0.35867624489035876,-1.2586335510551052,-0.3037909634297913,0.8378811087420882,0.5002993116101648,0.30527646040513345,0.5122442736515016,-0.561045906648203,1.1406528759263421,-0.11087659512430503,-0.06015161920582501,-0.5423735976260254,-0.9999949952580068,-0.25943084663812543,-0.7144894637714961,-1.0776792443157222,-1.015077048408449,-0.0706383389903269,-1.0837536844114397,1.1172323834000635,-0.698893481276905,-1.0945432017337162,-1.398359812928733
1.6847062931317278,-0.038452569878830944,-1.0579502966956897,-1.6319184706157481,0.6415979857110258,0.36206941027214823,-1.0571255600136031,-0.8850924892803886,0.31109710887179204,0.8733910799271684,-0.972986227309673,0.30985805319435167,0.6522102445907456,-1.1635019296279825,0.4891251672167654,-0.35867624489035876,0.7945124291035353,-0.5167110326499096,-0.1588153032920605,0.5002993116101648,0.30527646040513345,0.5122442736515016,1.3468541764076536,0.5134517897361173,0.7748212760494178,-0.13552709632247995,-0.08713306658499875,0.42446303338281344,-0.5009775510521275,0.06361082358468248,-1.60925813884013,-1.1668406183882443,0.5723376386004296,-1.428659615268739,-0.8155307707460514,0.11711767963069497,0.08008747106154226,-1.0727872257612223
-0.5935752742640285,0.589599206147096,5.422403743216009e-05,0.612775710310261,-0.6439209162167846,-0.4935210699719863,0.35268865596589305,-0.6019678625206373,0.7813920496300597,0.5560739634299414,-0.972986227309673,0.30985805319435167,-0.7150738826235884,-0.8350913480196819,4.171268129332915,-0.35867624489035876,0.7945124291035353,1.9353176859251158,0.46376657795060094,0.5002993116101648,0.30527646040513345,0.5122442736515016,-0.7424708758502816,0.2599687366073029,1.213459605897634,1.1250747166547281,0.5549869371057006,0.9091232072626786,0.8307584386918818,-0.25990294715535517,-1.1695244462809786,-1.0720421945539604,-0.019266811596450106,-1.160057081568698,-0.6491007761330689,1.123057764097116,1.3664154678038525,-0.13164118096117
-0.5935752742640285,0.6520680733579565,0.635889173127118,0.612775710310261,1.019315815173898,0.36206941027214823,0.13663940149159737,0.33577080035149426,0.7813920496300597,-0.8809214976199057,-0.13899803247281048,-1.1307864556257141,-0.7150738826235884,-0.2556800946844736,1.4920860149233315,-0.35867624489035876,0.7945124291035353,1.9353176859251158,-0.9885710532241613,-0.10677973202965552,0.30527646040513345,0.5122442736515016,-0.7424708758502816,-1.5238285157860703,-1.1650190409663912,0.31078570687397145,0.28841743508262196,1.1464467417435822,0.49143614399937985,1.4190420033027862,-1.7483779811655664,-1.3757928404122306,0.4118687141280293,-1.6109148176693318,-0.8705823042125738,0.7917098075038089,1.3664154678038525,0.2594442500306695
0.8238563514863416,0.3798156122064992,0.02392118811082955,-1.6319184706157481,-0.6439209162167846,0.36206941027214823,-0.20064408785927246,-1.262431268450093,-0.02232548713228734,0.43561243132296606,1.5289783572009146,0.30985805319435167,0.1355811861067453,0.03560568590174467,-0.403105743590996,-0.35867624489035876,-1.2586335510551052,-0.5167110326499096,1.0115610777177464,0.5002993116101648,0.30527646040513345,0.5122442736515016,0.0469817427610405,1.1406528759263421,-0.7985341763205216,-1.2156265479891157,-0.5423735976260254,-0.9999949952580068,-0.5529429651701231,-0.47099147091042826,-1.0776792443157222,-1.178109066053565,-0.38733319533243915,-1.1723721179401025,0.47651882704777926,-1.2023049241229384,-1.206240525680768,-0.8007542025194127
-0.5935752742640285,-0.8754984077249564,1.640223652707718,0.612775710310261,1.5529857391110689,-2.0087593976784195,-1.2116707672399227,-1.0431458550394772,-0.02232548713228734,-0.2852115724793929,-0.7719243231925357,2.2127510386937814,1.3602314426922102,0.03560568590174467,1.9112687329136713,-0.35867624489035876,0.29953007472873183,-0.5167110326499096,-0.5063695337989222,-1.9988034698300843,0.30527646040513345,0.5122442736515016,1.3468541764076536,0.8822425716401754,-0.19509888245848667,0.5232405482588024,-0.5423735976260254,-0.9999949952580068,-0.017747711840485514,-0.46995585063563516,-1.0776792443157222,-0.9886313907262549,-0.019266811596450106,-1.0693787610602934,0.044834762657008864,-0.4447241475660533,-0.23002669835398884,-1.2452583537796558
1.6847062931317278,-0.8754984077249564,-0.5858197112353846,0.612775710310261,-0.6439209162167846,-2.121345754530861,0.5350536714761963,0.02015590089439595,0.4517949969262788,-2.364850815821281,-0.972986227309673,0.30985805319435167,0.3718550215643253,0.03560568590174467,2.0211741760347124,-0.35867624489035876,0.7945124291035353,-0.5167110326499096,0.6014433278723073,0.5002993116101648,0.30527646040513345,-1.4468721380055731,1.3468541764076536,-1.6353793403176697,1.3469862395046142,1.4225628081126915,-0.5423735976260254,-0.8403631894346724,-1.497880236145653,0.4422320511845416,-1.8774418853510573,-1.7149496232819497,-0.019266811596450106,-1.8589805207894923,-0.7282239613874442,0.0246325854679023,0.08008747106154226,0.30955492771308785
-0.5935752742640285,1.142206531932559,0.8250119807314329,0.612775710310261,-0.6439209162167846,0.36206941027214823,-0.3130700429670681,-0.35285346012580227,0.17976321098965076,-1.7284512452546772,-0.972986227309673,1.7342829842899155,-0.3712806261710561,-1.1635019296279825,1.8884800312816554,-0.35867624489035876,0.7945124291035353,-0.5167110326499096,1.0115610777177464,-1.9988034698300843,-3.2757193223247443,-0.10742000092808224,0.8215091883348026,0.06878824724308273,1.0187003668363155,-0.3537888344999215,0.2790639272287837,-0.41722826746279645,-1.6092888645740708,2.8261538905818844,-1.328707549455141,-1.065209018275174,0.27482870623335015,-1.234923160014467,-0.9487598067208227,-0.2606409080461993,0.08008747106154226,-0.36721226991085476
-0.5935752742640285,1.142206531932559,-0.5858197112353846,-0.0039131557891418645,-0.6439209162167846,0.36206941027214823,1.2420774405755364,0.966522264891139,1.5851095863924067,1.7136887435990906,-0.5147400763778229,0.30985805319435167,-0.7150738826235884,-1.1635019296279825,-0.403105743590996,-0.35867624489035876,0.7945124291035353,-0.5167110326499096,-0.4390711586012307,0.5002993116101648,-2.2919059157931643,0.5122442736515016,1.3468541764076536,-0.7086010858335163,-0.19509888245848667,-0.7650878774432295,0.8564667687978598,-0.35834273432966257,0.6372328841590574,1.5976601715601904,-0.6501987412719177,-0.7677485579464782,-0.34433191905867716,-0.7382899631519464,-0.9306841822003764,-0.21223871039101694,0.08008747106154226,1.22041851776794
-0.5935752742640285,-0.8754984077249564,0.3882374574423359,-1.1667557727603863,-0.6439209162167846,0.36206941027214823,1.2420774405755364,0.5567243481984884,1.252004595172792,-0.2852115724793929,1.0105021184513667,0.30985805319435167,0.3688711693820868,1.2347133014314717,-0.403105743590996,-0.35867624489035876,0.7945124291035353,1.9353176859251158,1.0115610777177464,0.5002993116101648,0.30527646040513345,0.5122442736515016,1.3468541764076536,0.06878824724308273,0.5738270018763032,-0.6438024880333464,-0.5423735976260254,-0.9999949952580068,0.4663725031080762,0.35231228499737255,-1.274041290310578,-1.1038491019226515,0.10332998776055312,-1.2289406759600148,-0.5764042894066201,-0.9531755246823737,1.3664154678038525,0.9968285024204774
-0.3161276656921135,-0.6297836469495277,1.8347440560327226,0.612775710310261,-0.6439209162167846,0.36206941027214823,-2.098859352780527,-1.262431268450093,-1.6297605606569814,-0.2852115724793929,-0.972986227309673,2.2127510386937814,-0.5485669342451316,-0.11042083913808298,4.171268129332915,-0.35867624489035876,0.5444816820720362,-0.5167110326499096,-0.7449962973646349,-1.9988034698300843,-3.2757193223247443,-1.6520760132933596,-0.48803426556730867,-0.8725454224064658,0.7748212760494178,-0.8978565175591329,-0.5423735976260254,-0.8103798023262815,1.0230864811853158,-0.3530356873705029,-1.372189990492583,-0.9515430917619236,0.5723376386004296,-1.1946033872000719,-0.35606294871609045,-0.9717508348270617,-0.07656069378456398,-1.8599501939012237
-0.5935752742640285,-0.8754984077249564,1.0278894669433536,0.612775710310261,-0.6439209162167846,0.36206941027214823,1.2420774405755364,0.7777525449781733,-0.21762954605393636,-0.5667530224817449,-0.3650066619992509,-0.15254659366538847,-0.7150738826235884,0.9433291102388585,-0.032580136627931466,0.40597601463717226,0.7945124291035353,1.3394725793727669,1.0115610777177464,0.5002993116101648,0.30527646040513345,0.5122442736515016,1.3468541764076536,-0.45213982268476527,0.04059255778258353,0.7325114838043248,-0.5423735976260254,-0.9999949952580068,0.8524423112223363,0.9703719729180686,-0.7423298758908001,-0.5275382060523155,0.28481684898320314,-0.6532004294175549,-0.7294955908408811,-0.3535500502451853,1.3664154678038525,1.117423790725119
1.6847062931317278,-0.8754984077249564,0.22103487785398448,-1.6319184706157481,-0.6439209162167846,0.36206941027214823,-1.3843797207620752,-1.2197752820584045,-0.09770851428431537,0.8190567079557621,1.48986725668349,0.30985805319435167,1.8912527797383731,-1.1635019296279825,1.0501782217181161,-0.35867624489035876,0.7945124291035353,1.9353176859251158,-0.9885710532241613,0.5002993116101648,0.30527646040513345,0.5122442736515016,1.2488722113890505,1.1406528759263421,-1.210504870439912,-1.7901883699471837,-0.5423735976260254,-0.22147540163432355,-1.6541313015565073,-0.6767126370561368,-1.3815752110303539,-1.5548905896214722,-0.5831271027495295,-1.5271947200549576,0.01601509461787945,-1.0744444620815254,1.3664154678038525,-1.438000067142708
0.018536289200696943,-0.8754984077249564,0.43781450293813473,0.009688153333105798,-0.6439209162167846,-1.9225763861529934,-0.7756544208902947,-0.5972319874834287,-1.6297605606569814,-1.979847576686165,0.08507164581381502,-1.081779950862399,-0.7150738826235884,0.03560568590174467,1.121685547383641,-0.35867624489035876,0.7945124291035353,-0.5167110326499096,-0.9885710532241613,0.5002993116101648,0.30527646040513345,0.5122442736515016,1.3468541764076536,-0.7150958512567109,-0.19509888245848667,-1.6383861767596972,-0.5423735976260254,-0.4306421931585322,0.5095213306101003,-0.3249234752345011,-0.9225281702114863,-1.0704564847761089,-0.45192342578171685,-1.0372660357633363,0.6047020602202641,-1.1099153216713604,0.08008747106154226,-0.7586678445102788
-0.5935752742640285,-0.8754984077249564,-0.5679198503204719,0.612775710310261,-0.6439209162167846,0.36206941027214823,-0.5564309893949587,-0.3730322091599638,-0.05798601956889161,-0.2852115724793929,-0.1574998454315832,0.2676428631997763,-0.7150738826235884,0.03560568590174467,-0.403105743590996,-0.35867624489035876,0.7945124291035353,1.8809200613526378,-0.9885710532241613,-1.9988034698300843,0.30527646040513345,0.5122442736515016,-0.7424708758502816,1.1406528759263421,-2.091904342461321,1.5620356399862048,-0.5423735976260254,-0.9999949952580068,0.3052706626170807,-0.7001929643569188,-1.7558176203940978,-1.3066975752937047,0.5592130464888334,-1.577029637278893,1.0796141637356058,0.00785281704063353,1.3378786130297697,-0.5140163719951661
-0.5935752742640285,0.13705617407173265,0.21807402270421694,0.612775710310261,1.5529857391110689,0.36206941027214823,0.3559523808038827,0.1036043495456559,0.7843413929688229,-0.2852115724793929,-0.557522342568296,1.2578130924828355,-0.7150738826235884,-0.5661482605291044,-0.403105743590996,-0.35867624489035876,-1.2586335510551052,-0.5167110326499096,1.0115610777177464,-1.9988034698300843,0.30527646040513345,0.5122442736515016,0.29835812877173273,0.6066872331192155,0.29164081925471347,0.7356968613617184,-0.5423735976260254,-0.9999949952580068,-0.7312172318686706,-0.7144894637714961,-1.4142592197395991,-2.211315023695345,-1.8005930646605117,-1.9001381865701483,0.5853879005387757,-0.3521622611445897,-1.206240525680768,0.25514751777300726
0.5997642404406274,1.142206531932559,-0.5858197112353846,-1.6319184706157481,-0.6439209162167846,0.36206941027214823,0.3103727770268351,-0.35285346012580227,1.1641309378332072,0.8733910799271684,-0.17867802855552406,0.30985805319435167,0.0010949176614485356,-1.1635019296279825,-0.403105743590996,-0.35867624489035876,0.7945124291035353,-0.5167110326499096,1.0115610777177464,0.5002993116101648,0.30527646040513345,0.5122442736515016,1.3468541764076536,0.6302194742375892,0.3129349215366575,-0.13552709632247995,1.077561761979061,1.335563785613043,-0.01356310486708362,0.5590387580638401,-0.9339377435244803,-0.9886313907262549,-0.2728474637547835,-0.9984211192880104,-0.8771849838094625,0.9610924733605128,0.08008747106154226,-0.019333845373631364
-0.209392048336013,-0.8754984077249564,-0.9844982390416341,0.23425627531533388,-0.6439209162167846,0.36206941027214823,-1.2761126077495464,-1.109050517960152,-1.6297605606569814,-0.2852115724793929,-0.972986227309673,0.30985805319435167,2.0194943718050795,-0.9612981991664974,-0.14598246022826777,-0.35867624489035876,0.448293481785218,-0.5167110326499096,1.0115610777177464,-1.5773834916151563,0.30527646040513345,0.09666978476752308,1.3468541764076536,0.06878824724308273,-0.19509888245848667,-0.13552709632247995,-0.5423735976260254,-0.3527560006642323,0.3208496065255724,-0.7144894637714961,-1.0211297800097463,-3.4250578809433345,-4.851863790080582,-2.3658184473695405,0.23614496492734405,-0.4173224245897192,-0.13682410232000142,-1.3171748960248166
1.6847062931317278,1.142206531932559,0.531226510290293,-1.6319184706157481,-0.6439209162167846,0.36206941027214823,0.6946101901545675,-0.35285346012580227,0.2250404778880148,0.07137995386971518,-0.39568061708134017,-1.0073677816483722,0.6522102445907456,-1.1635019296279825,0.652389492620532,-0.35867624489035876,-0.6267219484348531,1.180639055082751,-0.37297590678547365,0.5002993116101648,0.30527646040513345,-1.193695723580439,-0.09942417828183059,1.1406528759263421,0.7748212760494178,-0.13552709632247995,2.0742228137423258,0.796654803622536,-0.1652547411859468,-0.41697842292659915,-1.4130286127406444,-1.1994501244953801,0.16281557312141484,-1.3495167607989675,-0.22215232941779636,1.0427844848580508,0.08008747106154226,0.19506898619389068
-0.5935752742640285,1.142206531932559,1.0278894669433536,0.612775710310261,-0.6439209162167846,0.36206941027214823,-0.5367001286437503,-0.5198649206677809,0.12524851747669952,0.8733910799271684,1.3758462279649586,-1.2436366358043793,-0.7150738826235884,-0.18456757732416418,1.4016589792294745,-0.35867624489035876,-1.2586335510551052,-0.5167110326499096,-0.9885710532241613,0.041428391769022355,-3.2757193223247443,0.5122442736515016,-0.7424708758502816,0.747033604432741,1.2104679041379454,0.8918957495010054,1.4508564240464599,2.1140833792367264,-0.6968020204531373,-0.5961630380934771,-1.4130286127406444,-1.2372643696648113,0.08936020457113042,-1.3700712458650743,0.7669625017870816,1.9155457640333402,-1.206240525680768,-0.5831200942440535
-0.5935752742640285,1.07758704026186,0.24687539218011578,0.612775710310261,-0.6439209162167846,0.36206941027214823,1.2420774405755364,1.466302156522779,1.5078894473349707,1.9206766914096827,1.5289783572009146,0.24891555609783134,-0.7150738826235884,0.03560568590174467,-0.3542724200509273,2.788029634651948,0.7945124291035353,-0.5167110326499096,1.0115610777177464,0.5002993116101648,0.30527646040513345,0.5122442736515016,1.3468541764076536,0.00013267121314841646,1.713678544056304,1.5727500567567056,-0.5423735976260254,0.5071780897591883,-1.0386441370645974,1.5461730061111474,-0.0931110941065234,-0.6938317752321601,-1.1835288491013598,-0.4231064564966889,-0.8613436002774378,0.7446625595002776,1.3664154678038525,1.4931036366727322
1.6847062931317278,1.142206531932559,0.9565568862075436,-1.4334690460808743,-0.6439209162167846,0.36206941027214823,-1.4260889132533936,0.39589603210495006,-1.4876500816310356,-0.2852115724793929,-0.8992548126962233,0.30985805319435167,0.5313310840676777,0.03560568590174467,-0.403105743590996,-0.35867624489035876,0.6129974406873908,1.9353176859251158,-0.9885710532241613,0.27935807469488666,0.30527646040513345,-1.7343170390593332,-0.7424708758502816,-0.9083147339298112,-0.10934996443827652,0.6557697351224756,0.5549869371057006,1.335563785613043,-0.25722023919314674,-0.6575166077489009,-1.0776792443157222,-0.4064497853421213,1.111639390420193,-0.7529254493516186,0.9673203419541562,1.1257460376760335,1.2526934949463735,-0.5797465061758661
1.2104087141347684,-0.8754984077249564,0.8599167353528872,-1.1646131863006288,-0.6439209162167846,0.36206941027214823,-1.4260889132533936,-1.262431268450093,-1.6297605606569814,-0.2852115724793929,0.8686116266220109,0.30985805319435167,-0.7150738826235884,0.28523850001113993,1.121685547383641,-0.35867624489035876,0.7945124291035353,-0.5167110326499096,-0.5721792248584678,0.5002993116101648,0.30527646040513345,-0.000807730361556791,1.3468541764076536,0.06878824724308273,-0.19509888245848667,-0.6421453823802642,-0.5423735976260254,-0.9999949952580068,1.0230864811853158,0.4336195537540114,-1.4828423687918386,-1.4199898346800928,-0.14242830421781644,-1.5038577308825831,-0.17263941923741744,-0.9524535653157218,0.08008747106154226,-1.4845471688407965
0.7505103717610747,1.142206531932559,-0.5858197112353846,0.612775710310261,0.25690770233948146,0.36206941027214823,-1.4260889132533936,-0.889464252052244,-0.9706412880240503,0.3983128947471648,-0.48096997362249416,0.30985805319435167,0.6522102445907456,-0.45608132054357076,0.22212593336904474,-0.35867624489035876,-0.04736797237608337,-0.5167110326499096,1.0115610777177464,0.5002993116101648,0.30527646040513345,-1.9521936143308383,0.4901387597666871,0.7011411058680143,0.7748212760494178,1.2446159630931137,1.8497755746078834,1.794856010908531,0.19450891039927853,-0.7144894637714961,-1.4130286127406444,-3.4250578809433345,-4.160497962974608,-2.559278351647855,0.6826676859459786,2.051624797143127,-0.44736373834940013,-1.2810524766434315
-0.5935752742640285,1.142206531932559,1.0278894669433536,0.612775710310261,-0.6439209162167846,0.36206941027214823,-0.07425884319742948,-0.7894926187013815,0.7813920496300597,0.27097095818528505,-0.17228088836476474,0.30985805319435167,-0.004148986446871117,-1.1635019296279825,0.3288641661862726,-0.35867624489035876,-1.2586335510551052,-0.5167110326499096,-0.9885710532241613,-0.6993848997848804,-3.2757193223247443,0.5122442736515016,-0.7424708758502816,-0.44575604494607124,-0.15639124479386157,1.6005500639311296,0.5549869371057006,1.7092889767769543,1.0230864811853158,0.26501356191274883,-1.574011724595221,-0.842431801905544,1.1403322993748186,-1.234923160014467,-0.8393894048897594,1.7189081773907375,-1.206240525680768,-0.4721915195427266
1.6847062931317278,1.142206531932559,-1.0533630774325666,-1.6319184706157481,-0.6439209162167846,0.36206941027214823,-1.0520691081815925,-0.8799212565699649,0.3156664930168424,0.20202229611382172,-0.972986227309673,0.30985805319435167,2.2367947088304585,-0.46866196889827055,-0.403105743590996,-0.35867624489035876,0.7945124291035353,-0.5167110326499096,1.0115610777177464,0.5002993116101648,0.30527646040513345,-0.915809308136472,1.3468541764076536,1.1406528759263421,0.7748212760494178,0.8704675035212256,0.5549869371057006,1.335563785613043,0.3208496065255724,0.4388664795817841,-1.4130286127406444,-0.812153643352077,0.915151250672041,-1.1389961037781287,-0.8022280482270019,1.2192844699458252,0.08008747106154226,-1.0671442688110233
1.6847062931317278,-0.8754984077249564,1.0278894669433536,-1.1485645757228444,-0.6439209162167846,0.36206941027214823,-1.4260889132533936,-1.0665702999058935,-1.2836287756781026,-0.2852115724793929,0.3358219106757061,-0.09989519690143633,-0.7150738826235884,0.03560568590174467,1.121685547383641,-0.35867624489035876,0.7945124291035353,-0.5167110326499096,-0.5578791291276728,0.5002993116101648,0.30527646040513345,0.5122442736515016,1.3468541764076536,-0.1620182240679715,0.013755709108430825,-0.6297331676052421,-0.30607704860324214,-0.6647150439612902,1.0230864811853158,0.7354766272861665,-1.2686058893644088,-1.2276047087645754,-0.14665802491561641,-1.2935266705053463,-0.7904074288957195,-0.7027417042002807,0.08008747106154226,-1.3776833826209876
-0.5935752742640285,0.4145441604681046,-0.87680265536368,0.612775710310261,-0.6439209162167846,0.36206941027214823,0.9213294761715868,0.22869544167807349,1.2952579845584293,-0.2852115724793929,-0.13899803247281048,0.30985805319435167,-0.22197839035435352,0.03560568590174467,-0.403105743590996,0.7761474935089523,0.7945124291035353,1.9353176859251158,0.29023614014263976,0.5002993116101648,0.30527646040513345,0.5122442736515016,-0.7424708758502816,-0.6165205762445384,0.4250305862417994,0.49056941493939266,0.1592363229500312,-0.004484307637459106,-0.6346410216941099,1.8262085103146135,-0.9842097582274176,-1.2082987765422293,-0.6108712617933298,-1.142641191703511,-0.8508568326585731,0.26642794862151753,1.8303150510350403,0.6388765204521597
-0.5935752742640285,-0.8754984077249564,0.870588862263907,-1.1943033702559642,-0.6439209162167846,0.36206941027214823,-0.710091214851874,-0.5301805041646744,-1.6297605606569814,-0.2852115724793929,-0.48521488988162975,0.30985805319435167,0.385650912974176,2.200048493095536,-0.10583955049545413,-0.35867624489035876,-0.8583617938619916,-0.5167110326499096,1.0115610777177464,0.5002993116101648,0.30527646040513345,-1.9521936143308383,-0.33514581562720935,0.06878824724308273,0.585730169067836,0.7325114838043248,-0.5423735976260254,-0.9999949952580068,0.4577544299050268,-0.7144894637714961,-0.6684930979396886,-0.9215752476815726,-0.6108712617933298,-0.8309356709051194,3.0302185338068073,-0.3535500502451853,-0.9554640233967178,-0.6854998679363302
-0.5935752742640285,-0.8754984077249564,0.22103487785398448,0.612775710310261,-0.6439209162167846,0.05951614754871848,0.26655229375156697,-0.35285346012580227,-0.17800387224921344,-0.5096304530794491,-0.13899803247281048,0.12556488209705785,-0.7150738826235884,0.03560568590174467,-0.255431321321002,-0.35867624489035876,0.7945124291035353,1.6978413004366162,-0.9885710532241613,0.5002993116101648,0.30527646040513345,0.5122442736515016,1.3468541764076536,-0.03502070728686202,-0.19509888245848667,-1.0876342939624104,0.4487087310668817,0.4816453935474029,-0.9476023470558528,-0.7144894637714961,-1.348072150129813,-0.9886313907262549,0.457745109232901,-1.2028575604530152,1.1172323834000635,-0.0852471782191846,1.2418359631247435,-0.0437854874414782
-0.5935752742640285,1.142206531932559,-0.08777765245134544,0.612775710310261,0.19691498191215184,0.36206941027214823,1.2420774405755364,1.118173722606059,1.5851095863924067,1.1451151756610922,-0.972986227309673,0.30985805319435167,-0.7150738826235884,-1.1635019296279825,-0.403105743590996,-0.35867624489035876,0.008698958135250123,-0.5167110326499096,1.0115610777177464,-1.9988034698300843,0.30527646040513345,0.5122442736515016,-0.7424708758502816,0.47902973635952784,-0.42257175890774823,-0.5426848009198071,-0.5423735976260254,-0.5194431009573768,0.485543411913977,-0.11781516258386082,-0.920381997151767,-1.9211402213397635,-2.1081896766905146,-1.49860814801761,-0.5032898132161381,-0.6756826672450928,-0.4122369314369362,1.3031611340106062
1.6847062931317278,-0.8754984077249564,1.0278894669433536,0.612775710310261,-0.6439209162167846,0.3010355343489315,-1.4260889132533936,-1.2446605967589888,-0.053730388059893164,-0.2852115724793929,-0.972986227309673,0.30985805319435167,1.9927813659348648,0.03560568590174467,2.6464768383582777,-0.35867624489035876,-1.2185206736152663,-0.5167110326499096,0.9724839464239664,0.5002993116101648,0.30527646040513345,-1.9521936143308383,1.3060344584903087,-0.9821350675258356,0.7558716792742044,0.7155523754339654,0.5335475026658717,-0.23668555295591975,1.0230864811853158,-0.2343150318775779,-1.4195804255416595,-0.9886313907262549,0.5838959773804987,-1.2381574464462517,-0.46901652652813086,0.38064924682334267,-1.1811091819870425,-1.4748513051130931
-0.5935752742640285,1.142206531932559,-0.5858197112353846,0.612775710310261,-0.6439209162167846,0.36206941027214823,1.2420774405755364,1.466302156522779,1.5851095863924067,2.0319937323337296,-0.972986227309673,0.30985805319435167,-0.7150738826235884,-1.1635019296279825,-0.403105743590996,-0.35867624489035876,0.7945124291035353,-0.5167110326499096,-0.9885710532241613,0.5002993116101648,-3.2757193223247443,0.5122442736515016,1.3468541764076536,-1.0030763814401766,-0.19509888245848667,-1.0035656764492848,0.5549869371057006,-0.9999949952580068,1.0230864811853158,0.8529892246194503,-1.0051848601591638,-1.0421525089044046,-0.2511237838936999,-1.0626842701040775,-0.5491100436450072,-0.7317326859582729,0.08008747106154226,1.4931036366727322
-0.5935752742640285,1.142206531932559,-0.5858197112353846,0.612775710310261,0.7547272310318945,0.36206941027214823,-0.21353566347037967,0.3081470630361778,0.4893567188357091,0.4524062271917596,0.6198753183190462,-1.593034932305078,1.1490206961697953,-1.1635019296279825,2.6464768383582777,-0.35867624489035876,0.7945124291035353,-0.5167110326499096,1.0115610777177464,-0.4077638748756973,0.30527646040513345,0.5122442736515016,-0.7424708758502816,-1.6854729108391502,0.15732711470837613,0.4952863979575317,0.5549869371057006,0.34428362850863303,-1.0836241427939144,0.10605513926558685,-1.1078831676635301,-1.126722779534254,-0.23422964792901385,-1.1593504448373229,-0.5423146995784367,0.5742918180687109,0.08008747106154226,0.048976263868375614
-0.5935752742640285,1.142206531932559,0.5802339470926479,0.612775710310261,-0.6439209162167846,0.36206941027214823,-0.5367001286437503,-0.8575014253677475,0.3354770153751995,-0.2852115724793929,-0.13899803247281048,0.30985805319435167,-0.7150738826235884,-0.629677935515998,0.2757075393816619,-0.35867624489035876,0.7945124291035353,0.5748938802658992,-0.09814344767564687,0.5002993116101648,0.30527646040513345,0.5122442736515016,-0.7424708758502816,0.6634754734808721,0.7748212760494178,1.2141128368755076,-0.05384581576170422,0.4716941414163027,1.0230864811853158,2.327814769572413,-1.1902067894147939,-1.29318470200339,-0.41235651055638234,-1.2904721085832636,-0.9178266757548853,0.7395372342606461,0.6527406175063656,-0.7673380909508265
-0.5935752742640285,-0.8754984077249564,1.0278894669433536,0.40850384607524104,-0.6439209162167846,0.36206941027214823,-0.45576388948667157,-1.262431268450093,0.7082520731700617,-0.2852115724793929,1.5289783572009146,0.30985805319435167,-0.7150738826235884,0.03560568590174467,3.8937497375418157,-0.35867624489035876,0.6076718516754659,-0.5167110326499096,1.0115610777177464,0.5002993116101648,-2.94984121805033,0.5122442736515016,1.3468541764076536,1.1406528759263421,0.6865565134723607,1.4425634121215958,-0.5423735976260254,0.4153503701009856,0.9591814571779281,0.9845506015635317,-0.43749800122528887,-0.7117930676119459,-0.6108712617933298,-0.6028753371311038,-0.8158654381188504,0.6433362142972996,-0.03697106641987673,-0.9431099596348069
1.06136169583396,-0.8754984077249564,-0.36506190144075246,0.612775710310261,-0.6439209162167846,0.36206941027214823,0.7553986193819255,0.9685757817367233,-0.6061435209254069,-1.1268171012082027,-0.972986227309673,0.30985805319435167,-0.7150738826235884,0.03560568590174467,-0.403105743590996,-0.35867624489035876,0.7945124291035353,-0.5167110326499096,-0.9885710532241613,0.5002993116101648,0.30527646040513345,-0.1620332453496709,1.3468541764076536,0.06878824724308273,-0.46047191591861036,0.2575156212107721,-0.5423735976260254,-0.4344806725897017,-0.381387268134171,0.2825754878718435,-0.8024214974159305,-0.9053047010446321,-0.3429962777388432,-0.8882050059323081,-0.6498233011402821,-0.2857830885258732,0.08008747106154226,0.9499742392594392
-0.5935752742640285,1.142206531932559,1.0278894669433536,0.612775710310261,0.5587675188445281,0.36206941027214823,-1.0235927341757889,-1.262431268450093,0.3413998523394619,0.23911833670368132,-0.21813735215774221,0.30985805319435167,-0.7150738826235884,-1.1635019296279825,1.9564269084196344,-0.35867624489035876,-1.2586335510551052,-0.5167110326499096,-0.9885710532241613,-0.6306788815693223,-3.2757193223247443,0.5122442736515016,0.4013224079201183,-1.5898647139086146,-0.634039832204238,1.6005500639311296,0.5549869371057006,2.1140833792367264,0.638649497584465,-0.422850570714072,-0.8304491148397007,-0.68407807944912,0.13618818196738314,-0.7817898108379897,-0.32626059772459026,1.9155457640333402,-1.206240525680768,-1.2599560240407994
1.6847062931317278,0.23240229483790464,-0.9496388750014091,-1.6319184706157481,0.34668724666851536,0.36206941027214823,-0.9377348234389499,-0.7629915966370678,0.41898741553238045,0.8733910799271684,-0.972986227309673,0.30985805319435167,0.6522102445907456,-1.1635019296279825,0.28443857963855695,-0.35867624489035876,0.7945124291035353,-0.5167110326499096,0.10968060366340437,0.5002993116101648,0.30527646040513345,0.5122442736515016,1.3468541764076536,0.657337916637277,0.7748212760494178,-0.13552709632247995,0.06017560741304234,0.6334785490469252,-0.31244228016425113,0.10686462829872545,-1.564241146497834,-1.125957660576284,0.5723376386004296,-1.38421455801378,-0.8236602889282502,0.2694183524709076,0.08008747106154226,-0.93954818599063
-0.5935752742640285,1.142206531932559,-0.4413463914841371,0.612775710310261,-0.6439209162167846,0.36206941027214823,1.0828257587984,0.47529100982646194,1.5131537828012034,-0.2852115724793929,-0.13899803247281048,0.30985805319435167,-0.7150738826235884,0.03560568590174467,-0.2665931286082137,-0.35867624489035876,0.7945124291035353,1.9353176859251158,1.0115610777177464,0.5002993116101648,0.30527646040513345,0.5122442736515016,-0.7424708758502816,-0.907113711509414,0.7748212760494178,-0.057812711947089035,0.5549869371057006,0.6267440559444915,-0.25564652884143535,0.9687026432320156,-0.8324000766208594,-1.015897659342947,-0.5049400815592077,-0.9631182757295828,-0.8150675707390437,0.4705316369919368,1.3664154678038525,0.8635358674309319
1.6847062931317278,1.142206531932559,-1.1522643494855795,-1.6319184706157481,-0.6439209162167846,0.36206941027214823,-1.1610871187835423,-0.9914139635470579,0.217149749316069,0.060005038386715226,-0.972986227309673,0.30985805319435167,2.5719880417258185,-0.3216797615612688,-0.403105743590996,-0.35867624489035876,0.7945124291035353,-0.5167110326499096,1.0115610777177464,0.5002993116101648,0.30527646040513345,-1.2178910528684175,1.3468541764076536,1.1406528759263421,0.7748212760494178,1.0832694654274573,0.5549869371057006,1.335563785613043,0.3208496065255724,0.4783623724473224,-1.4130286127406444,-0.7748226170425401,0.9876679512868699,-1.118704279378521,-0.7919180181712231,1.311996946880731,0.08008747106154226,-1.1888074352093772
0.4917928790402626,-0.8754984077249564,0.22103487785398448,0.612775710310261,-0.6439209162167846,0.36206941027214823,1.2420774405755364,0.5996605611768859,1.5851095863924067,0.8733910799271684,-0.5756761494590423,0.30985805319435167,-0.7150738826235884,0.6634611625800427,-0.403105743590996,1.1404072741737787,0.7945124291035353,0.7671767852501452,1.0115610777177464,0.5002993116101648,0.30527646040513345,0.5122442736515016,-0.7424708758502816,1.1406528759263421,1.236889032009743,1.146043087707896,-0.5423735976260254,0.5570441919893597,0.655393655311806,-0.12399626177631085,-0.7264998591807508,-0.8291665837736389,-0.3290322482201457,-0.8093404888384665,0.21549772243103793,0.582980568085349,1.3664154678038525,1.0202549478164942
0.09528167666469134,-0.8754984077249564,-0.9047562132568093,0.612775710310261,-0.6439209162167846,0.36206941027214823,1.2420774405755364,0.9162656688107593,1.0244025798934064,1.6816808026693724,0.44282705257663346,-1.0176797704612541,-0.7150738826235884,0.03560568590174467,0.6606525062814836,2.788029634651948,0.7945124291035353,-0.5167110326499096,1.0115610777177464,-1.2431794298883303,0.30527646040513345,0.5122442736515016,-0.7424708758502816,0.3928752303841069,1.0680845199766311,0.9949700043629369,-0.5423735976260254,-0.5292115405905541,0.04326678624662772,-0.4896990065787119,-1.3116330053078358,-1.2011005327751667,-0.019266811596450106,-1.3003601696635936,0.13141800652193814,-0.010510268341549889,1.3664154678038525,1.1929979950390481
-0.5935752742640285,0.7315466283500185,0.05681719604724178,0.612775710310261,-0.6439209162167846,-0.27374681533395595,-0.3556844085765811,-0.8921817560207145,-0.02232548713228734,-0.2852115724793929,-0.30873816887690564,0.697150483615685,-0.43679297206236245,-1.1635019296279825,3.8609300654129104,-0.35867624489035876,0.7945124291035353,-0.5167110326499096,-0.581487712195931,-0.008338639904843514,0.30527646040513345,0.5122442736515016,-0.31723425792414073,0.9224981713324595,0.5774151484501926,1.0705390113517976,-0.5423735976260254,-0.3799261121276465,1.0230864811853158,-0.7144894637714961,-2.1519804110749,-3.4250578809433345,-2.8568808593288457,-2.9240601071224805,0.05743248768018408,0.09493185991035924,0.08008747106154226,-0.6852540440338328
-0.5935752742640285,1.142206531932559,1.0278894669433536,0.612775710310261,-0.6439209162167846,0.36206941027214823,0.35268865596589305,-0.35285346012580227,0.7813920496300597,-0.2852115724793929,-0.972986227309673,0.30985805319435167,0.6522102445907456,-1.1635019296279825,0.42127753509031807,-0.35867624489035876,-1.2586335510551052,-0.5167110326499096,-0.9885710532241613,0.5002993116101648,-3.2757193223247443,0.5122442736515016,-0.7424708758502816,0.06878824724308273,0.7748212760494178,1.6005500639311296,0.5549869371057006,1.335563785613043,1.0230864811853158,-0.1224563121648059,-1.5943363192328135,-0.9886313907262549,0.8921904730326222,-1.3244252677356732,-0.3752925782403608,1.5373631283202527,-1.206240525680768,0.004278233915967804
-0.23381505576760842,1.142206531932559,0.22103487785398448,0.612775710310261,-0.6439209162167846,0.36206941027214823,0.35268865596589305,0.7003544928413604,0.10458841182250311,-0.2852115724793929,1.397284461463125,-1.2925517935940398,-0.7150738826235884,0.03560568590174467,-0.1623281084413961,-0.35867624489035876,-0.9344241745682298,-0.5167110326499096,1.0115610777177464,-1.9988034698300843,0.30527646040513345,0.5122442736515016,-0.4125485132822708,0.23804487404995245,-0.04194016268367473,0.7325114838043248,-0.19580829911842734,1.335563785613043,0.43173883772477617,0.03170084056958422,-1.6424688926808688,-1.7099249948171042,-0.42403241859488283,-1.7402554650885707,-0.6081988278666671,0.9004344266339744,-1.0031182918933719,0.578919472379396
1.6847062931317278,-0.8754984077249564,0.8414396860665453,-1.6319184706157481,-0.6439209162167846,0.36206941027214823,-1.4260889132533936,-1.262431268450093,-1.258310833178045,-0.01747905464331334,0.8877100381432487,0.30985805319435167,-0.08316367386300083,-0.24148681030077268,1.121685547383641,-0.35867624489035876,0.7945124291035353,-0.5167110326499096,-0.9885710532241613,0.5002993116101648,0.30527646040513345,0.5122442736515016,1.3468541764076536,0.31647714664334314,-0.419230223430221,-1.2041539921703621,-0.5423735976260254,-0.8200929291332272,0.3739885486733572,0.40041518794847775,-1.3355353232365585,-1.2228078349435947,-0.019266811596450106,-1.3239588117228096,-0.5944866659703947,-1.1099153216713604,0.08008747106154226,-1.4845471688407965
-0.5935752742640285,-0.7418537480302008,-0.47893410585018503,0.612775710310261,-0.6439209162167846,-2.5549821099026886,0.2937791201267908,-1.2021844928833765,0.7813920496300597,-0.2852115724793929,-0.917746203707741,0.30985805319435167,-0.7150738826235884,0.03560568590174467,3.9692760449774864,-0.35867624489035876,0.7945124291035353,1.9353176859251158,-0.8560903456982878,0.5002993116101648,0.30527646040513345,0.5122442736515016,-0.7424708758502816,-1.9329490065121107,-0.13085527232147887,-0.07803171215463581,0.5549869371057006,-0.11834338851331977,0.3673629526022986,0.19775827780859626,-1.4352408060802748,-1.29318470200339,0.019918687663855704,-1.4114325541112696,-0.6637251266373005,0.09978047551705926,1.3664154678038525,-0.49199690033628696
1.6847062931317278,-0.8754984077249564,0.22103487785398448,-1.6319184706157481,-0.6439209162167846,0.36206941027214823,0.27111166398934194,-1.2207168782667905,-1.5560415525219147,-0.2852115724793929,1.4142350928557177,0.30985805319435167,-0.7150738826235884,-0.01938690790188833,-0.403105743590996,-0.35867624489035876,0.7003525543398786,-0.5167110326499096,1.0115610777177464,-1.884191451397894,0.30527646040513345,0.5122442736515016,-0.7424708758502816,0.0196311779573368,1.7447414345573222,0.7723208323770195,0.5046605932804384,0.5570441919893597,-1.7858610174536578,0.8522524499505646,-1.093058791039683,-0.6980452799920138,0.5723376386004296,-0.9190185136705843,-0.8087928130842043,0.7809978568940775,0.02109484011920535,-0.5147567064782246
-0.5935752742640285,0.3771042883009619,0.22103487785398448,0.612775710310261,1.5529857391110689,-1.5773094076336813,0.9048262691128146,-0.5726177994653258,0.4766269283594988,-0.2852115724793929,0.49348913300962893,0.30985805319435167,0.13374387577116786,-0.7088071380529295,-0.403105743590996,-0.35867624489035876,-0.48009226632731483,1.0055223342076827,1.0115610777177464,0.5002993116101648,0.30527646040513345,0.5122442736515016,1.3468541764076536,0.47523322150880054,1.009165013216079,0.40335618851792143,0.5549869371057006,1.0403535811449187,-0.042050443055368536,5.707096549448983,-0.9505166700763499,-0.8731465062995359,-0.019266811596450106,-0.9438317709419253,-0.9670431609901377,0.8723710811818175,0.08008747106154226,0.19246294378708634
-0.5935752742640285,-0.17452065784528514,0.18695315872979212,-1.6319184706157481,-0.6439209162167846,0.36206941027214823,0.04370306706719801,-1.262431268450093,-0.30154773582942895,0.11730252377217554,1.5289783572009146,0.30985805319435167,-0.7150738826235884,0.03560568590174467,-0.403105743590996,-0.35867624489035876,-1.2586335510551052,-0.5167110326499096,1.0115610777177464,0.5002993116101648,0.30527646040513345,0.5122442736515016,1.3468541764076536,1.1406528759263421,0.1418643855152784,-0.43709533791548255,-0.5423735976260254,-0.9999949952580068,0.5648161125326768,0.15382331514552006,-0.9611743772849799,-0.88282548686913,-0.019266811596450106,-0.9543540733536992,-0.643903217540007,-0.8631184043630269,-1.206240525680768,-0.6644095361443878
-0.5935752742640285,0.720242301738957,-1.2239361618231643,0.612775710310261,-0.6439209162167846,0.36206941027214823,1.0560788604737634,0.17628289499384825,1.4170275021256222,0.6310915906837193,-0.972986227309673,-1.1950814169098267,0.36626903343731615,2.4338209169611993,-0.403105743590996,2.788029634651948,0.7945124291035353,-0.003916326987079111,-0.9885710532241613,0.5002993116101648,0.30527646040513345,0.5122442736515016,-0.7424708758502816,-1.6266212146722205,-0.9621788709346353,-0.822032081500696,-0.5423735976260254,-0.8371825767733626,-0.0876685618899799,-0.5797194390337584,-1.4130286127406444,-0.8114610292750565,0.9164966754468236,-1.1386196232841004,2.5275944449939813,-0.9517360541136893,1.6354262593490123,0.6854692681641679
1.6847062931317278,0.2940641283308254,0.6887280875478587,-1.6319184706157481,-0.6439209162167846,0.36206941027214823,-1.4260889132533936,-1.262431268450093,0.44354933038579414,-0.2852115724793929,-0.2718522426107295,0.6129886563978719,0.07747227212044827,-1.1635019296279825,1.121685547383641,-0.35867624489035876,0.7945124291035353,-0.5167110326499096,-0.9885710532241613,-0.5501987063301046,-3.2757193223247443,0.5122442736515016,0.46860625378119214,1.1406528759263421,0.2126071197274928,0.2293529777148816,0.5549869371057006,0.22979342979460887,1.0230864811853158,-0.5277177416230924,-1.1652222628676316,-1.4212037063555827,-0.7051137731760706,-1.3477251568531876,-0.35210947239127144,0.4028152211809899,0.08008747106154226,-1.4845471688407965
-0.5935752742640285,1.142206531932559,-0.05455696596697682,0.612775710310261,-0.6439209162167846,0.36206941027214823,0.6564711445812075,-0.042175143754529576,1.0559123917868332,0.4776550383277148,-0.6881265419983357,0.30985805319435167,-0.7150738826235884,-0.7539308827847564,2.608830303468484,-0.35867624489035876,0.7945124291035353,1.9353176859251158,1.0115610777177464,0.5002993116101648,0.30527646040513345,0.5122442736515016,-0.7424708758502816,0.40843382843060894,1.4134523913308414,1.0075699754746248,0.5549869371057006,1.069650133811613,0.543369918365811,0.04795195478779096,-0.963136237411931,-0.9886313907262549,-0.22133712692607557,-1.0128348846804067,-0.7039475420154315,1.149843302741012,1.3664154678038525,0.3432968901658739
1.6847062931317278,-0.8754984077249564,-0.21245857547159694,0.612775710310261,-0.6439209162167846,0.36206941027214823,1.2420774405755364,0.20361737475271902,-0.8260430238946344,-1.979942057646582,-0.972986227309673,0.30985805319435167,-0.7150738826235884,-0.5192652751006198,-0.403105743590996,-0.35867624489035876,0.7945124291035353,-0.5167110326499096,-0.9885710532241613,0.5002993116101648,0.30527646040513345,-0.6281412943538396,1.3468541764076536,-0.4272027287788507,-0.643916422666582,-0.07083492965217031,-0.5423735976260254,-0.5817248984088974,0.26851411594070795,-0.3682611365709698,-1.0776792443157222,-0.7067754733486595,0.5282472322852604,-0.9161718619519392,-0.2842025401244225,-0.5003642366559226,0.08008747106154226,0.8041696566917685
0.636425294413818,-0.8754984077249564,-0.21457045628154847,-1.6319184706157481,0.5421468964962046,0.36206941027214823,-0.5367001286437503,-0.8439170922537995,-0.02232548713228734,-0.2852115724793929,0.6284698611483186,0.30985805319435167,-0.7150738826235884,-1.1635019296279825,-0.403105743590996,-0.35867624489035876,0.7945124291035353,-0.5167110326499096,-0.9885710532241613,0.5002993116101648,0.30527646040513345,0.5122442736515016,0.3855156905194247,1.1406528759263421,0.3285424284355479,-0.5349282777757194,-0.5423735976260254,-0.6417832145876454,0.3768612008339294,0.7937824291251383,-0.8698825155619196,-1.2688930176272497,-0.9302671699146827,-1.1191407112581226,-0.7859805618760888,-0.7317326859582729,0.08008747106154226,-0.7599263371919349
0.7386865661577223,-0.8754984077249564,1.4997106830723483,-1.6319184706157481,-0.6439209162167846,0.36206941027214823,-0.5367001286437503,0.17903681290575896,-0.21980023789029124,-0.2852115724793929,-0.972986227309673,0.30985805319435167,-0.1473311702064677,1.7326234260139057,0.4885405220174253,-0.35867624489035876,-1.2586335510551052,-0.5167110326499096,1.0115610777177464,-0.9610912902593485,0.30527646040513345,-0.5110738672218489,-0.7424708758502816,0.6955783522628278,0.7748212760494178,-0.28268759682444344,-0.5423735976260254,-0.5447431240895679,0.7314939291742544,-0.7144894637714961,-0.9952833403849274,-1.3964478950069226,-0.9568214923971492,-1.2503788389646493,2.617097116734389,-0.5746984374687149,-1.206240525680768,-0.20179202260020246
-0.5935752742640285,-0.8754984077249564,0.5440191643459631,-1.6319184706157481,-0.6439209162167846,0.36206941027214823,-0.18067736333318912,-0.7169579014999581,-0.02232548713228734,-0.2852115724793929,1.5289783572009146,0.30985805319435167,-0.7150738826235884,-0.6834985648753911,0.20726895567229026,-0.35867624489035876,-0.027362910558147213,-0.5167110326499096,-0.1879171833229527,0.5002993116101648,0.30527646040513345,0.5122442736515016,0.09388696406106911,1.1406528759263421,-0.19509888245848667,-0.6560894084315384,-0.5423735976260254,-0.5331171755881176,-0.10028150387704776,2.0564600216430042,-1.1445475804681435,-1.3539123344735604,-0.6108712617933298,-1.3009419425719566,-0.9190064019353104,-0.7317326859582729,-0.43483025493338734,-0.49199690033628696
-0.5935752742640285,1.142206531932559,0.22103487785398448,0.612775710310261,0.020275203249843665,-0.5824082552055247,0.0010820097117905103,-1.262431268450093,0.2206643858193985,-0.2852115724793929,-0.13899803247281048,0.30985805319435167,-0.3016995549972057,-1.1635019296279825,-0.403105743590996,-0.35867624489035876,0.17377982336778208,0.224616759201681,-0.3838662531497683,0.5002993116101648,0.30527646040513345,0.5122442736515016,-0.11080016346535548,0.816593442068095,1.068059590891369,1.3381138538767225,-0.21060592463135042,0.24926803369513006,1.0230864811853158,3.2195358844731357,-0.8437168641059083,-1.2011083604663402,-0.844753294310779,-1.0693787610602934,-0.9598842358428279,0.6314889688626443,0.08008747106154226,-0.6881919036838116
-0.5935752742640285,1.142206531932559,1.0278894669433536,0.612775710310261,-0.24832992718587749,0.36206941027214823,-0.6968499411464666,-1.262431268450093,0.6366688250459668,0.6647646605716564,0.3946422035324737,0.30985805319435167,-0.7150738826235884,-1.1635019296279825,1.3962505560514094,-0.35867624489035876,-1.2586335510551052,-0.5167110326499096,-0.9885710532241613,-1.5487968486555934,-3.2757193223247443,0.5122442736515016,-0.36625181263913953,-1.196084121454865,-0.9903681636272735,1.6005500639311296,0.5549869371057006,2.1140833792367264,0.8966366026222395,-0.18610072953063628,-1.446450750883888,-0.68407807944912,1.2229035407108961,-1.0858775181525564,-0.6377392077290397,1.9155457640333402,-1.206240525680768,-1.0776349443481272
-0.5935752742640285,0.5298360411601231,-0.8306988959919608,0.612775710310261,-0.6439209162167846,0.36206941027214823,0.9721492484924293,0.2806688170196792,1.3411824924174507,-0.2852115724793929,-0.13899803247281048,0.30985805319435167,-0.3001051547630499,0.03560568590174467,-0.403105743590996,0.5963443757653613,0.7945124291035353,1.9353176859251158,0.4045239086247695,0.5002993116101648,0.30527646040513345,0.5122442736515016,-0.7424708758502816,-0.677767038231751,0.48045193006546966,0.391369776331147,0.22193962379435328,0.08448508163280344,-0.5945151299546816,1.6789174510151585,-0.945885959128078,-1.1734943575828518,-0.6108712617933298,-1.1048042915337644,-0.8443321639094737,0.2880373457436891,1.7568141287662022,0.6955909512334396
-0.5935752742640285,1.142206531932559,0.36358798703440554,0.612775710310261,-0.6439209162167846,0.36206941027214823,0.19555360557299328,0.0215844450016342,1.1122513868140889,-0.2852115724793929,-0.13899803247281048,0.30985805319435167,-0.7150738826235884,0.03560568590174467,0.49398811289923894,-0.35867624489035876,0.7945124291035353,1.9353176859251158,1.0115610777177464,0.5002993116101648,0.30527646040513345,0.5122442736515016,-0.7424708758502816,-0.37245684742754875,0.7748212760494178,0.3751736678001399,0.5549869371057006,1.0150774643007883,0.44491911200718526,1.3705124647568105,-1.3342269964460658,-1.1678119160464382,0.08525642582569903,-1.2934191247085653,-0.8451038692537998,0.8478142464740045,1.3664154678038525,0.1208947729288985
1.3983664089253964,-0.6219084182117263,-1.088452048451883,-1.6319184706157481,1.5529857391110689,0.36206941027214823,-1.2025278879226757,-1.0337954334071595,-0.02232548713228734,0.8733910799271684,-0.972986227309673,0.30985805319435167,0.4803667006379101,-1.0127952124708977,1.121685547383641,-0.35867624489035876,0.7945124291035353,-0.5167110326499096,-0.9885710532241613,0.5002993116101648,0.30527646040513345,0.5122442736515016,1.3468541764076536,0.06878824724308273,0.6529193874281609,-0.13552709632247995,-0.5423735976260254,-0.12362919443993314,-0.8188477056935592,0.01093333723368961,-1.8748205166681746,-1.3697386812250472,0.6466919028799591,-1.6700420407402963,-0.7874474691341836,-0.306019150786295,0.08008747106154226,-1.2350549787447203
1.6847062931317278,0.16409592526421268,0.2456214394275963,-0.47537109645877984,1.5529857391110689,0.36206941027214823,-1.4260889132533936,0.11579382142724065,-1.6297605606569814,0.31174228730177445,-0.972986227309673,0.30985805319435167,-0.7150738826235884,-0.5822177912814229,-0.403105743590996,-0.35867624489035876,-1.2586335510551052,-0.5167110326499096,-0.018979110635909402,0.5002993116101648,-3.2757193223247443,0.5122442736515016,0.33402472140405814,0.06878824724308273,0.27508344004653495,0.7060605169421974,0.023026115052830032,0.5570441919893597,-0.381387268134171,-0.7144894637714961,-0.9048951587272606,-0.527161232850857,0.5723376386004296,-0.7332454760620892,0.5711852661838508,0.5861445276511172,-1.206240525680768,-0.7325731922892034
-0.5323130786523975,-0.8212430266215807,0.2427309159444111,0.5524166677897313,-0.6439209162167846,0.36206941027214823,-0.56061548242499,0.5567243481984884,-1.6297605606569814,-0.2852115724793929,-0.16142368374482996,-1.5418668045486297,0.6522102445907456,-1.13125834465883,-0.403105743590996,-0.35867624489035876,0.7945124291035353,1.9353176859251158,-0.9885710532241613,0.5002993116101648,0.30527646040513345,-1.9521936143308383,-0.7424708758502816,-1.0030763814401766,-0.19509888245848667,-0.11218584208279558,-0.5128659561223179,1.335563785613043,-0.381387268134171,-0.24416379400518612,-1.4040111853512072,-1.2686167054967639,0.012549262475642031,-1.3826618346959676,-0.6875465482906225,0.4231536191538625,1.3664154678038525,-0.009066431110007378
-0.5935752742640285,-0.8754984077249564,-0.9069999640972054,0.612775710310261,-0.6439209162167846,-1.5183591765675832,-0.3553797335459945,-0.16741711279216975,-0.6621884938684822,-0.2852115724793929,-0.972986227309673,1.4552766950930693,1.1964776598734428,-1.1635019296279825,1.4325459541094627,-0.35867624489035876,0.7945124291035353,-0.5167110326499096,1.0115610777177464,-1.9988034698300843,0.30527646040513345,0.5122442736515016,1.3468541764076536,0.06878824724308273,-0.19509888245848667,-0.6580302423959218,-0.5423735976260254,-0.6900939011585829,0.7435508374373327,-0.7144894637714961,-1.885113863224789,-3.4250578809433345,-3.3276717782392837,-2.7923220857499658,0.05743248768018408,-0.8088330790745457,0.08008747106154226,-0.28964489190770015
1.6847062931317278,1.142206531932559,0.04042123176410109,-1.6319184706157481,-0.6439209162167846,0.36206941027214823,-0.5367001286437503,-0.35285346012580227,0.1575859327244929,-0.025859450981598697,-0.972986227309673,0.30985805319435167,1.713429097099612,-1.1635019296279825,0.7803624411968757,-0.35867624489035876,0.7945124291035353,-0.5167110326499096,-0.5408433440235967,-1.439381646600797,0.30527646040513345,0.5122442736515016,-0.2747774145276683,0.3087241431518555,0.7748212760494178,1.2119308132670614,-0.29673046696386807,0.12706636601053606,0.8658914127477583,-0.498107093718765,-0.6321834360884582,-0.7522520536971835,-0.346011054668142,-0.7209734004854329,-0.14591198378082532,0.4874710509273549,0.08008747106154226,-0.49199690033628696
1.6847062931317278,-0.8754984077249564,0.07724583537323437,0.612775710310261,-0.6439209162167846,0.36206941027214823,1.2420774405755364,-0.7761454225644124,-0.8260430238946344,-2.39594303645681,-0.972986227309673,0.30985805319435167,-0.7150738826235884,-0.9498097251094587,-0.403105743590996,-0.35867624489035876,0.7945124291035353,-0.5167110326499096,-0.9885710532241613,0.5002993116101648,0.30527646040513345,-1.513007707777095,1.3468541764076536,-0.812060068573572,-0.9921701872069666,-0.6941804713315921,-0.5423735976260254,-0.861255514274212,0.7727961087504014,-0.5996461154672609,-1.0776792443157222,-0.48807327147121005,0.953083184178158,-0.7972930869751298,-0.05588727101295121,-0.9077282616706095,0.08008747106154226,0.26960086079105716
0.1926201159322053,-0.8754984077249564,-1.3926743003247537,-0.8573135040041808,-0.6439209162167846,0.36206941027214823,-1.1191762943045391,-1.262431268450093,-0.5770234063580602,-0.2852115724793929,0.9533886815066082,0.30985805319435167,-0.7150738826235884,0.03560568590174467,1.5941188672178432,2.788029634651948,0.7945124291035353,-0.5167110326499096,-0.9885710532241613,-1.9988034698300843,0.30527646040513345,0.5122442736515016,0.6258643969993397,-0.6331945187042907,0.1396037146173269,0.13342141524158235,0.933666994099504,1.0669101984341656,0.296097243001223,-0.5034654677488005,-0.9619560030210723,-1.1773537854104326,-0.5900184570741369,-1.1148350779067215,0.1917905664147675,0.8981719771498278,1.3664154678038525,-1.3132912413901208
1.6847062931317278,-0.8754984077249564,0.993309580649738,-0.8516196426883981,-0.6439209162167846,-2.7619013692660572,-0.807751651901968,-0.9462445452095221,-0.7915975842711284,-2.6024168772925154,-0.972986227309673,1.5512688738298612,0.6522102445907456,0.03560568590174467,3.6412213785142744,-0.35867624489035876,0.7945124291035353,-0.5167110326499096,1.0115610777177464,0.5002993116101648,-2.0308963812663814,-1.9521936143308383,1.3468541764076536,-1.3756771216948245,1.7447414345573222,1.0342583731686688,-0.5423735976260254,0.5236786768285145,-1.7858610174536578,-0.26645739834928117,-1.4274008964031286,-2.8957149667720454,-3.106877819076295,-2.278641124840766,0.4622869482729979,0.5180707553789288,0.08008747106154226,-0.9670028518326252
1.612246273547183,-0.8754984077249564,1.0022277137325224,0.612775710310261,-0.6439209162167846,0.36206941027214823,-1.3978021862424057,-1.2335024359703644,-0.02232548713228734,-0.2852115724793929,-0.972986227309673,0.30985805319435167,0.6087242084249718,0.03560568590174467,-0.403105743590996,-0.35867624489035876,-1.1933338971136125,-0.5167110326499096,0.9479475123648944,0.5002993116101648,0.30527646040513345,-1.9521936143308383,-0.676020558044242,-3.0445346994752382,-2.104091197766911,-1.8439965660183215,-0.5423735976260254,-0.9999949952580068,0.9784176409339338,0.28289840339386485,-0.07163113904095586,0.20052319120101994,0.5158902652892756,0.07363677097774951,-0.704012263959912,-1.4760699791123733,-1.1653292734589282,-1.4529794236929954
0.6565527004510735,1.142206531932559,-0.5858197112353846,-0.40022040905286205,-0.6439209162167846,0.36206941027214823,-0.5367001286437503,-1.262431268450093,-0.46333760383225536,0.3505314401843972,-0.05774204689919782,0.30985805319435167,0.6522102445907456,-0.5055332235996298,-0.403105743590996,-0.35867624489035876,-1.2586335510551052,-0.5167110326499096,-0.08594204296771557,-1.9988034698300843,0.30527646040513345,-0.5999188166041556,0.40397376623421666,-0.41492785028375767,-0.7273089221406503,-1.0035656764492848,-0.5423735976260254,0.9842298115286052,0.3892689794973597,-0.5376853322170599,-0.8936679119279318,-1.0183042081842666,-0.4015296178543498,-0.9946711081658138,-0.13641032147912033,-0.14603544835300566,-1.206240525680768,-0.9882720345885417
-0.5935752742640285,-0.8754984077249564,0.6522369343577903,0.612775710310261,0.37890718699745896,0.36206941027214823,-0.5367001286437503,-0.8389532193678189,0.7813920496300597,0.25420659099425935,-0.972986227309673,-0.5760841957664318,0.015634891240160598,1.1521583304737033,-0.403105743590996,-0.35867624489035876,-0.16138408266437954,1.9353176859251158,1.0115610777177464,0.5002993116101648,0.30527646040513345,0.5122442736515016,0.23026976154383094,0.1425829193355579,0.25647314659881937,-0.9438038178433467,-0.5423735976260254,-0.583935826309218,-1.458916033799751,-0.7144894637714961,-0.7654176763621492,-0.8468385271351881,-0.29470393869536043,-0.838158017334925,2.1040682277878613,-0.8817688896986822,0.7675313860298051,-0.7572179963987051
0.8736574563650055,0.42392075564096177,-0.8730530739969726,0.612775710310261,-0.6439209162167846,0.36206941027214823,-1.4260889132533936,-1.262431268450093,-1.6297605606569814,0.4609384020154966,-0.43589072781809945,0.30985805319435167,1.1389517504593034,-0.391266413952525,-0.403105743590996,-0.35867624489035876,0.7945124291035353,-0.5167110326499096,1.0115610777177464,-0.3893599969029984,0.30527646040513345,-1.0748747126918863,1.3468541764076536,0.7590781958227473,0.42953795919686877,0.9825213788417525,1.5777549899472099,1.282644342229971,-0.13139692081352827,-0.7144894637714961,-1.2936470933253832,-3.4250578809433345,-4.371104109302108,-2.500345955351245,0.7399526454914476,1.5948726529523645,0.08008747106154226,-1.4845471688407965
-0.5935752742640285,1.142206531932559,0.942538180064497,-1.6319184706157481,1.3205909399483313,0.36206941027214823,0.35268865596589305,0.46050671802481996,-0.02232548713228734,0.750830920139562,-0.972986227309673,0.30985805319435167,-0.5704388252479007,0.03560568590174467,1.282982143655393,-0.02580908409089,0.7945124291035353,-0.5167110326499096,-0.9885710532241613,0.5002993116101648,0.30527646040513345,0.5122442736515016,1.3468541764076536,0.06878824724308273,-0.09249807331910298,-0.04370359940473223,-0.5423735976260254,0.6393981254920246,0.8745174037914789,0.5061997808041262,-2.6125293901278894,-1.8700748416966553,0.9761974747229785,-2.3061752545255754,-0.7469259141016135,0.10464297412982915,0.2161587673705445,0.4480560261103272
-0.5935752742640285,1.142206531932559,3.8397828792769353,0.612775710310261,-0.6439209162167846,0.36206941027214823,0.23818127448173448,-1.262431268450093,0.7813920496300597,0.8733910799271684,0.6949901623640521,0.30985805319435167,-0.7150738826235884,-1.1635019296279825,3.778639256424453,-0.35867624489035876,-1.2586335510551052,-0.5167110326499096,-0.9885710532241613,-1.9988034698300843,-3.2757193223247443,0.5122442736515016,1.0778569224021246,0.8646511676523176,0.5250699422765589,1.6005500639311296,3.4232183076890266,2.1140833792367264,-1.4242135260960986,1.0528601582498587,-1.4562043067961503,-0.9494206397024709,0.7246738893800091,-1.234923160014467,-0.9040507958652968,2.9040224453342103,-1.206240525680768,-0.5558915289872055
0.15848436231680874,-0.8754984077249564,-0.04530742931648166,0.612775710310261,-0.6439209162167846,0.36206941027214823,-0.8302869335869042,-0.35285346012580227,-0.02232548713228734,0.09724259919986816,-0.972986227309673,0.30985805319435167,-0.7150738826235884,0.43143052619460853,0.10022711945929524,-0.35867624489035876,0.7945124291035353,-0.5167110326499096,-0.9885710532241613,0.5002993116101648,0.30527646040513345,-1.9521936143308383,0.6571689935105941,-0.9926777295450604,-0.8448488686932232,-1.0035656764492848,-0.5423735976260254,-0.7430060563004091,-0.1495792175805451,0.7401655566643577,-0.2930284656528255,-0.7846109792786985,-1.0071873709080976,-0.5711395418215839,-0.6307631486350629,-0.9850774176801185,0.08008747106154226,-0.6558170806208883
1.6847062931317278,1.142206531932559,-0.03843565160014359,-0.10907925025309828,-0.6439209162167846,0.36206941027214823,0.06667655173571313,0.8812930639377252,0.7813920496300597,0.08737507164712377,0.15859770355176217,0.30985805319435167,-0.2753788728908824,-0.35000665624918226,0.6313389484719867,-0.35867624489035876,0.7945124291035353,-0.5167110326499096,1.0115610777177464,-1.1951350881549787,0.30527646040513345,0.5122442736515016,1.3468541764076536,1.1406528759263421,0.7748212760494178,0.4533652373582201,1.2994552372276431,1.335563785613043,0.7972592055719725,0.47075059400095554,-1.1855218213475103,-0.7820171752820785,0.5723376386004296,-1.0103068130920736,-0.7939050010918813,1.2941290932270628,0.08008747106154226,0.5180479132760994
-0.5935752742640285,-0.8754984077249564,1.0278894669433536,0.40561156844834456,1.3502319360010273,0.36206941027214823,-0.45461791632685433,-0.4367989292767091,-0.02232548713228734,-0.2852115724793929,0.014940486345885018,2.03713192953147,-0.7150738826235884,0.03560568590174467,-0.403105743590996,-0.35867624489035876,-1.2586335510551052,-0.5167110326499096,1.0115610777177464,-1.7681598090850739,0.30527646040513345,0.5122442736515016,1.3468541764076536,0.167711262182118,-0.19509888245848667,-0.13552709632247995,-0.5423735976260254,-0.9999949952580068,-0.954004437126334,-0.6550146990801561,-1.0776792443157222,-0.9886313907262549,-0.019266811596450106,-1.0693787610602934,0.9607370975422209,-0.7317326859582729,-1.206240525680768,-0.49199690033628696
1.6847062931317278,1.142206531932559,1.4161038361568865,-1.6319184706157481,-0.6439209162167846,0.36206941027214823,-1.4260889132533936,-1.262431268450093,0.3946870586945869,-0.2852115724793929,-0.5717166486665941,2.2127510386937814,1.3100727047662013,-1.1635019296279825,1.121685547383641,-0.35867624489035876,0.7945124291035353,-0.5167110326499096,-0.9885710532241613,0.5002993116101648,-1.5527396953292532,0.5122442736515016,0.34158505082732393,0.6249301467835329,0.27157373440994137,0.2821256683686968,1.0829769040110215,0.5570441919893597,1.0230864811853158,-0.23724266436974842,-0.9036816799081383,-1.146650279037804,-0.6331801993593408,-1.0693787610602934,-0.7170898212593302,0.7667368877518321,0.08008747106154226,-1.4845471688407965
1.6847062931317278,1.142206531932559,-0.03087745594087654,-0.08805211842032912,-0.6439209162167846,0.36206941027214823,0.07500788496742239,0.8983339710245926,0.7813920496300597,0.07652188241495017,0.17422244198501602,0.30985805319435167,-0.2881868820353298,-0.3387740375131104,0.6456224031025659,-0.35867624489035876,0.7945124291035353,-0.5167110326499096,1.0115610777177464,-1.2185453879167512,0.30527646040513345,0.5122442736515016,1.3468541764076536,1.1406528759263421,0.7748212760494178,0.4614965729385201,1.3097347420385672,1.335563785613043,0.8038373966978615,0.47376893420850286,-1.1823804422501591,-0.7791642776888354,0.5723376386004296,-1.0072053448113922,-0.7931170918689066,1.3012143311232314,0.08008747106154226,0.531994458104236
0.5190075503382416,-0.8754984077249564,0.22103487785398448,0.612775710310261,-0.6439209162167846,0.36206941027214823,0.3319534217439394,-0.7970394034540231,-0.41481530929925076,-1.4168025312559618,-0.972986227309673,0.30985805319435167,-0.7150738826235884,-0.5499701081442648,-0.403105743590996,-0.35867624489035876,0.7945124291035353,-0.5167110326499096,-0.9885710532241613,0.5002993116101648,0.30527646040513345,-1.9521936143308383,1.3468541764076536,-0.4546493266011561,-1.1650190409663912,-1.0035656764492848,-0.5423735976260254,-0.9999949952580068,0.30447763700298236,0.2746909627556503,-0.5629276752859546,-0.5353516058859733,-0.04685217595871061,-0.5688860575952088,-0.40139786198282024,-1.1099153216713604,0.08008747106154226,-0.24964441917330701
1.3270669321069242,0.8254718861001047,-0.45916154755120875,-1.2795515796874586,-0.6439209162167846,0.36206941027214823,-0.6763143190855441,-1.262431268450093,-0.2746569200909283,0.8733910799271684,1.1362257544864582,0.30985805319435167,0.43757715068600606,0.03560568590174467,-0.403105743590996,-0.35867624489035876,-1.2586335510551052,-0.5167110326499096,1.0115610777177464,0.5002993116101648,0.30527646040513345,0.5122442736515016,-0.7424708758502816,1.1406528759263421,-1.012763222064097,-1.5990788869429677,-0.5423735976260254,-0.9999949952580068,-0.9733886254919657,-0.7144894637714961,-1.0776792443157222,-1.2453766289355617,-0.5180025661168358,-1.2089363838799958,1.1172323834000635,-1.3693654897889622,-1.206240525680768,-1.0661761551531286
-0.5935752742640285,-0.8754984077249564,-0.5858197112353846,0.612775710310261,-0.6439209162167846,0.36206941027214823,1.2420774405755364,0.5567243481984884,0.9786468931136806,-1.880938744931189,-0.4536500735623299,0.30985805319435167,-0.7150738826235884,1.2347133014314717,-0.403105743590996,2.788029634651948,0.7945124291035353,1.9353176859251158,0.2569392960836452,0.5002993116101648,0.30527646040513345,0.5122442736515016,-0.7424708758502816,-0.19427741935697818,0.408884012839019,1.0600102573748247,0.14096820854088438,0.45439023659251054,0.05590548944099477,-0.5138418560326745,-0.7865483379444265,-0.68407807944912,0.058740906308776375,-0.7601182992473052,0.8571277409204291,0.7311314903487551,2.6527434645461625,0.9968285024204774
-0.587663078043824,1.142206531932559,1.0299832742760977,0.612775710310261,-0.6439209162167846,0.36206941027214823,-0.5367001286437503,-0.3552138367172276,-0.026496820343212622,-2.5964036730246103,-0.972986227309673,2.2127510386937814,-0.7115257469740943,-1.1635019296279825,1.1295992885437431,-0.35867624489035876,0.7891844652218377,-0.5167110326499096,1.0115610777177464,-1.9988034698300843,-3.2757193223247443,0.5122442736515016,1.3468541764076536,0.06878824724308273,0.7748212760494178,-0.13552709632247995,0.5521392597604203,-0.21945512430572348,-1.7785717302023065,3.465103761288572,-1.4121583729525413,-0.9878410674573704,0.5723376386004296,-1.2340639765107426,-0.9626673782384706,0.0246325854679023,0.07674941854462873,-0.49328474641066905
-0.5935752742640285,1.142206531932559,-0.2670341427364056,0.612775710310261,-0.6439209162167846,0.36206941027214823,1.2420774405755364,0.6765147386197946,1.5851095863924067,-0.13262488577181608,0.08067261153799787,0.5604669528143738,-0.5350040767016466,-0.1223154596087177,-0.20229241856785785,-0.35867624489035876,0.7945124291035353,1.9353176859251158,0.7481458902901447,0.5002993116101648,0.30527646040513345,0.5122442736515016,-0.4673090794250969,-0.8619129964348796,0.6470838649100585,-0.02120737626937874,0.41046576949869584,0.35198385472667193,-0.2889034491426934,1.490678416602627,-0.7864950164686775,-0.94852205678241,-0.4550439594658312,-0.9038343621061199,-0.8314748621815757,0.3032027522574348,1.3664154678038525,1.0621873882072648
1.6847062931317278,-0.8754984077249564,0.8915035959368343,-1.6319184706157481,-0.45824493955469914,0.36206941027214823,-0.6118686073837158,-0.35285346012580227,-0.15818108958757143,-0.2852115724793929,0.5540177890268018,0.30985805319435167,0.5366514815092973,-1.0621569420762924,0.9928147501329005,-0.35867624489035876,-1.2586335510551052,-0.5167110326499096,-0.8195258705509654,0.5002993116101648,-3.2757193223247443,0.5122442736515016,1.1702706749185285,1.0500620848712678,1.6627666850710614,1.6005500639311296,-0.5423735976260254,-0.8683987023102984,-0.381387268134171,-0.7144894637714961,-1.0776792443157222,-1.5205182096353647,-1.0524737984065637,-1.3584936072549292,0.14700360360672704,0.08855831492242942,-1.206240525680768,-0.5339405896696162
-0.5935752742640285,-0.8754984077249564,0.859929973655491,0.612775710310261,0.668243277771628,0.36206941027214823,-1.4260889132533936,0.013453459180458482,-0.18963195355956208,0.8733910799271684,-0.13899803247281048,1.4464143263107618,-0.7150738826235884,0.03560568590174467,2.349819293106688,-0.35867624489035876,-1.2586335510551052,-0.5167110326499096,1.0115610777177464,-1.9988034698300843,0.30527646040513345,-0.9597104619202139,1.3468541764076536,0.06878824724308273,-0.7744109346729711,1.0820896454692648,0.1130557981013337,-0.5350023053801762,-0.381387268134171,-0.7144894637714961,-0.8773824166573149,-0.9293786665950932,-0.2575188903259591,-0.9382950366080369,1.1172323834000635,0.25051278486891937,-1.206240525680768,-0.78841116079353
-0.5935752742640285,1.142206531932559,0.23212348380671888,0.5819268689040589,1.5529857391110689,0.36206941027214823,-1.4016431657675965,-1.237430605291585,-0.8149975304649962,-0.26928889143865076,-0.972986227309673,0.30985805319435167,0.6334196531792008,-1.147022588711624,1.121685547383641,-0.35867624489035876,0.7945124291035353,-0.5167110326499096,0.984073253575296,0.5002993116101648,0.30527646040513345,0.5122442736515016,-0.7137572730215342,0.06878824724308273,0.7614916593021843,0.7205820260098783,-0.5423735976260254,-0.21077620364138783,1.0230864811853158,-0.37899018354820435,-1.431463443765943,-0.7008199891117473,1.1639420887973093,-1.0875793799327158,-0.6507190910605386,0.0246325854679023,0.08008747106154226,-1.457265923955894
-0.5935752742640285,0.20718318925770163,-0.21191574732332377,-0.42743657002865465,-0.6439209162167846,0.36206941027214823,1.2420774405755364,0.5567243481984884,1.5851095863924067,-0.2852115724793929,0.6339578287742718,0.30985805319435167,-0.08146162847941996,0.5912833714060455,-0.403105743590996,-0.35867624489035876,0.7945124291035353,1.9353176859251158,1.0115610777177464,0.5002993116101648,0.30527646040513345,0.5122442736515016,0.22574189693905078,-0.5063642862730398,0.7748212760494178,-0.5377842939971157,0.04645980058667609,-0.16450233194535124,-0.055964131684224816,0.5979493709159938,-1.0531379442714985,-1.129764243967611,-0.33671622569657456,-1.1339788310454264,-0.6884907709463848,-0.2981982624774495,1.3664154678038525,0.9968285024204774
-0.5935752742640285,0.9889452140759316,-0.46324520074873776,0.612775710310261,-0.6439209162167846,0.36206941027214823,1.17452103302701,1.3972122262475495,1.463011645858457,1.855982893593201,-0.972986227309673,0.30985805319435167,-0.6112173855200589,-1.1635019296279825,-0.2872852794002565,-0.35867624489035876,0.6385590721550398,-0.5167110326499096,-0.9885710532241613,0.5002993116101648,-3.2757193223247443,0.5122442736515016,1.1881527207853706,-0.9216594297704319,-0.3424457405514867,-1.0695003600225985,0.4716333612625522,-0.9999949952580068,0.9164051258072197,1.8387531706353237,-0.7678024240007906,-0.730344747014355,-0.06420404493761922,-0.7760133471544753,-0.9393948609520396,-0.789184861448034,-0.017619740781863236,1.4177112642796847
-0.5935752742640285,1.142206531932559,-0.20479629462408527,-1.1019090627066874,-0.6439209162167846,0.36206941027214823,1.2420774405755364,0.07667925727831454,1.5851095863924067,0.8733910799271684,0.49807176113832974,-0.1394464414352008,-0.7150738826235884,-0.8803727966144259,-0.04307731023845346,-0.35867624489035876,0.7945124291035353,-0.5167110326499096,1.0115610777177464,0.5002993116101648,0.30527646040513345,0.5122442736515016,0.8535299885131702,0.06878824724308273,-0.19509888245848667,-0.13552709632247995,1.3932425067967105,0.9679210907922537,-0.5471970044060308,0.516182896783318,-0.406980507465878,-0.8448112467098894,-0.9231005284755789,-0.6601144240358185,-0.4282981610936284,0.8912949741178356,0.08008747106154226,0.7349108965122562
-0.04668610709347765,-0.8754984077249564,0.22103487785398448,-1.6319184706157481,-0.6439209162167846,0.36206941027214823,-0.5367001286437503,-0.35285346012580227,-0.4081815820159045,-0.2852115724793929,1.3287840020204187,0.30985805319435167,-0.7150738826235884,-1.1635019296279825,-0.403105743590996,-0.35867624489035876,0.7945124291035353,0.07188519837372809,-0.9885710532241613,0.5002993116101648,0.30527646040513345,0.5122442736515016,-0.7424708758502816,1.1406528759263421,-0.6607470580829309,-0.7951977104563471,-0.5423735976260254,-0.22147540163432355,-0.04425094132087892,1.6826944154582788,-1.2520310087274455,-1.3784188880938526,-0.4688598134751154,-1.3673217701746752,-0.9175780273571676,-0.6409519898216187,0.38886354901168485,-0.49199690033628696
0.616797700402483,-0.8754984077249564,-1.3926743003247537,-0.43938932414608733,-0.6439209162167846,0.36206941027214823,-0.9535871100221464,-1.262431268450093,-0.876300693431887,-0.2852115724793929,0.6428396229308498,0.30985805319435167,-0.7150738826235884,0.03560568590174467,1.0263380486544402,2.788029634651948,0.7945124291035353,-0.5167110326499096,-0.9885710532241613,-1.9988034698300843,0.30527646040513345,0.5122442736515016,0.23686732722404802,-0.4336314113252028,0.3201864818453449,-0.18980685769404104,1.1379770089707515,0.9219629867233876,-0.09613672686706431,-0.5634564054479727,-0.8995196092549075,-0.9505430351173908,-0.2595781591263795,-0.9607272093362178,0.45487970998781696,0.7573495264035415,1.3664154678038525,-1.2208931854639555
1.6847062931317278,-0.8754984077249564,1.0278894669433536,-0.01458026034659965,-0.6439209162167846,0.36206941027214823,0.6012585364428543,0.8109367365398804,0.5567659069269688,1.1972019125040496,-0.5068136164176157,-1.593034932305078,0.049194023518002616,0.03560568590174467,-0.403105743590996,-0.35867624489035876,0.7945124291035353,-0.5167110326499096,-0.9885710532241613,-0.1981597767343013,0.30527646040513345,-1.263422806941434,1.3468541764076536,0.5415149797671974,-0.4661759884940906,0.24730580132832514,0.37771033533514764,-0.7824112729481436,1.0230864811853158,-0.7144894637714961,-0.6881547943577239,-1.0245491152571398,-0.7762152036326908,-0.8966145686378386,1.1172323834000635,-0.14215810516028415,0.08008747106154226,0.777955226476822
-0.4515440971683302,-0.8754984077249564,1.8347440560327226,0.612775710310261,1.5529857391110689,0.36206941027214823,-1.315197495983829,-0.35285346012580227,0.7813920496300597,0.8733910799271684,-0.13899803247281048,2.2127510386937814,-0.6298355271930532,0.03560568590174467,1.2167431140082745,-0.35867624489035876,-1.2586335510551052,-0.5167110326499096,1.0115610777177464,-1.843005997379466,0.30527646040513345,-1.9521936143308383,1.3468541764076536,0.001966745863362443,-1.1650190409663912,0.624282068209468,0.4865759862044603,-0.270009373842522,-0.381387268134171,-0.6743148585663257,-0.784142148980588,-0.7220506162137736,-0.019266811596450106,-0.7795710166995773,1.0115213922185453,0.30850953802720443,-1.206240525680768,-0.9263950984890721
-0.5935752742640285,-0.8754984077249564,-1.1542663717398836,0.612775710310261,-0.6439209162167846,0.36206941027214823,1.110679949185725,1.466302156522779,0.42517055253892416,0.8733910799271684,1.282553040069492,-1.3119032506326638,0.4502089292583022,0.21276075611794737,2.421205557683162,-0.35867624489035876,-0.955303628395548,1.9353176859251158,-0.9885710532241613,0.5002993116101648,0.30527646040513345,0.5122442736515016,1.3468541764076536,0.06878824724308273,0.7748212760494178,0.6042682522368203,0.7171099860006971,0.6720619697825273,1.0230864811853158,0.7757953545923864,-1.2643959792533703,-0.68407807944912,0.9017327760780007,-0.9960066235453383,-0.7281055331308177,0.8368702160690324,0.2701284011938069,1.4197843990026633
-0.5935752742640285,1.142206531932559,0.11362887313769583,0.612775710310261,-0.6439209162167846,0.36206941027214823,0.471081359293279,-0.23177325597034268,0.888380459575757,0.7191614533855013,-0.8619682803347745,0.30985805319435167,-0.7150738826235884,-1.0038804068028104,3.562341529158476,-0.35867624489035876,0.7945124291035353,1.9353176859251158,1.0115610777177464,0.5002993116101648,0.30527646040513345,0.5122442736515016,-0.7424708758502816,0.8552862214625955,1.61562864208167,1.369448804567298,0.5549869371057006,1.2319296484646864,0.8361272493941658,-0.2207058590052708,-1.033038566387246,-0.9886313907262549,-0.09801937894534249,-1.0473419991266537,-0.6704761256839114,1.3863355955865226,1.3664154678038525,0.13640347712796497
-0.5935752742640285,1.142206531932559,2.037537257306456,0.612775710310261,-0.6439209162167846,0.36206941027214823,-0.2584686377104469,-1.262431268450093,0.7813920496300597,0.8733910799271684,0.6949901623640521,0.30985805319435167,-0.7150738826235884,-1.1635019296279825,2.0757001731385465,-0.35867624489035876,-1.2586335510551052,-0.5167110326499096,-0.9885710532241613,-1.9988034698300843,-3.2757193223247443,0.5122442736515016,-0.08885792907901169,-0.33244392265982947,-0.5581700757945087,1.6005500639311296,1.58486362192509,2.1140833792367264,0.14435081010001527,0.33313938494598183,-1.6434691309810439,-0.7793528606602445,1.3853979806372272,-1.234923160014467,-0.8312125937881664,2.2704714851589602,-1.206240525680768,-0.8330200537838436
1.6847062931317278,-0.8754984077249564,-0.4603059540741725,0.612775710310261,-0.6439209162167846,0.36206941027214823,0.4910413770669636,-0.494346772176107,0.5313405308074448,-2.6024168772925154,-0.972986227309673,0.30985805319435167,-0.7150738826235884,-1.1635019296279825,-0.403105743590996,-0.35867624489035876,-0.9392475433966578,-0.5167110326499096,-0.9885710532241613,0.5002993116101648,0.30527646040513345,0.12887797346076835,-0.41745687607132886,-1.0030763814401766,-1.9840590720177218,-0.27055859397506565,-0.5423735976260254,0.9722458326361204,-0.16290827638630612,-0.4423982768317881,-1.3608618905557262,-1.408233580282636,-0.33478249077459443,-1.4372520811699068,-0.5391929368523124,0.16749587544831268,-1.0061402077350023,0.004278233915967804
-0.5935752742640285,-0.8754984077249564,-1.1906510080873947,0.612775710310261,-0.6439209162167846,-0.42012216460369833,-0.980711883053663,-0.8069442305908795,-1.2272849101463152,-0.2852115724793929,-0.972986227309673,0.7863115689881275,1.6771486201183046,-1.1635019296279825,0.36046023407844396,-0.35867624489035876,0.7945124291035353,-0.5167110326499096,1.0115610777177464,-1.9988034698300843,0.30527646040513345,0.5122442736515016,1.3468541764076536,0.06878824724308273,-0.19509888245848667,-0.3528698667765451,-0.5423735976260254,-0.41640407094096465,0.49667832122539224,-0.7144894637714961,-1.413543398154812,-3.4250578809433345,-4.1595898075683575,-2.55953247421376,0.05743248768018408,-0.5429316368827186,0.08008747106154226,-0.9875102165427017
-0.5935752742640285,-0.8754984077249564,0.17186168530891927,0.612775710310261,-0.5769764410741848,-2.7619013692660572,1.2420774405755364,1.4385853626244334,-0.02232548713228734,1.9613834983703695,-0.16441144812389383,0.30985805319435167,0.6105461538360515,0.03560568590174467,-0.403105743590996,2.788029634651948,0.7945124291035353,-0.44199243903033225,-0.9276227214427303,0.5002993116101648,0.30527646040513345,-1.8770968866057842,-0.6788046437477532,0.1014502699180562,-2.1053836442648506,0.6796094754197725,-0.5423735976260254,-0.9999949952580068,-1.7002663402544838,0.26197317208588816,-1.7279403468180492,-1.8744501395073838,-0.5928438006290565,-1.871878284785548,-0.7016178749317566,-0.3765981283184701,1.4056126509860825,1.4779810649839125
1.6847062931317278,1.142206531932559,1.620467652268366,-1.6319184706157481,-0.6439209162167846,0.36206941027214823,-1.3079914066570733,-1.1416529619577402,-0.02232548713228734,-0.2852115724793929,-0.2497391707076807,1.9600753576014633,2.0194943718050795,-1.1635019296279825,1.121685547383641,-0.35867624489035876,0.7945124291035353,-0.5167110326499096,-0.9885710532241613,0.16845590148040968,0.30527646040513345,0.5122442736515016,-0.7424708758502816,0.06878824724308273,0.7748212760494178,0.8477740030943329,1.3609213930930184,0.4536684530163402,1.0230864811853158,-0.15563065656457997,-0.9886204998499564,-0.9481912735245649,-0.0978230197121207,-1.003433312615983,-0.6778269895275831,1.0587465157264184,0.08008747106154226,-1.3527513626531367
0.877860460909177,-0.8754984077249564,1.5489991894925672,0.612775710310261,1.5529857391110689,0.36206941027214823,0.03771457885564372,-0.35285346012580227,0.4967581597276231,0.46307580780529994,-0.13899803247281048,2.2127510386937814,0.16799112290950502,0.03560568590174467,1.5664773196522388,-0.35867624489035876,-1.2586335510551052,-0.5167110326499096,1.0115610777177464,-0.38474961840673927,0.30527646040513345,-1.0794211409254513,1.3468541764076536,-0.6234790916510907,-0.8215250458956763,-0.6961527031773852,-0.5423735976260254,-0.9999949952580068,-0.6300821194030884,-0.2982826072618652,-1.294265750360381,-1.1853281607355701,-0.019266811596450106,-1.2832135634525015,0.022071917890011394,-0.9759832002818012,-1.206240525680768,-0.17147595267687962
-0.5935752742640285,-0.07413898102815897,0.22103487785398448,0.612775710310261,1.5529857391110689,-0.8786587971600117,0.7059217142476069,-0.16577846843098976,0.2968820500189872,-0.2852115724793929,0.866518461751775,0.30985805319435167,-0.17203807853714403,-0.4406364902668736,-0.403105743590996,-0.35867624489035876,-0.020922897066621204,0.4571460906294219,1.0115610777177464,0.5002993116101648,0.30527646040513345,0.5122442736515016,1.3468541764076536,0.7149470120729335,0.5753355322934464,0.20922643292208393,0.5549869371057006,0.8662440174724626,-0.6702486635914471,6.643885510269399,-0.8755185162822657,-0.8050356397577557,-0.019266811596450106,-0.8697864590283951,-0.9663724886320695,0.7032161511536003,0.08008747106154226,0.303450833872119
-0.5935752742640285,1.142206531932559,-0.5858197112353846,0.612775710310261,-0.6439209162167846,0.36206941027214823,1.2420774405755364,1.466302156522779,1.5851095863924067,2.0319937323337296,-0.972986227309673,0.30985805319435167,-0.7150738826235884,-1.1635019296279825,-0.403105743590996,-0.35867624489035876,0.7945124291035353,-0.5167110326499096,-0.9885710532241613,0.5002993116101648,-3.2757193223247443,0.5122442736515016,1.3468541764076536,-1.0030763814401766,-0.19509888245848667,-1.0035656764492848,0.5549869371057006,-0.9999949952580068,1.0230864811853158,1.5929049461628795,-0.812665493418631,-0.7798928352041411,-0.0813078772055035,-0.8250924788641698,-0.8354235725217222,-0.7317326859582729,0.08008747106154226,1.4931036366727322
-0.5935752742640285,0.6123677191397108,-0.7570468567222162,-1.6319184706157481,-0.6439209162167846,0.36206941027214823,-0.3031512640467122,-1.262431268450093,-0.6149909829697424,0.569148055199313,1.5289783572009146,0.30985805319435167,-0.7150738826235884,0.03560568590174467,-0.0027034887875716507,-0.35867624489035876,-1.2586335510551052,-0.5167110326499096,1.0115610777177464,0.5002993116101648,0.30527646040513345,0.5122442736515016,1.3468541764076536,1.1406528759263421,0.5201252919205843,-0.7756232643982727,-0.5423735976260254,-0.9999949952580068,0.8386827338107199,0.912816881037304,-0.7423298758908001,-0.7640521934573843,-0.17461906026987917,-0.7817610604776402,-0.7959593721488311,-1.010606530387386,-1.206240525680768,-0.8579527679888086
1.6847062931317278,-0.8754984077249564,1.5405908883020514,0.20360414901865415,-0.6439209162167846,0.36206941027214823,-1.4260889132533936,-1.262431268450093,-1.3367510610566133,0.662196494833968,0.6949901623640521,-1.593034932305078,0.40297639090350157,-1.1635019296279825,1.121685547383641,-0.35867624489035876,-0.8843781387144658,-0.5167110326499096,-0.9885710532241613,0.04475316389918166,-3.2757193223247443,-1.5029663178463186,-0.7424708758502816,1.1406528759263421,1.5679406262524853,1.442320624878852,0.5549869371057006,0.41513262099410797,-0.6996047594284747,-0.7144894637714961,-2.0225985660695307,-3.091966928249583,-2.4380892940532286,-2.679134623846836,0.05743248768018408,1.0213072973870811,-0.9717636694423701,-1.4845471688407965
-0.5935752742640285,-0.8754984077249564,-0.9376364777431472,0.612775710310261,-0.6439209162167846,0.36206941027214823,0.46646832686204687,0.1601166722440978,-0.02232548713228734,-1.5920344754348614,-0.972986227309673,0.30985805319435167,-0.7150738826235884,1.757566080228489,-0.403105743590996,2.788029634651948,0.7945124291035353,1.9353176859251158,-0.9885710532241613,0.5002993116101648,0.30527646040513345,0.5122442736515016,-0.7424708758502816,1.1406528759263421,-1.040936976586626,0.46506469670205575,-0.5423735976260254,-0.9999949952580068,-0.381387268134171,-0.15250205835804242,-1.4130286127406444,-0.8168739545072042,0.905981896794466,-1.1415618978250734,0.9960851402089117,-0.47006990682178784,2.6527434645461625,0.34764865492941266
1.3217987900872088,-0.8754984077249564,1.1564133458338552,0.612775710310261,-0.29397562406474376,-2.7619013692660572,-1.4260889132533936,-0.49774012205889895,-1.373712205094924,-0.2852115724793929,-0.972986227309673,0.6129699037273417,0.8700049525235976,0.03560568590174467,2.6464768383582777,-0.35867624489035876,0.7945124291035353,-0.5167110326499096,-0.9885710532241613,0.10221719426204601,0.30527646040513345,-1.5596332683511698,-0.409662258770523,0.23952557908298522,-0.19509888245848667,0.002742781364419411,-0.5423735976260254,-0.9999949952580068,0.9112271595037277,-0.39227477686979334,-1.641542369901101,-0.9886313907262549,0.9754687263442297,-1.347728419674161,-0.29583414422644244,-0.671491968574814,0.08008747106154226,-1.067323707732015
1.6847062931317278,-0.8754984077249564,1.7627691340447635,0.41253927273689756,-0.6439209162167846,0.36206941027214823,-1.3467515837582589,-1.1812929906471412,-1.4863703939749964,0.7700387080752333,0.6949901623640521,-1.423288640922721,0.6522102445907456,-1.1635019296279825,1.121685547383641,-0.35867624489035876,-1.2586335510551052,-0.5167110326499096,-0.9885710532241613,0.5002993116101648,-3.2757193223247443,-1.7323550868808162,-0.5560940371023307,1.1406528759263421,1.7447414345573222,1.6005500639311296,0.4570976272498539,0.41814955651259283,-1.0209815737930397,-0.7144894637714961,-1.9939835037074172,-3.26205303880627,-2.8189680290522157,-2.7574616567294714,0.05743248768018408,1.057973908159139,-1.206240525680768,-1.3960073884258806
1.6847062931317278,0.06205732004409503,0.6529728343826554,0.612775710310261,-0.6439209162167846,0.36206941027214823,-1.4260889132533936,-0.35285346012580227,-0.02232548713228734,-0.2852115724793929,-0.972986227309673,-1.593034932305078,-0.7150738826235884,-0.5215769779530665,1.121685547383641,-0.35867624489035876,0.7945124291035353,-0.5167110326499096,1.0115610777177464,0.5002993116101648,-1.3586849252398339,0.5122442736515016,1.3468541764076536,-0.0069616351625425565,0.32413387264636834,1.1358581410517123,2.0847001789339235,1.280544927737385,-0.2821315239797688,0.9600591859188081,-1.2098046513015506,-1.1301464833380497,-0.06107616544005101,-1.2115247411878407,-0.8510168222250838,1.8353659836305454,0.08008747106154226,-0.9882720345885417
-0.5935752742640285,-0.8754984077249564,-0.5858197112353846,0.612775710310261,1.5529857391110689,0.36206941027214823,-0.7441201894630504,-0.35285346012580227,-0.02232548713228734,-1.7918014182734958,-0.38948702508542443,-1.593034932305078,0.33333714687281674,0.03560568590174467,0.7660791941401472,2.788029634651948,-1.2586335510551052,-0.5167110326499096,1.0115610777177464,0.5002993116101648,0.30527646040513345,0.5122442736515016,-0.7424708758502816,0.06878824724308273,0.03110241639854122,-0.13552709632247995,0.2990644510191964,-0.40303894758044845,0.36799382532094416,1.1652845794011342,-0.5633984601049831,-0.37952476817198505,0.25667692226716865,-0.48441650659612134,-0.7951506943062063,-0.15176420895500164,0.08008747106154226,-0.6077364062879936
1.6847062931317278,1.142206531932559,1.5580519418677812,-1.6319184706157481,-0.6439209162167846,0.36206941027214823,-1.4260889132533936,-1.262431268450093,0.2532908475150717,-0.2852115724793929,-0.42499498897330246,2.2127510386937814,1.55061591348203,-1.1635019296279825,1.121685547383641,-0.35867624489035876,0.7945124291035353,-0.5167110326499096,-0.9885710532241613,0.5002993116101648,-0.9227431943600977,0.5122442736515016,-0.025985187221455597,0.43635942328821464,0.4422095974920289,0.4348377354488863,1.2760330646791609,0.5570441919893597,1.0230864811853158,-0.1805561621716929,-0.9626789369640686,-1.0930709027680838,-0.42502092959461046,-1.0693787610602934,-0.7419495815621667,0.8998025218280117,0.08008747106154226,-1.4845471688407965
-0.5935752742640285,1.142206531932559,1.0278894669433536,0.612775710310261,-0.6439209162167846,0.36206941027214823,-0.11515657849332411,-0.8313187279120953,0.7813920496300597,0.32424824862474344,-0.0955805093571539,0.30985805319435167,-0.0670223049288815,-1.1635019296279825,1.923771599481207,-0.35867624489035876,-1.2586335510551052,-0.5167110326499096,-0.9885710532241613,-0.8143038708819095,-3.2757193223247443,0.5122442736515016,-0.7424708758502816,-0.49504476616168736,-0.2455930395257767,1.6005500639311296,0.5549869371057006,1.7450884930443689,1.0230864811853158,-0.37550024252582065,-1.5719741332517787,-0.9886313907262549,0.852740365210301,-1.3133862290909333,-0.38855679329375087,1.7362985623343548,-1.206240525680768,-0.5178330419585766
1.6847062931317278,1.142206531932559,-0.06548265885230561,-0.18432485288257916,-0.6439209162167846,0.36206941027214823,0.036862871262658026,0.8203121687161505,0.7813920496300597,0.1262132151809936,0.10268456862263375,0.30985805319435167,-0.22954540524429007,-0.3902025884678475,0.5802255983557408,-0.35867624489035876,0.7945124291035353,-0.5167110326499096,1.0115610777177464,-1.111361317803372,0.30527646040513345,0.5122442736515016,1.3468541764076536,1.1406528759263421,0.7748212760494178,0.42426724858883885,1.2626700237053117,1.335563785613043,0.7737191450722312,0.45994946193672653,-1.1967632481454091,-0.7922262708615923,0.5723376386004296,-1.021405419010946,-0.7967245346721894,1.2687745655857985,0.08008747106154226,0.46814019507000637
-0.5935752742640285,1.142206531932559,1.311238369837466,0.612775710310261,-0.6439209162167846,0.36206941027214823,1.2420774405755364,1.466302156522779,1.5851095863924067,0.8733910799271684,0.4467571785135198,0.9781106070711247,0.6522102445907456,-1.1635019296279825,0.1323661311216181,-0.35867624489035876,-0.5376155772762254,1.9353176859251158,0.3091603569320097,0.5002993116101648,0.30527646040513345,0.5122442736515016,-0.008747638290685478,-0.626662005547265,-0.8244052345576409,0.7325114838043248,-0.5423735976260254,0.5153688866146783,-0.13477771704864178,3.7351076006470674,-0.8600969146042781,-0.68407807944912,0.18849115889455387,-0.7964253749823113,-0.9629277696257998,0.3825705453117744,0.5318164834109337,1.4931036366727322
0.5920832306521036,-0.8754984077249564,1.0608380167416396,-1.6319184706157481,-0.6439209162167846,0.36206941027214823,0.3163697565557515,0.9929415852236763,0.7813920496300597,0.2704335226597948,0.22691120664461395,0.30985805319435167,-0.059348887198912514,1.2347133014314717,0.3904229353214481,-0.35867624489035876,-0.27398148668233446,-0.5167110326499096,1.0115610777177464,-0.8002785054070771,0.30527646040513345,0.5122442736515016,-0.7424708758502816,1.1406528759263421,0.3096649278983814,-0.1709741431273084,-0.5423735976260254,-0.5948394646012343,1.0230864811853158,-0.7144894637714961,-1.4130286127406444,-1.6101746903206502,-0.6350299007250352,-1.5727720953088142,2.177032279119943,-0.5503630626760284,-0.5893406414577566,0.7182922497151749
1.6847062931317278,1.142206531932559,1.1637629482245289,-1.6319184706157481,-0.6439209162167846,0.36206941027214823,-1.0562805983232653,-0.8842283470562964,-0.02232548713228734,-0.2852115724793929,-0.4857707536282777,1.4215271547893256,2.0194943718050795,-1.1635019296279825,1.121685547383641,-0.35867624489035876,0.7945124291035353,-0.5167110326499096,-0.9885710532241613,-0.5388289126649435,0.30527646040513345,0.5122442736515016,-0.7424708758502816,0.06878824724308273,0.7748212760494178,1.0934423727090312,0.7397813202458535,0.23333534380051668,1.0230864811853158,-0.33801415566087184,-0.7988023639320012,-0.8619979669652162,-0.26525624683370325,-0.862878421896808,-0.437875154703563,0.8446834230038542,0.08008747106154226,-1.0718442557495318
1.085113789871115,1.142206531932559,1.0278894669433536,0.612775710310261,1.5529857391110689,0.36206941027214823,-1.4260889132533936,0.0779634761374739,-1.2067197770433562,0.5684729018659215,-0.972986227309673,0.30985805319435167,-0.7150738826235884,-1.1635019296279825,1.522976344881741,-0.35867624489035876,-1.2586335510551052,-0.5167110326499096,-0.9885710532241613,0.5002993116101648,-3.2757193223247443,0.5122442736515016,1.3468541764076536,-0.4953931121341397,-0.19509888245848667,0.32136939323649427,0.5549869371057006,0.9668219110022385,-0.19657430577480695,0.1164631174687869,-0.8129099943358711,-1.132881528858992,-0.7665682565414982,-1.0170853343694852,-0.625841347083959,0.8009319008433811,-1.206240525680768,-0.7532138230474184
1.6847062931317278,1.142206531932559,1.0278894669433536,-0.3799576517803147,0.581386779807369,0.36206941027214823,-1.4260889132533936,-0.2478112927040479,-0.5634096707837464,0.36099009621002964,-0.972986227309673,1.1514271931001367,-0.11038190271984305,-1.1635019296279825,1.121685547383641,-0.35867624489035876,-0.3506138621971766,-0.5167110326499096,-0.9885710532241613,0.5002993116101648,-3.2757193223247443,0.5122442736515016,1.3468541764076536,0.5428286691324168,-0.19509888245848667,-0.13552709632247995,0.5549869371057006,0.5570441919893597,0.2397521097719586,0.05700709711787272,-0.9293683925211642,-1.29318470200339,-0.8725129053910392,-1.1617098692483974,-0.7722456084857445,0.4028152211809899,-0.6373520205970008,-0.9309599330153763
-0.5935752742640285,1.142206531932559,0.6942836849735458,0.612775710310261,-0.6439209162167846,0.36206941027214823,0.8743466933293145,1.0902239633617568,0.9204921424064684,0.39434993784899797,0.5506511004797526,-1.593034932305078,-0.7150738826235884,0.03560568590174467,0.49123837902775264,-0.35867624489035876,-0.05439068116076684,-0.5167110326499096,1.0115610777177464,-0.5329911336561157,0.30527646040513345,0.5122442736515016,-0.7424708758502816,0.06878824724308273,-0.19509888245848667,0.22337609790734125,0.10126724059241055,0.42230512913707374,-0.5029240145011588,-0.4480407528400318,-0.9616008308762755,-1.0091347805211208,-0.26387428844986355,-1.0232218518649985,0.416128858231435,0.3373628236558228,-0.4517635749952136,1.0827192713281684
0.3987108001433204,1.142206531932559,-0.5858197112353846,-1.6319184706157481,-0.6439209162167846,0.36206941027214823,0.467346065549735,-0.35285346012580227,1.2350572790308214,0.8733910799271684,-0.031482705432264946,0.30985805319435167,-0.1195649610709989,-1.1635019296279825,-0.403105743590996,-0.35867624489035876,0.7945124291035353,-0.5167110326499096,1.0115610777177464,0.5002993116101648,0.30527646040513345,0.5122442736515016,1.3468541764076536,0.5356297298382174,0.2273415570147168,-0.13552709632247995,1.1744014651622368,1.335563785613043,-0.0755339962505211,0.6159082620294609,-0.845156165529585,-0.9886313907262549,-0.4294709185236881,-0.9545943095450886,-0.8820434283656186,0.994466276256058,0.08008747106154226,0.06825657760422477
-0.5935752742640285,-0.11124700933599141,0.025409151705073074,0.612775710310261,-0.6439209162167846,-1.5786267537052747,0.015812530527672786,-0.9179080934840828,0.7813920496300597,-0.2852115724793929,-0.657094328738939,0.30985805319435167,-0.7150738826235884,0.03560568590174467,3.016169726712675,-0.35867624489035876,0.7945124291035353,1.9353176859251158,-0.2309757537377467,0.5002993116101648,0.30527646040513345,0.5122442736515016,-0.7424708758502816,-1.2629550499821125,0.17228032294264312,0.19326215609917857,0.5549869371057006,0.36828842002842277,0.5868377115802699,0.7012777688719133,-1.5400497736300585,-1.29318470200339,0.20481675952909084,-1.4631712456720407,-0.7327306072757191,0.45436827552258047,1.3664154678038525,-0.49199690033628696
-0.5935752742640285,0.4613383883574008,-0.3235061751124857,0.612775710310261,-0.6439209162167846,0.36206941027214823,1.2420774405755364,1.466302156522779,1.3138976482846159,2.0319937323337296,1.247551681366659,-0.3322671599595126,-0.7150738826235884,0.03560568590174467,0.11143024986386979,2.788029634651948,0.7945124291035353,-0.5167110326499096,1.0115610777177464,-0.3430150095073513,0.30527646040513345,0.5122442736515016,0.6418180525939334,0.06878824724308273,1.4174449479602809,1.307633193388664,-0.5423735976260254,0.03162624803823122,-0.846656532811873,0.8886313890083574,-0.5242814695047053,-0.8896191807204759,-0.8032056147432618,-0.7423757649974925,-0.6703268249578649,0.3981482577539224,1.3664154678038525,1.4931036366727322
-0.5935752742640285,-0.8754984077249564,0.7849795925215244,0.612775710310261,-0.42345561512518937,0.048570811302564465,1.2420774405755364,0.5567243481984884,-0.02232548713228734,-0.2852115724793929,-0.972986227309673,0.30985805319435167,-0.7150738826235884,1.1143797311098258,-0.403105743590996,-0.042896119459194804,0.7945124291035353,1.9353176859251158,1.0115610777177464,0.5002993116101648,0.30527646040513345,0.5122442736515016,1.3468541764076536,0.17635265263964273,-0.2924328949262772,0.5582916220157796,-0.5423735976260254,-0.9999949952580068,1.0230864811853158,0.7193090860318211,-0.7759830578780174,-0.4406502031615166,0.5129685921625788,-0.6225839981671204,-0.6926993920602486,-0.42945327394192134,1.4955018304021854,0.9968285024204774
0.7906065898624498,0.3503687654115055,-1.0760284304681655,-0.75099996176333,1.5529857391110689,0.36206941027214823,0.19496948896337374,-0.9054722076555675,-0.5106282738411779,0.8733910799271684,1.5289783572009146,-1.593034932305078,-0.7150738826235884,0.03560568590174467,-0.403105743590996,0.8762320445141294,-0.011233988678666984,-0.5167110326499096,1.0115610777177464,0.5002993116101648,0.30527646040513345,0.5122442736515016,-0.7424708758502816,0.7200051999913583,0.1855412185401304,0.39185427618585833,-0.5423735976260254,-0.5270013504940679,-1.3592133369670134,0.22358473362213643,-1.281422504395135,-0.5645577229052084,1.1639420887973093,-0.9394446913640639,-0.675030493936363,-0.2721990153418045,0.08008747106154226,-0.385242935569739
1.6847062931317278,0.6491739631306247,0.8307320020982291,-1.6319184706157481,-0.6439209162167846,0.36206941027214823,-1.2087639572991533,0.33446614059382324,-1.6297605606569814,-0.2852115724793929,-0.565410933252356,0.30985805319435167,0.318110053689187,-0.2574000436946419,-0.403105743590996,-0.35867624489035876,0.7945124291035353,1.9353176859251158,-0.9885710532241613,0.5002993116101648,0.30527646040513345,-1.3500004399557048,-0.7424708758502816,-0.4792493729407673,-0.6691049850188553,0.5204035176852817,0.2868434277616227,0.9550963470270277,-0.038199675720680226,-0.5176540250677792,-0.9957355679580134,-0.4539433307897621,0.8748212604122301,-0.7382899631519464,0.6424623941529122,0.7895400110934335,1.3664154678038525,-0.49199690033628696
-0.5935752742640285,-0.8754984077249564,-1.3926743003247537,-0.5135047625944515,0.45068276718933353,-1.1944418387801217,0.3495717002050931,1.0131071075107165,0.3809416372173993,-0.8665431206027091,-0.972986227309673,0.30985805319435167,-0.7150738826235884,0.6372606925206531,-0.403105743590996,2.788029634651948,0.7945124291035353,1.9353176859251158,1.0115610777177464,0.5002993116101648,0.30527646040513345,0.5122442736515016,0.2985305214953513,0.6028423308902259,-0.6783593685323293,-1.0035656764492848,-0.5423735976260254,-0.9999949952580068,1.0230864811853158,0.08935340101587808,-0.741154609051505,-0.8358210656652242,-0.3161057064455465,-0.8201919112098832,-0.353267513159909,-1.1099153216713604,2.6527434645461625,0.7478213113090822
1.6847062931317278,-0.8754984077249564,-0.052733334994966574,0.612775710310261,-0.6439209162167846,0.36206941027214823,-1.4260889132533936,-0.35285346012580227,-0.02232548713228734,0.49064845329662216,-0.972986227309673,-0.3187597546054892,-0.7150738826235884,0.8385899217488483,1.121685547383641,-0.35867624489035876,0.7945124291035353,-0.5167110326499096,-0.3278304414063439,0.5002993116101648,0.30527646040513345,-1.138070300824729,-0.05226551793470635,-2.4386279343582045,0.12531276886834292,-0.4300552231730229,-0.17986221155978804,0.03570736376669453,0.5528324915688742,0.08816196397420623,-0.7423298758908001,-0.9886313907262549,-0.6108712617933298,-0.9038343621061199,-0.40007429355678903,-0.23200444853974633,0.08008747106154226,-0.9882720345885417
-0.5935752742640285,1.008416197193177,-0.6393207675288765,0.612775710310261,1.4073128654264853,0.36206941027214823,-0.4777263803678631,-0.35285346012580227,0.6748059614802253,0.8733910799271684,1.4183778847900612,-1.593034932305078,0.5615481277130915,-1.0839912905265607,2.7475829680096324,-0.35867624489035876,0.7945124291035353,-0.5167110326499096,0.8789359638757129,0.5002993116101648,0.30527646040513345,0.5122442736515016,-0.7424708758502816,-2.00386762141915,-0.19509888245848667,-0.1930851514767563,0.4822229613697512,-0.2730976160547136,-1.0370600963466612,0.48890741085037537,-0.8090390909614036,-0.724466828726476,0.01996140055164708,-0.7931746990590413,-0.7518732229042391,-0.050597217111553405,0.08008747106154226,-0.45908980127069654
-0.5935752742640285,-0.8754984077249564,1.8225857850915348,0.612775710310261,-0.6439209162167846,0.36206941027214823,1.235376462504914,1.452595977509557,-0.8199875241154427,-0.2852115724793929,1.5164112173820499,2.1984139519357453,0.6419086294688564,0.03560568590174467,-0.403105743590996,-0.35867624489035876,0.7945124291035353,1.9353176859251158,0.9964913559270994,0.5002993116101648,0.30527646040513345,0.5122442736515016,-0.7267291422014506,-2.0587893754372963,-0.19509888245848667,0.7194312480502009,0.5549869371057006,0.5570441919893597,-1.0836241427939144,-0.7144894637714961,-0.41456043922136593,-0.6863726946899669,-0.601956536274294,-0.5777346506639044,1.1172323834000635,0.7752991262771497,1.3664154678038525,1.4818862854451276
1.6847062931317278,0.687551432921143,2.903020828491361,-1.1261152508186585,-0.6439209162167846,0.36206941027214823,-1.4260889132533936,-1.262431268450093,-0.02232548713228734,-0.2852115724793929,-0.972986227309673,1.7839668385236496,-0.09888596731731192,-0.8933036558622705,3.827682641809902,-0.35867624489035876,-1.2586335510551052,-0.5167110326499096,-0.5378756843643003,-1.435673648316992,0.30527646040513345,-1.9521936143308383,-0.27167741649412674,0.657600364825744,1.5261866116829572,0.06007046545990358,1.4050761524470108,0.3816181938841146,-0.06491326888620702,-0.23116743341894191,-0.6336761416608292,-0.9886313907262549,-0.8025520542840747,-0.850197710837895,-0.677715515230224,0.6957809055425496,-1.206240525680768,-1.4845471688407965
-0.5935752742640285,0.40502427213865266,-0.2910298846262741,-0.8118041435317577,-0.6439209162167846,0.36206941027214823,-0.861644386442505,-1.262431268450093,-0.6096128534278046,0.13809180786979602,-0.972986227309673,0.30985805319435167,0.15266366428089695,-0.7253997847710987,-0.403105743590996,-0.35867624489035876,-1.2586335510551052,-0.5167110326499096,1.0115610777177464,-1.0857392255644833,0.30527646040513345,-1.051794425293359,-0.7424708758502816,-0.21985027772651589,-0.19509888245848667,-0.6864218614597708,-0.5423735976260254,-0.011830693571217687,-0.381387268134171,-0.7144894637714961,-1.0776792443157222,-0.7953487086785374,0.3561909181714782,-0.9643171372228702,0.44463760707129707,-0.4917216552852717,-1.206240525680768,-1.1695895393222615
0.5733382155541846,0.10875783698018282,0.24070631417275123,-1.6319184706157481,-0.6439209162167846,0.36206941027214823,1.2420774405755364,0.5789002175253377,0.7617970958967727,1.4668160032468096,0.6949901623640521,-0.6647850840882567,0.685545176314333,-0.5493307611780522,-0.403105743590996,-0.35867624489035876,0.7945124291035353,-0.5167110326499096,-0.01288699683823269,-0.7797166398151534,0.30527646040513345,0.5122442736515016,1.3468541764076536,-0.480210310428264,-0.6918824816442708,-0.5801279495833285,2.214404782706299,0.5380635741482135,0.3379704212886756,0.0714079474043513,-0.9222684869025524,-1.4565990542284375,-1.2024757119902096,-1.2470312752039618,0.13026908370979562,0.7717776135740395,0.08008747106154226,1.008927887900888
-0.5935752742640285,-0.8754984077249564,-0.706188281581033,0.2779066607009604,1.5529857391110689,0.36206941027214823,0.22000742946913332,0.4210312730315127,-0.14222606422511264,-0.11236835295175751,1.5289783572009146,0.30985805319435167,0.6522102445907456,0.03560568590174467,-0.403105743590996,0.1107571488593555,0.7945124291035353,1.9353176859251158,0.7131764017681544,0.5002993116101648,0.30527646040513345,0.5122442736515016,-0.7424708758502816,0.06878824724308273,0.34073598580851483,1.3415577639365217,-0.5423735976260254,-0.7677120244780552,0.3208496065255724,-0.11812887674973555,-0.5070370098132991,-0.16583949474993764,0.5723376386004296,-0.3404420636666533,-0.5362864953409476,0.0246325854679023,1.558313071234728,0.3524822554403203
-0.5935752742640285,-0.8754984077249564,0.22103487785398448,0.41549487092959014,-0.6439209162167846,0.36206941027214823,-1.3479226456814064,-1.1824906355420406,-1.4884869104423846,-0.2852115724793929,-0.7530945032934694,-1.4257941880554308,-0.7150738826235884,-0.06978103399515917,-0.403105743590996,-0.35867624489035876,0.7945124291035353,-0.5167110326499096,-0.9885710532241613,-1.7791632628876344,0.30527646040513345,0.5122442736515016,-0.7424708758502816,1.1406528759263421,-0.19509888245848667,-0.21181694513902416,-0.5423735976260254,-0.9315727575164632,-0.381387268134171,0.12817069399806752,-2.024781230826681,-1.8755248574836774,-0.07126152139163172,-2.0189972428453102,-0.6108024891796331,-0.7317326859582729,0.08008747106154226,-1.3973142835052532
1.6847062931317278,-0.8754984077249564,0.8712506599070607,-1.6319184706157481,-0.6439209162167846,0.36206941027214823,-1.4260889132533936,-1.262431268450093,-1.3177009706020064,-0.060286115332433554,0.8568965550252557,0.30985805319435167,-0.18419816483600515,-0.1971832068486764,1.121685547383641,-0.35867624489035876,0.7945124291035353,-0.04068615965537825,-0.9885710532241613,0.5002993116101648,0.30527646040513345,0.5122442736515016,1.3468541764076536,0.2768748083306696,-0.3833944422824669,-1.1720824445152591,-0.5423735976260254,-0.848857005775634,0.4777711403988567,0.4539872959771857,-1.4130286127406444,-1.3523091935815363,-0.13411800853986489,-1.4326055396089783,-0.6258119306658769,-1.1099153216713604,0.32980890239714866,-1.4845471688407965
1.6847062931317278,-0.8754984077249564,0.2659391511404964,-1.6319184706157481,-0.6439209162167846,0.36206941027214823,-1.3765913239949077,-1.211810089575176,-0.02232548713228734,-0.2852115724793929,0.6949901623640521,-1.4871322977891226,-0.6389797500017041,-1.1635019296279825,1.121685547383641,-0.35867624489035876,0.6802476911484596,-0.5167110326499096,-0.9885710532241613,-1.8597196797812119,-3.2757193223247443,0.5122442736515016,-0.6261926462911827,1.1406528759263421,0.8288007172680533,0.7808208596848559,0.49391499426524366,-0.264802733552256,0.9449226163254124,-0.7144894637714961,-1.7110512561525568,-1.5977380132805248,-0.0851165155415927,-1.7131301099863816,0.05743248768018408,0.38176803788933866,0.008498829585264697,-1.4293082830363177
1.6847062931317278,-0.5573346578314369,-0.4585900669807381,0.612775710310261,-0.6439209162167846,0.36206941027214823,0.21244452746974363,-1.1190036142731115,-0.02232548713228734,-0.2852115724793929,-0.972986227309673,0.30985805319435167,-0.7150738826235884,-1.1635019296279825,-0.1626675579047292,-0.35867624489035876,-1.2586335510551052,-0.5167110326499096,1.0115610777177464,0.5002993116101648,0.30527646040513345,0.12363700783729459,-0.41301363940931224,-1.3411123974475292,-1.981996403596236,-0.40928209813386385,-0.36933524308115007,0.5570441919893597,-1.3429294213340115,-0.7144894637714961,-1.1305591329879516,-1.885880709431734,-1.6689143042461287,-1.5831957567191413,0.05743248768018408,-0.035001508277992255,-1.206240525680768,-0.49199690033628696
-0.5935752742640285,1.0380213731635781,-1.2676873334761338,-1.6319184706157481,-0.6439209162167846,0.36206941027214823,-0.49077611373419916,-1.262431268450093,-0.7845426848077842,0.8135660783034775,1.5289783572009146,0.30985805319435167,-0.7150738826235884,0.03560568590174467,-0.3243724166226253,-0.35867624489035876,-1.2586335510551052,-0.5167110326499096,1.0115610777177464,0.5002993116101648,0.30527646040513345,0.5122442736515016,1.3468541764076536,1.1406528759263421,0.7247389851647389,-0.9587440895509237,-0.5423735976260254,-0.9999949952580068,0.9868261445811555,0.6409201211807389,-0.7423298758908001,-0.6998038352151802,-0.04981459009505443,-0.7468379273013941,-0.7725790154291972,-1.0903876805524724,-1.206240525680768,-0.9626466308741886
1.6431447839499334,-0.8754984077249564,1.013170437086503,-1.6319184706157481,-0.6439209162167846,0.36206941027214823,1.2420774405755364,1.466302156522779,-0.007663684894252136,2.010857944964353,0.7102041765198359,-1.5583214423569463,1.9945517165070792,0.057480384308652016,-0.403105743590996,-0.35867624489035876,0.7945124291035353,-0.5167110326499096,-0.9520836799711854,-1.9532136337520951,0.30527646040513345,0.5122442736515016,1.3087397029440286,-0.9639694402752337,-1.1473252904878177,-0.9718953210951566,2.6896522690439726,-0.23567753086261878,1.0230864811853158,-0.7144894637714961,-1.4130286127406444,-1.891179708307822,-1.180891045598905,-1.725516475630006,1.1365657633155124,0.38901724176394065,0.08008747106154226,1.4931036366727322
-0.5935752742640285,1.142206531932559,1.0278894669433536,0.612775710310261,-0.6439209162167846,0.36206941027214823,0.08316957929008106,-0.6284905890243506,0.7813920496300597,0.06588968100427661,-0.46752510137561154,0.30985805319435167,0.2378704621501101,-1.1635019296279825,1.583756070397011,-0.35867624489035876,-1.2586335510551052,-0.5167110326499096,-0.9885710532241613,-0.2570251406734967,-3.2757193223247443,0.5122442736515016,-0.7424708758502816,-0.2560280423742508,0.18697490313828968,1.6005500639311296,0.5549869371057006,1.5714852247838518,1.0230864811853158,-0.5192025287259894,-1.6467541989617338,-0.9886313907262549,0.9846631413521296,-1.350301226396138,-0.19949568078635294,1.651967041205159,-1.206240525680768,-0.2965027479794544
1.6847062931317278,-0.8699608866704274,1.0301038513100709,0.612775710310261,-0.6378915822841544,0.36206941027214823,-1.4260889132533936,-0.3553497647961883,-0.02232548713228734,-0.29157106187294435,-0.972986227309673,-1.593034932305078,-0.7150738826235884,0.03231477674196981,1.1175008107001059,-0.35867624489035876,0.7888776413455787,-0.5167110326499096,1.006071784625759,0.5002993116101648,0.30527646040513345,0.5122442736515016,1.3411200964442092,-1.0030763814401766,0.769497451744501,0.7301291821014745,0.557998604939808,0.5570441919893597,1.0230864811853158,0.7337080132755376,-0.7432502305728832,-0.9877955547522845,-0.6076239861044729,-0.9038343621061199,-0.7905043816945949,0.7809978568940775,0.07655718859804206,-0.9896340444398075
-0.5935752742640285,-0.8754984077249564,0.9444689831591992,-1.3998401295460625,-0.6439209162167846,0.36206941027214823,-0.6286538011983965,-0.44689447053311715,-1.6297605606569814,-0.2852115724793929,-0.7143087668688102,0.30985805319435167,0.5108470982382601,2.3098454959257317,-0.24545797299762495,-0.35867624489035876,-1.0463593280905568,-0.5167110326499096,1.0115610777177464,0.5002993116101648,0.30527646040513345,-1.9521936143308383,-0.5264561081355437,0.06878824724308273,0.6745414859250896,0.7325114838043248,-0.5423735976260254,-0.9999949952580068,0.3934536923265888,-0.7144894637714961,-0.5456672395190014,-0.8100288265024569,-0.6108712617933298,-0.7096702991897392,3.1272597423211836,-0.3535500502451853,-1.073247412368426,-0.5946164115820333
1.6847062931317278,-0.01998832090883451,-0.243712088860728,0.612775710310261,-0.6439209162167846,0.36206941027214823,-1.0489866613930037,-0.35285346012580227,-0.02232548713228734,0.3821417221722274,-0.972986227309673,0.30985805319435167,-0.7150738826235884,0.2178662490196983,1.121685547383641,-0.35867624489035876,-0.07602471495967755,-0.5167110326499096,-0.1405118651070556,0.5002993116101648,0.30527646040513345,-1.9521936143308383,0.14340625202535495,-3.1468056388066956,-0.6063465642680232,-1.3716154078287786,-0.07709099466214664,0.10861813783141278,0.618599152456512,-0.43609673899780577,-1.0267072014908794,-2.0216800774784995,-2.1159185992934675,-1.6057452329059263,-0.09517827810112944,-0.5713826500574981,-0.4653176347780732,-0.7778505924618773
1.6847062931317278,-0.8754984077249564,1.8347440560327226,-1.4464968839898806,-0.46244678884511226,0.36206941027214823,-1.279154082690826,-1.1872961512424591,-1.430588777527,-0.1895059106998721,-0.9040951437812698,2.2127510386937814,0.6522102445907456,0.03560568590174467,1.2476399971471215,-0.35867624489035876,0.6249135641666252,-0.5167110326499096,-0.8233513647997759,0.5002993116101648,0.30527646040513345,0.3086708928259332,1.3468541764076536,-0.019752473264602166,-0.27521854250801614,-0.20723089105196024,-0.5423735976260254,-0.9999949952580068,-0.381387268134171,-0.07006008996809053,-1.4130286127406444,-1.013788830287074,0.5234685156960452,-1.2485978535972007,-0.5784474497517436,-0.7629722307230502,-0.02616886448027267,-1.3615636592233875
1.6726313862489839,1.142206531932559,0.21675854336987355,-1.6200215770961726,-0.6439209162167846,0.36206941027214823,1.2373636743271468,1.466302156522779,-0.8217833158079263,-0.2852115724793929,-0.972986227309673,-1.593034932305078,2.0194943718050795,-1.1635019296279825,4.163186725735736,-0.35867624489035876,-1.2477518642250465,-0.5167110326499096,1.0115610777177464,0.487054050880258,0.30527646040513345,0.5122442736515016,1.3357807402640092,-1.0030763814401766,-0.1899582994132283,-0.12632587626639918,-0.5365575797714676,0.5611703508162265,1.0119209014003225,-0.3939825167717748,-0.7476619372850551,-0.690534617441843,-0.022402318967345403,-0.7444316677667604,-0.6453561453147376,0.03265006702287287,-1.1994229790686148,1.4904733752862227
-0.5367712511790648,-0.8754984077249564,0.24115205185071364,0.612775710310261,-0.6439209162167846,0.36206941027214823,-0.5588751142888403,-0.3755318154094661,-0.02232548713228734,-0.2852115724793929,-0.972986227309673,0.30985805319435167,-0.6809836102720603,0.03560568590174467,-0.403105743590996,-0.35867624489035876,0.7433216749304039,-0.5167110326499096,-0.9387020847152019,0.5002993116101648,0.30527646040513345,-1.9521936143308383,1.2947613753250753,-0.011385631152392772,-1.1892019022346902,-1.0252083409249164,-0.5423735976260254,-0.9999949952580068,-0.3463697529945635,1.1946974787831144,-0.07163113904095586,-0.6612979451953497,-1.1582245799171473,-0.3948186906701931,-0.8358368107055505,-1.1193444877045713,0.04801566471966501,-0.5167439944496649
1.6847062931317278,-0.8754984077249564,0.6169977824889405,-0.530337541517012,-0.6439209162167846,0.36206941027214823,-1.4260889132533936,-0.35285346012580227,-0.02232548713228734,-0.2852115724793929,-0.972986227309673,-0.6239843564995973,-0.7150738826235884,-0.5750413311068571,0.34518372107923306,-0.35867624489035876,-0.2510546676521721,-0.5167110326499096,1.0115610777177464,0.5002993116101648,0.30527646040513345,0.5122442736515016,0.28286284302009634,-1.0030763814401766,1.2687543007910813,1.1745611903843716,-0.003845254799663911,0.5570441919893597,-0.40737346149456544,1.1456971838997683,-1.2546611016263618,-1.453913827372236,-0.6108712617933298,-1.4096564856318219,-0.8623680143139543,0.7809978568940775,-0.5749766315530815,-0.9882720345885417
1.6847062931317278,1.142206531932559,-0.36223715514008714,-1.009904951190765,-0.6439209162167846,0.36206941027214823,-0.29024702480760334,0.1512416620999404,0.7813920496300597,0.5523377624809462,-0.5107834589883656,0.30985805319435167,0.273330475912565,-0.83122452879414,0.019419874975197704,-0.35867624489035876,0.7945124291035353,-0.5167110326499096,1.0115610777177464,-0.19221182407030568,0.30527646040513345,0.5122442736515016,1.3468541764076536,1.1406528759263421,0.7748212760494178,0.1050097825135492,0.8590698246930774,1.335563785613043,0.5154421855899122,0.3414415443998665,-1.320101993754676,-0.9042384793845974,0.5723376386004296,-1.1431771617492599,-0.8276599080238544,0.9905896259860008,0.08008747106154226,-0.07943756978373051
1.2765782894065811,-0.8754984077249564,-0.44128096876645795,0.612775710310261,-0.6439209162167846,0.36206941027214823,-1.2667651165844918,-0.35285346012580227,-0.02232548713228734,0.6658407075744387,-0.972986227309673,0.30985805319435167,-0.7150738826235884,1.0199069296548804,0.8485366817698468,-0.35867624489035876,0.7945124291035353,-0.5167110326499096,-0.9885710532241613,0.5002993116101648,0.30527646040513345,-1.9521936143308383,-0.3681922638850006,-2.570768887122652,-0.3688489508124595,-1.0035656764492848,-0.5423735976260254,-0.3609382547573208,0.19505192730163212,0.028577356110719654,-0.6221818922136118,-0.9340741591978006,-0.7168504114775197,-0.814868222837027,-0.32069788536932775,-0.7994797661988977,0.08008747106154226,-0.8993700381279706
-0.5935752742640285,-0.3074282523672127,1.3804159699321785,0.612775710310261,-0.6439209162167846,0.36206941027214823,-1.5642748607439583,-1.006346249907966,-0.9509180743272001,0.04098458029515806,-0.972986227309673,1.6770053542502934,-0.330124977905804,-0.3019943447351673,4.171268129332915,-0.35867624489035876,0.7945124291035353,-0.5167110326499096,-0.425448394391277,-1.9988034698300843,-3.2757193223247443,-1.9521936143308383,-0.7424708758502816,-0.7013006885869277,1.0478952445463756,-1.0035656764492848,-0.5423735976260254,-0.9999949952580068,0.4299574225525762,-0.029405967562390334,-1.3186134363310538,-1.0743761611589842,0.23921377561309032,-1.234923160014467,-0.46762808801899103,-1.1099153216713604,0.08008747106154226,-1.4219316802397093
1.6847062931317278,0.2040478494202742,-0.21066196472783064,-1.6319184706157481,0.5315048412575448,0.36206941027214823,-1.4260889132533936,-0.8395109982322028,-0.8823622958453101,-0.2852115724793929,-0.972986227309673,0.30985805319435167,0.0164733485780465,-1.1635019296279825,-0.403105743590996,-0.35867624489035876,-1.2586335510551052,-0.5167110326499096,1.0115610777177464,0.5002993116101648,0.30527646040513345,0.5122442736515016,-0.7424708758502816,-0.42958943331495403,1.7447414345573222,1.6005500639311296,0.04475459675189286,0.9735807711947069,-0.2829709272961356,-0.4148534761616128,-0.8747559222144592,-0.6627369739279056,0.25580752690386505,-0.7920614888905675,-0.3367819306337185,1.1856810599502001,-1.206240525680768,-1.2537974606140174
0.49229811108285026,1.142206531932559,0.22103487785398448,0.612775710310261,-0.6439209162167846,0.36206941027214823,0.35268865596589305,0.9902468539748441,0.36074195062273307,-0.2852115724793929,1.1314833340102517,-0.686079059208572,-0.7150738826235884,0.03560568590174467,0.32363949491378113,-0.35867624489035876,-0.28006417315567766,-0.5167110326499096,1.0115610777177464,-1.9988034698300843,0.30527646040513345,0.5122442736515016,0.2533421527292843,0.579659813619446,0.2671839631333585,0.7325114838043248,0.503673226303012,1.335563785613043,0.6555493834604431,0.23708750572999532,-1.4287098952039576,-1.3216671561180653,-0.046930846073876986,-1.4236906396538302,-0.6682467883428963,1.1414962823723547,-0.5931515394560871,0.7370877666402982
1.6847062931317278,1.142206531932559,1.5742632494930204,0.612775710310261,1.1983666880388721,0.36206941027214823,-1.4260889132533936,-1.262431268450093,-0.02232548713228734,-2.228379526028877,-0.8383659868268898,-1.2858748155230368,-0.7150738826235884,-0.9699450464889772,-0.403105743590996,-0.35867624489035876,-1.2586335510551052,-0.12091083090984744,-0.9885710532241613,0.09690053509092644,0.30527646040513345,0.5122442736515016,-0.7424708758502816,-0.8300587356609637,-0.8518949804682101,-0.13552709632247995,1.4752143421403119,0.682710832791967,1.0230864811853158,0.06504171832870699,-1.0776792443157222,-0.68407807944912,0.5723376386004296,-0.9038343621061199,-0.7858177150137056,0.7809978568940775,-0.9986047517774459,-1.4845471688407965
1.6847062931317278,1.142206531932559,-1.2272065297989114,-1.6319184706157481,-0.19338465946603967,0.36206941027214823,-1.4260889132533936,-1.262431268450093,-0.351974350109398,-0.2852115724793929,-0.972986227309673,0.30985805319435167,2.825979913339017,-0.2103043782477274,-0.403105743590996,-0.35867624489035876,0.37345826086193157,-0.5167110326499096,1.0115610777177464,0.5002993116101648,0.30527646040513345,-1.446792705123534,0.9183804923314551,0.9208374930654734,0.9737301356959954,1.6005500639311296,0.5549869371057006,1.335563785613043,0.46486263142777406,0.3100532764988227,-1.2067107219179092,-0.6216210294369664,0.9212924943574328,-0.9335809953245711,-0.597813182543479,1.5373631283202527,-0.18370953606231208,-1.4845471688407965
-0.5935752742640285,1.142206531932559,-0.6116438455545323,0.612775710310261,-0.5736068679099562,0.2620838092595328,0.38115437425798926,0.5276124613560369,-0.0480492171632837,0.7992267610452837,-0.9196010859092684,-1.593034932305078,-0.6713126777781502,-0.0027728726951661287,1.072883178729784,-0.35867624489035876,0.7287995754054788,-0.5167110326499096,-0.9885710532241613,0.5002993116101648,0.30527646040513345,0.4333676385042933,1.279983377734049,0.10309427526518289,1.7447414345573222,1.6005500639311296,2.714585958273651,1.335563785613043,1.0230864811853158,-0.6938639000908263,-0.406980507465878,-0.38927228119863627,-0.0382016642852504,-0.4124995682671231,1.0561765904338496,2.281624311458541,0.03891734274406633,0.5005533681682226
-0.5935752742640285,1.142206531932559,0.45425419676946066,-0.9830951818495096,-0.008910493267218378,0.36206941027214823,0.09561303242407848,-0.6157646709270418,-0.4869506105654695,-0.2852115724793929,-0.972986227309673,0.30985805319435167,1.4426304199850724,0.03560568590174467,1.7650025524632111,2.788029634651948,0.7945124291035353,0.192041790275306,-0.4104378187764306,0.5002993116101648,0.30527646040513345,0.5122442736515016,1.3468541764076536,0.06878824724308273,0.4944682585064398,0.23070268408488181,0.409194429533732,1.5605929443269906,-0.381387268134171,0.3956166926885618,-1.122232901739987,-1.4216772539070928,-0.7818730616318863,-1.3267609671219929,-0.6601361251615846,0.9996233636937836,1.7382253866651085,-0.2826159608251806
-0.5935752742640285,-0.8754984077249564,0.3820079577320271,-1.6319184706157481,-0.6439209162167846,0.36206941027214823,1.0646382169489037,0.9219009353810718,0.6210448334226808,0.642241824739508,1.5289783572009146,0.30985805319435167,0.37942758957175754,0.9954830255091566,-0.403105743590996,-0.35867624489035876,0.3848955832250621,-0.5167110326499096,1.0115610777177464,0.5002993116101648,0.30527646040513345,0.5122442736515016,-0.32563605446332655,1.1406528759263421,-0.19509888245848667,0.5593317738721082,-0.5423735976260254,-0.9999949952580068,0.8829853600582855,-0.5859213395174212,-1.346124090661342,-1.232424206659778,-0.019266811596450106,-1.3344130502218081,1.6272949850697263,-0.42900010586901055,-0.17654387511777223,1.0970623280764142
-0.5935752742640285,-0.8754984077249564,0.22103487785398448,0.612775710310261,-0.06448059872252854,0.36206941027214823,0.1181098592381209,-0.35285346012580227,0.18965727669969557,0.020373140067239115,-0.3589647676232469,-0.1920353308515148,-0.7150738826235884,0.6681417071908566,-0.403105743590996,-0.35867624489035876,0.25298939455856573,1.9353176859251158,-0.46103057071308906,0.5002993116101648,0.30527646040513345,0.5122442736515016,1.3468541764076536,-0.2139190672661011,0.060720290935581844,-1.2325132966160952,0.2655550055720749,0.14637072126104977,-1.0836241427939144,-0.7144894637714961,-1.147680591639625,-0.9083045971629596,0.26026295884856065,-1.0602719542260497,1.676282797824397,-0.37435435551471996,1.0271428359755863,-0.12661573040347524
1.6847062931317278,-0.8754984077249564,0.17288175856955035,0.612775710310261,-0.6439209162167846,-1.1066966190184033,-1.007933902898349,0.5024407024276362,-0.02232548713228734,0.8733910799271684,0.20333738374549193,-0.5848060687568759,-0.7150738826235884,0.6709408927106688,1.121685547383641,-0.35867624489035876,0.7945124291035353,-0.5167110326499096,-0.9885710532241613,0.5002993116101648,0.30527646040513345,-0.7935135540454836,-0.7424708758502816,-2.6428577898319934,-0.19509888245848667,-1.0035656764492848,-0.5423735976260254,0.14455335245683387,-0.6696414116085978,0.14756369089207894,-0.8999977271756886,-1.4181977240367707,-1.1671687309743564,-1.2151637652052807,-0.47049621940761793,-0.5539263467181035,0.08008747106154226,-0.2882859177410567
1.6847062931317278,1.142206531932559,-0.34959697035884896,0.612775710310261,-0.6439209162167846,0.36206941027214823,-0.7970863980488193,-1.262431268450093,-0.5907387175278394,0.5341870921960066,0.4508235183280015,0.30985805319435167,0.25191060143933575,0.03560568590174467,-0.403105743590996,-0.35867624489035876,-1.2586335510551052,0.20116918076437584,-0.9885710532241613,-1.9988034698300843,0.30527646040513345,0.5122442736515016,0.7351626806904321,0.06878824724308273,-0.5970921768886224,-0.749430104368628,-0.2210994588290569,1.335563785613043,1.0230864811853158,-0.29794001380362656,-0.8405100784102605,-1.114856614375841,-0.6828637770888252,-1.020912343211882,-0.3785748146546922,0.2460735736412074,-0.8296424011046485,-1.1335664581776148
-0.06451159282979546,-0.8754984077249564,0.03366670291251772,0.612775710310261,-0.6439209162167846,0.36206941027214823,-0.7432344356169494,-0.35285346012580227,-0.02232548713228734,-0.016160286907891952,-0.972986227309673,0.30985805319435167,-0.7150738826235884,0.3140630542037466,-0.04901794980524832,-0.35867624489035876,0.7945124291035353,-0.5167110326499096,-0.9885710532241613,0.5002993116101648,0.30527646040513345,-1.9521936143308383,0.8616700711243492,-0.6779385681327565,-0.9397836981970447,-1.0035656764492848,-0.5423735976260254,-0.8192067870901966,-0.21831347099546272,0.882086809082332,-0.22738113409388494,-0.7548016012311306,-1.065093031616855,-0.5225295738190506,-0.6926034805289094,-1.022093561460406,0.08008747106154226,-0.6072421594338677
-0.5935752742640285,1.142206531932559,0.2914653598383493,0.612775710310261,-0.6439209162167846,0.36206941027214823,0.2750537492322741,-0.35285346012580227,0.7112354015067028,0.5699871791222393,-0.972986227309673,0.4759619236385305,0.5328597675760938,-1.1635019296279825,3.9050695180810164,-0.35867624489035876,0.7945124291035353,-0.5167110326499096,1.0115610777177464,-1.9988034698300843,-3.2757193223247443,-1.7370723885012593,-0.5600933168174784,0.06878824724308273,1.6600769297335207,-0.9277944328992491,-0.4465847994746708,-0.9320378801165143,-1.1449225256974558,1.1215933938256633,-1.1069519509108179,-1.2666001887673786,-0.5075887443858562,-1.234923160014467,-0.9110056733164204,-1.0108804311040838,0.08008747106154226,-0.0390417116788018
-0.5935752742640285,1.142206531932559,2.62189862432153,0.612775710310261,-0.6439209162167846,0.36206941027214823,-0.09743452666667857,-1.262431268450093,0.7813920496300597,0.8733910799271684,0.6949901623640521,0.30985805319435167,-0.7150738826235884,-1.1635019296279825,2.6278623193638344,-0.35867624489035876,-1.2586335510551052,-0.5167110326499096,-0.9885710532241613,-1.9988034698300843,-3.2757193223247443,0.5122442736515016,0.2894385013392131,0.055703017409862055,-0.20693958309765315,1.6005500639311296,2.180933016759873,2.1140833792367264,-0.3642415751867818,0.5665021462865604,-1.5827502548631056,-0.8344957549665573,1.1711643442893038,-1.234923160014467,-0.8548297028091749,2.4758944866902053,-1.206240525680768,-0.7431637092241192
-0.5935752742640285,-0.8754984077249564,0.1661803379117326,0.612775710310261,-0.6439209162167846,0.36206941027214823,-0.47623444713275775,0.6185625937659116,-1.6297605606569814,-0.2852115724793929,-0.1956972684487468,-1.4636655010712332,0.5592545338804252,-1.0819798096814746,-0.403105743590996,-0.35867624489035876,0.7945124291035353,1.7686149006879057,-0.9885710532241613,0.5002993116101648,0.30527646040513345,-1.7846471835494266,-0.7424708758502816,-1.0759478032327352,-0.12915822252406817,-0.13552709632247995,-0.5423735976260254,1.229707452336302,-0.381387268134171,-0.13259053501324458,-1.4586265075128244,-1.3345952163733994,-0.019266811596450106,-1.4454861383629605,-0.7443454334353552,0.35139323070906886,1.2789636128720063,0.0717574167633035
-0.5935752742640285,1.142206531932559,0.22103487785398448,-0.10696795258955993,-0.6439209162167846,0.36206941027214823,-0.8218756982230724,-0.6791332236485987,-0.02232548713228734,-0.2852115724793929,-0.40640983550045817,-0.30028972512114827,0.16174407708623606,-0.7790174351493628,0.08580667853284735,-0.35867624489035876,0.7945124291035353,-0.5167110326499096,-0.34724430215026725,0.5002993116101648,0.30527646040513345,0.5122442736515016,-0.7424708758502816,1.1406528759263421,0.15282662436206162,1.3222202707202388,-0.5423735976260254,0.2777770566429405,1.0230864811853158,2.726556468593081,-0.7423298758908001,-1.29318470200339,-1.2024757119902096,-1.0693787610602934,-0.93870030274887,0.5240765305326973,0.08008747106154226,-0.8291452876276415
0.7594576400900283,1.142206531932559,-0.5858197112353846,-0.29883253737721915,-0.6439209162167846,0.36206941027214823,-0.5367001286437503,-1.262431268450093,-0.4996397474263144,0.40286295957061335,0.01759675764319979,0.30985805319435167,0.6522102445907456,-0.4513721846119222,-0.403105743590996,-0.35867624489035876,-1.2586335510551052,-0.5167110326499096,-0.17628358773111463,-1.9988034698300843,0.30527646040513345,-0.48860560767684014,0.49834395798998,-0.3665140955950156,-0.7711180705770091,-1.0035656764492848,-0.5423735976260254,1.0193938197601093,0.45270595255044166,-0.5231316074356643,-0.8785209226314444,-1.0458162071946797,-0.4816940116354521,-1.002148382540385,-0.15236659394036933,-0.12895377510528638,-1.206240525680768,-0.9882720345885417
-0.5935752742640285,1.142206531932559,1.0278894669433536,0.612775710310261,-0.6439209162167846,0.36206941027214823,-0.5367001286437503,-0.9265874163117991,0.48463503653335066,0.8733910799271684,1.002924025117236,-0.39274804010340647,-0.7150738826235884,-0.7207548473637579,2.0834774157896163,-0.35867624489035876,-1.2586335510551052,-0.5167110326499096,-0.9885710532241613,-1.0760585464961805,-3.2757193223247443,0.5122442736515016,-0.7424708758502816,-0.21154619551588483,-0.09064677951030631,1.280043761021743,0.9601658957346528,2.1140833792367264,0.24522470309145095,-0.3080030579566428,-1.4130286127406444,-1.1010817564945448,0.3538992425908384,-1.2960471981515829,-0.08604866245429965,1.9155457640333402,-1.206240525680768,-0.8050321278071934
-0.5935752742640285,1.142206531932559,0.6613612688820509,0.612775710310261,-0.6439209162167846,0.36206941027214823,-0.5367001286437503,-0.7660455266887707,0.41628891396809864,-0.2852115724793929,-0.13899803247281048,0.30985805319435167,-0.7150738826235884,-0.5091104990774242,0.4290216995752495,-0.35867624489035876,0.7945124291035353,0.8214395721150416,0.1029651104244993,0.5002993116101648,0.30527646040513345,0.5122442736515016,-0.7424708758502816,0.5557020186084052,0.7748212760494178,1.126833609406475,0.05649119219985249,0.6282507513565067,1.0230864811853158,2.214422031524445,-1.291362548427531,-1.29318470200339,-0.23390322323976598,-1.3404074026473878,-0.9091396887040596,0.8155879744994476,0.7820778571150666,-0.7174387992358202
-0.5935752742640285,0.2314208132503699,-0.9500313570276184,0.612775710310261,-0.6439209162167846,0.36206941027214823,1.2420774405755364,0.9673049348687213,1.5851095863924067,-0.8082011973243003,0.613921309178685,0.30985805319435167,-0.7150738826235884,0.03560568590174467,-0.403105743590996,-0.35867624489035876,0.7945124291035353,1.9353176859251158,0.10870767009885174,0.5002993116101648,0.30527646040513345,0.5122442736515016,-0.7424708758502816,-1.0030763814401766,0.3370023406500175,-0.13552709632247995,0.059641813230078555,0.20562287480357305,-0.6983748038244351,0.16935044562720358,-0.5909542165823807,-0.9886313907262549,-0.8779196660261146,-0.8291081365754035,0.0601241521592355,0.061394295959351974,1.3664154678038525,1.2208455506667697
0.43410746441228687,-0.8754984077249564,0.2999807258155027,0.612775710310261,-0.6439209162167846,0.36206941027214823,1.2420774405755364,0.9670149051143326,-0.3848648023435549,-0.807831763022324,-0.972986227309673,0.30985805319435167,-0.7150738826235884,0.693822212318273,-0.403105743590996,-0.35867624489035876,0.7945124291035353,0.8292614262949254,0.10934543613202996,0.5002993116101648,0.30527646040513345,0.5122442736515016,1.3468541764076536,0.06878824724308273,-0.19509888245848667,0.7325114838043248,-0.5423735976260254,-0.6488219183485978,0.38955924304437684,0.3721167197403835,-0.8935986050453959,-0.6542793775102771,0.305477874516751,-0.7967658833599265,-0.6366221954562123,-0.18296017568735762,0.7861811818199531,1.2206873074093165
-0.5935752742640285,-0.8754984077249564,-0.5858197112353846,0.612775710310261,-0.6439209162167846,0.36206941027214823,-0.3572833179331204,-0.16936390832722048,-0.02232548713228734,-0.2852115724793929,-0.13899803247281048,0.30985805319435167,-0.7150738826235884,0.2775022195662632,-0.403105743590996,-0.35867624489035876,0.7945124291035353,1.9353176859251158,-0.9885710532241613,-1.4946583103193645,0.30527646040513345,0.5122442736515016,-0.3209903671001441,0.9244251288266416,-1.743614315475865,1.250330415752206,-0.5423735976260254,-0.6858927601483009,0.3208496065255724,-0.7144894637714961,-1.6807277980310542,-1.29318470200339,0.4529929993455881,-1.5326166097856075,1.3310263063411705,0.0246325854679023,1.3664154678038525,-0.29176927578487255
-0.5935752742640285,-0.8754984077249564,0.22103487785398448,0.612775710310261,-0.6439209162167846,0.36206941027214823,-1.4260889132533936,-1.262431268450093,-1.6297605606569814,0.5079348386562473,-0.18379541115802245,0.30985805319435167,-0.7150738826235884,0.41383834499379035,0.07785681312744441,-0.35867624489035876,-0.6110128925569227,-0.5167110326499096,1.0115610777177464,0.5002993116101648,0.30527646040513345,-0.2651095547010607,-0.08343830864067492,0.8025562752184244,-0.19509888245848667,0.13827696938750533,-0.5423735976260254,-0.9999949952580068,0.061623712657081664,-0.7144894637714961,-1.2892367087192196,-1.276825729418909,-0.20587568758945407,-1.3304658286566848,1.451523424064099,-0.6124431225565687,-0.8004960767495063,-1.4845471688407965
-0.5935752742640285,1.142206531932559,3.9717206681378183,0.612775710310261,-0.6439209162167846,0.36206941027214823,0.27453974330184155,-1.262431268450093,0.7813920496300597,0.8733910799271684,0.6949901623640521,0.30985805319435167,-0.7150738826235884,-1.1635019296279825,3.903307067778527,-0.35867624489035876,-1.2586335510551052,-0.5167110326499096,-0.9885710532241613,-1.9988034698300843,-3.2757193223247443,0.5122442736515016,1.1632691302937836,0.9522874350659227,0.604371171280882,1.6005500639311296,3.557799548683552,2.1140833792367264,-1.5390441061684659,1.105549073827934,-1.44249512835056,-0.9618708664916362,0.6763039698835301,-1.234923160014467,-0.9093830941988345,2.9504030894579674,-1.206240525680768,-0.5356036590397285
-0.5935752742640285,-0.8754984077249564,-1.0566400837317953,0.612775710310261,-0.6439209162167846,0.36206941027214823,1.2420774405755364,1.466302156522779,0.5582402397252366,1.5494654801447354,0.8107683845655991,-1.593034932305078,-0.7150738826235884,0.03560568590174467,1.121685547383641,2.788029634651948,0.7945124291035353,-0.5167110326499096,1.0115610777177464,-1.6518660923883188,0.30527646040513345,0.5122442736515016,-0.45242079882383635,-0.22881448123185483,0.7748212760494178,0.7325114838043248,-0.5423735976260254,-0.9999949952580068,-0.28389939310689966,-0.10152080096246058,-1.3199190125496156,-1.2509051575643246,-0.10139616536232297,-1.3315225679304148,-0.37552765445241987,-0.3535500502451853,1.3664154678038525,1.4931036366727322
-0.5935752742640285,-0.8700286125857487,-0.5858197112353846,0.612775710310261,-0.6439209162167846,0.36206941027214823,1.2420774405755364,0.5567243481984884,1.5851095863924067,-1.4406733696341043,-0.13899803247281048,0.30985805319435167,-0.7150738826235884,1.2314626412988139,-0.403105743590996,2.7794992315260294,0.7945124291035353,1.9353176859251158,1.0115610777177464,0.5002993116101648,0.30527646040513345,0.5122442736515016,-0.7424708758502816,-1.0030763814401766,0.7748212760494178,0.7301583185258436,0.5549869371057006,1.3334532973026443,0.3189459129933366,-0.38878081044575236,-0.4078896058723369,-0.6849036928422934,-0.6108712617933298,-0.5736431126261138,0.0550818423847729,1.1571300624358367,2.649256358733158,0.9968285024204774
-0.327708782342403,1.142206531932559,0.12687812297260154,0.612775710310261,-0.6439209162167846,0.36206941027214823,0.24890048531019413,0.34443604767436564,-0.1161161603541003,-0.15000720303943468,1.431655217322827,-1.3709748104144812,-0.5555172064142817,0.03560568590174467,-0.403105743590996,-0.35867624489035876,-1.2586335510551052,-0.5167110326499096,0.7781535302735118,-1.9988034698300843,0.30527646040513345,0.5122442736515016,-0.4986548655391679,0.06878824724308273,-0.3082847474880348,0.5299181121564617,-0.5423735976260254,1.335563785613043,0.4027978858935196,-0.1076612757381634,-1.6309761269428054,-1.8312109790629438,-0.679909172660009,-1.8005088568378995,-0.5454675893228704,0.6927330066651883,-1.206240525680768,0.3268133034723547
-0.5935752742640285,0.0792113734164277,-0.2473453381626467,-1.6319184706157481,-0.6439209162167846,0.36206941027214823,-1.005260200781489,-0.8320497923241821,0.35796648645633694,-0.2852115724793929,1.5289783572009146,0.30985805319435167,-0.7150738826235884,-0.5317715091908494,2.6464768383582777,1.2991147678012618,0.7945124291035353,-0.5167110326499096,-0.04217613122455288,-0.8163125006977843,0.30527646040513345,0.5122442736515016,0.3582561786682201,-1.0030763814401766,-0.19509888245848667,0.3217849664792461,0.035753021702416676,0.5988254684942806,0.6908117269640112,-0.5447358761941969,-1.236355230998494,-1.8859466799100777,-1.4824029422152607,-1.6354576020443359,-0.12868031404878677,0.44340752843055176,0.7577685362786027,-1.0149059289394822
1.6847062931317278,-0.8754984077249564,1.3457079718471203,-0.7477376551440881,-0.6439209162167846,0.36206941027214823,-0.8870286979115227,-0.7111344478580933,-0.655491138918534,0.17115983290726755,0.6949901623640521,-0.43968791434591314,0.6522102445907456,-1.1635019296279825,1.121685547383641,-0.35867624489035876,-1.2586335510551052,-0.5167110326499096,-0.9885710532241613,0.5002993116101648,-3.2757193223247443,-0.45849317467946404,0.5238729684603414,1.1406528759263421,1.7447414345573222,1.6005500639311296,-0.11012534719163958,-0.38668018827892325,-0.6579970521158707,-0.7144894637714961,-1.4739597005507903,-2.3175158718621995,-1.9015713522648467,-1.9873362051167573,0.05743248768018408,0.47152887194209303,-1.206240525680768,-0.8829605840577356
-0.5935752742640285,1.142206531932559,-0.4198412099167266,0.612775710310261,1.5529857391110689,0.36206941027214823,-1.4260889132533936,-1.262431268450093,-0.1876586636912697,-0.2852115724793929,-0.31055820275417856,0.30985805319435167,0.6522102445907456,-0.21106340123827927,-0.08944008843825557,-0.35867624489035876,0.7945124291035353,-0.5167110326499096,-0.5771227724283501,0.5002993116101648,0.30527646040513345,0.5122442736515016,-0.7424708758502816,-0.7825825191122499,0.7748212760494178,-0.6464362889128529,-0.5423735976260254,-0.8398453014417928,1.0230864811853158,-0.39227477686979334,-0.8802996819549804,-0.68407807944912,0.22413174210812736,-0.8063984218796152,-0.36850481738444985,-0.8765268476543439,0.08008747106154226,-1.4845471688407965
-0.5935752742640285,1.142206531932559,-0.5858197112353846,0.612775710310261,1.5529857391110689,0.36206941027214823,-0.6315972450208995,-0.44990473019382676,0.6956359911544993,0.7497690457359503,1.3510065272158118,-1.3899976777061713,0.6522102445907456,-1.0355580462456502,2.321088663705294,-0.35867624489035876,0.7945124291035353,-0.5167110326499096,0.7981484792184559,0.5002993116101648,0.30527646040513345,0.5122442736515016,-0.7424708758502816,-1.9605738580198158,-0.09160912887578822,-0.2281461618915418,0.4378993909457462,-0.30454285847258755,-0.8588396990093216,0.47122908743147324,-0.7423298758908001,-0.68407807944912,-0.019266811596450106,-0.7382899631519464,-0.8217897228799259,-0.09642282544162534,0.08008747106154226,-0.5979012696856078
-0.5935752742640285,-0.8754984077249564,-1.2722330664140038,0.612775710310261,-0.6439209162167846,0.36206941027214823,0.21992733305433332,-0.35285346012580227,-0.5860971076109665,0.8733910799271684,-0.13899803247281048,-1.3089852630427066,-0.7150738826235884,-0.1433881535819903,3.9436586603843415,-0.35867624489035876,0.7945124291035353,-0.15069047771561817,-0.9885710532241613,0.12725189174463614,0.30527646040513345,0.5122442736515016,-0.7424708758502816,-1.3230762927243163,-0.33988132810020444,-1.0035656764492848,-0.5423735976260254,-0.7675718009236775,-0.17173790423303825,-0.37780483063475634,-1.7483779811655664,-1.2022618093339155,0.7489582364933436,-1.5165894920989365,0.8113809402704848,-0.9970107564502315,0.2721009183872125,-0.06980201590454116
1.1059647370404107,1.142206531932559,-0.7907813310420057,-1.0617089663079873,1.5529857391110689,-0.4314987491719853,-0.7483066893070529,-1.031375334140158,-1.4255958320561106,-0.5795261609574832,-0.5492777335492688,-0.1735252402771572,0.6522102445907456,-1.1635019296279825,-0.403105743590996,-0.35867624489035876,-1.2586335510551052,-0.5167110326499096,0.5034765641899749,0.5002993116101648,0.30527646040513345,-0.11378573009892734,-0.7424708758502816,0.3410691680918948,1.7447414345573222,1.6005500639311296,0.8337444675850396,1.335563785613043,1.0230864811853158,-0.5507879863407436,-0.406980507465878,-0.4568890675648682,-0.1695494127452022,-0.44925365973068554,-0.15794044938674512,1.633431151786506,-1.206240525680768,-0.9802810630935861
-0.5935752742640285,-0.8754984077249564,0.8802645966185839,0.612775710310261,-0.6439209162167846,0.36206941027214823,0.878745852530455,1.0947229829737473,0.9284429541507786,0.4000807021750144,0.049112073740712914,1.087224647270309,-0.7150738826235884,1.7245706975741337,-0.403105743590996,-0.35867624489035876,0.7945124291035353,1.9353176859251158,1.0115610777177464,0.5002993116101648,0.30527646040513345,0.5122442736515016,-0.7424708758502816,0.7027765675582666,0.3785911486116347,0.37790184484840544,-0.5423735976260254,0.23900469658504891,0.03397299725292058,0.6107078311624105,-0.6809732105180522,-0.8084936782800362,-0.36919002170560883,-0.775629309995357,-0.6098623067385263,0.09382617166195734,1.3664154678038525,1.087628695330184
-0.4407893086639241,-0.8754984077249564,-0.4776012546081745,0.612775710310261,-0.6439209162167846,0.36206941027214823,0.35268865596589305,0.5567243481984884,0.03157336438865899,-0.2075134391458896,-0.19492689283439013,0.18224637148482192,-0.7150738826235884,1.1542988269788839,-0.403105743590996,-0.35867624489035876,0.7945124291035353,1.7708799005310534,-0.9885710532241613,0.5002993116101648,0.30527646040513345,0.34697430537130036,1.3468541764076536,0.14066956104977157,-0.19509888245848667,-0.07731475130736554,-0.5423735976260254,0.4526261344914356,0.3679429686939416,-0.7144894637714961,-1.3455610822104904,-1.2523368345526822,-0.05894094953892148,-1.3449589220954248,2.1059600496257014,-0.000729073072251063,1.28015182599887,0.5005533681682226
1.6847062931317278,1.1239048917753565,1.020570873397556,-1.6319184706157481,-0.6239938226787181,0.33373335976992324,-1.4099544694347246,-1.262431268450093,0.7741019107912488,-0.3062298377497594,-0.972986227309673,2.2127510386937814,0.6522102445907456,-1.1417488619144132,1.1078548920812896,-0.35867624489035876,0.7945124291035353,-0.4944698484309207,-0.9885710532241613,0.5002993116101648,-3.2757193223247443,0.489890531769259,1.3279029043329844,1.1309305025773804,-0.20389656609068407,-0.13552709632247995,0.5549869371057006,0.5499826116870135,1.0103471689771364,-0.3878907930148187,-0.7453716702320976,-1.29318470200339,-1.1971095498967863,-1.0708803354283543,-0.6474986194823052,0.39938490668034826,0.09175513943951086,-1.4755442182631031
1.6847062931317278,-0.8754984077249564,0.38644152906706614,-1.1717521005099474,1.1026158982508554,-2.7619013692660572,-0.011963965406158239,-1.075966171359357,-0.3518525867479081,-2.127385595540862,-0.972986227309673,1.82265453232879,0.6522102445907456,0.9888940697992563,0.2220642056154299,-0.35867624489035876,0.7945124291035353,1.4326473603147156,-0.9885710532241613,0.5002993116101648,-2.54160870507211,-1.9521936143308383,-0.7424708758502816,0.06878824724308273,-0.966183652865148,-0.13552709632247995,0.33002604120470835,-0.38107332748908934,-0.09346760735141962,-0.008034637578118425,-1.2151736993703601,-1.2307507219338703,-0.24703131241559806,-1.2688600614442478,-0.43625731069362106,-0.1304236642358717,1.1027159001495241,-0.5937342011424125
-0.5935752742640285,1.142206531932559,-0.5858197112353846,0.612775710310261,1.5529857391110689,0.36206941027214823,-0.8739817789139396,-0.6977913652910979,0.4765993854530836,0.43401583551972217,0.8964340311919193,-0.8714035180765878,0.6522102445907456,-0.7087660453713273,1.4899879510754017,-0.35867624489035876,0.7945124291035353,-0.5167110326499096,0.253053799960016,0.5002993116101648,0.30527646040513345,0.5122442736515016,-0.7424708758502816,-1.6684593037151343,0.17272256678033093,-0.46471213875795464,0.13883645432426872,-0.5167122854908259,-0.2846992539340659,0.20779022453045481,-0.7423298758908001,-0.68407807944912,-0.019266811596450106,-0.7382899631519464,-0.6613305225160235,-0.4056204119301615,0.08008747106154226,-0.8684003341666923
-0.5935752742640285,0.9938031705948618,-1.214640440004324,-1.6319184706157481,-0.6439209162167846,0.36206941027214823,-0.47128507088286475,-1.262431268450093,-0.7669291357947062,0.7881751870121763,1.5289783572009146,0.30985805319435167,-0.7150738826235884,0.03560568590174467,-0.403105743590996,-0.35867624489035876,-1.2586335510551052,-0.5167110326499096,1.0115610777177464,0.5002993116101648,0.30527646040513345,0.5122442736515016,1.3468541764076536,1.1406528759263421,0.7034830893192028,-0.9397209385345896,-0.5423735976260254,-0.9999949952580068,0.9714365542775318,0.526971131936353,-0.7669950152372795,-0.7064781510412155,-0.019266811596450106,-0.762641735081095,-0.7529987390868758,-1.0820997708263005,-1.206240525680768,-0.9517707124061949
-0.5935752742640285,-0.8754984077249564,-1.3926743003247537,-1.0069878681374105,-0.03229452569603519,-0.5076548301035095,-0.04148231792684198,1.2130725573252028,0.5576343151737351,-1.1212552501472484,-0.972986227309673,0.30985805319435167,-0.7150738826235884,0.9008776052475843,-0.403105743590996,2.788029634651948,0.7945124291035353,1.9353176859251158,1.0115610777177464,0.5002993116101648,0.30527646040513345,0.5122442736515016,-0.16079557469990458,0.3671990569962037,-0.4651280000829553,-1.0035656764492848,-0.5423735976260254,-0.9999949952580068,1.0230864811853158,-0.1231577361736993,-0.5937053492116361,-0.7688667717887944,-0.4461665422676243,-0.7110099592157186,-0.17205235958347798,-1.1099153216713604,2.6527434645461625,0.6387180773204233
-0.5935752742640285,-0.8754984077249564,0.259840262047028,0.612775710310261,-0.6439209162167846,0.36206941027214823,1.2420774405755364,1.422556335673787,1.5078005688358496,0.8176684978638271,-0.972986227309673,0.30985805319435167,-0.7150738826235884,1.2347133014314717,-0.403105743590996,-0.35867624489035876,0.7945124291035353,1.9353176859251158,1.0115610777177464,0.5002993116101648,0.30527646040513345,0.5122442736515016,-0.6419855313366873,1.0891019282321217,0.7281733113523886,0.7325114838043248,-0.5423735976260254,0.48215894664056513,0.3546234389907864,0.42875874103100103,-0.4231090159438563,-0.6694306963751623,-0.5539652509937523,-0.5727455641977729,-0.6087652495440774,0.3664381027449474,1.3664154678038525,1.4692354607826401
1.6847062931317278,-0.8754984077249564,0.39732092090242443,-1.6319184706157481,-0.6439209162167846,0.36206941027214823,-1.2317703437234764,-1.0637016896109481,-0.02232548713228734,-0.2852115724793929,0.6949901623640521,-1.1772803721966376,-0.4163421014961002,-1.1635019296279825,1.121685547383641,-0.35867624489035876,0.34592976558857536,-0.5167110326499096,-0.9885710532241613,-1.452785703470631,-3.2757193223247443,0.5122442736515016,-0.2859836090179546,1.1406528759263421,0.986734784540767,0.9221653428430957,0.31522955196929503,-0.39157065851387185,0.7162293061987144,-0.7144894637714961,-1.6018400200562568,-1.5977380132805248,-0.2777808213953191,-1.6592182492796814,0.05743248768018408,0.32018779202460007,-0.20095656794436567,-1.2676893090388166
1.6847062931317278,1.142206531932559,0.35986156262947067,0.612775710310261,-0.2659231061472107,0.36206941027214823,-0.9670065775507217,-0.039851158639164774,-0.2988993398027293,-0.48455971696627054,-0.8294909584015974,-1.2656248534238723,-0.7150738826235884,-0.544549752107709,0.8593313106190581,-0.35867624489035876,0.7945124291035353,-0.5167110326499096,1.0115610777177464,0.5002993116101648,-3.2757193223247443,0.5122442736515016,1.3468541764076536,1.1406528759263421,0.13866832150458608,1.6005500639311296,3.847068541300878,2.1140833792367264,-1.3025560028728327,0.9415987918052746,-1.806077895982347,-1.345585874548891,0.5723376386004296,-1.622978802756395,-0.6917401529453329,3.0500936711726037,0.08008747106154226,-0.5613287380119718
1.6847062931317278,-0.8754984077249564,-0.3845110442633132,-1.6319184706157481,1.0048617571364966,0.36206941027214823,-0.5367001286437503,-1.0354933559969979,-0.4233774440414253,-0.2852115724793929,0.06908041690743738,0.30985805319435167,-0.7150738826235884,-1.1635019296279825,-0.403105743590996,-0.35867624489035876,0.7945124291035353,0.0950654130547337,-0.9885710532241613,0.5002993116101648,0.30527646040513345,0.5122442736515016,0.8255715973296882,1.1406528759263421,0.04884163801228514,-0.13552709632247995,-0.5423735976260254,-0.8057558551164076,1.0230864811853158,-0.2716868605783103,-0.4906495294190638,-0.9126459257562595,-0.9072673687414168,-0.7382899631519464,-0.6931704484857408,-0.6373768462606769,0.4010238303692387,-0.8644523438057685
